customer_id,sale_amount
1,2051
2,5334
3,8333
4,8485
5,1781
6,3758
7,9947
8,9218
9,6991
10,9480
11,9075
12,8142
13,9709
14,7326
15,4031
16,141
17,1422
18,1914
19,4806
20,1706
21,7467
22,288
23,8132
24,5248
25,3544
26,6608
27,4220
28,5796
29,5943
30,6266
31,8514
32,1350
33,5677
34,1569
35,9233
36,8915
37,4886
38,4812
39,7594
40,2408
41,9560
42,5162
43,505
44,6143
45,6056
46,7654
47,7017
48,1585
49,6633
50,9696
51,9184
52,8266
53,2007
54,7070
55,8396
56,9933
57,8145
58,6623
59,8695
60,4337
61,6980
62,9340
63,7951
64,8504
65,8586
66,515
67,9529
68,3778
69,2213
70,900
71,8672
72,1780
73,7135
74,7801
75,2433
76,7998
77,3850
78,2099
79,7584
80,7790
81,9039
82,4212
83,9271
84,6687
85,5140
86,9080
87,8323
88,7946
89,6685
90,7195
91,3418
92,4923
93,4507
94,251
95,642
96,2555
97,9885
98,7607
99,8667
100,8120
101,5997
102,3374
103,4361
104,8055
105,7745
106,8476
107,8245
108,7214
109,9239
110,650
111,4852
112,5288
113,7598
114,1711
115,7283
116,8540
117,4340
118,7520
119,3099
120,7075
121,7950
122,1153
123,4465
124,8266
125,6164
126,1683
127,3288
128,6838
129,2497
130,7462
131,329
132,1610
133,103
134,7492
135,9613
136,9055
137,1460
138,3357
139,4160
140,2079
141,831
142,9053
143,4499
144,5953
145,2635
146,184
147,5235
148,9652
149,9509
150,8160
151,2309
152,9042
153,3752
154,7849
155,9732
156,2249
157,9899
158,8369
159,4862
160,1483
161,6944
162,2723
163,2317
164,9701
165,5113
166,8418
167,6850
168,6496
169,2533
170,8620
171,3322
172,6260
173,331
174,1838
175,6479
176,1303
177,941
178,5785
179,5890
180,522
181,519
182,8462
183,7899
184,5470
185,5075
186,7475
187,5441
188,2088
189,8252
190,7744
191,9465
192,2897
193,2621
194,9787
195,8613
196,3491
197,7204
198,5611
199,7617
200,9901
201,3922
202,1238
203,9067
204,6639
205,659
206,3302
207,2940
208,841
209,9025
210,889
211,7502
212,3188
213,8027
214,435
215,2215
216,8782
217,3683
218,8568
219,2356
220,2727
221,3147
222,6489
223,4569
224,7069
225,8832
226,6884
227,1388
228,6378
229,5095
230,3167
231,5737
232,2962
233,4416
234,7700
235,8252
236,6911
237,4813
238,7762
239,2999
240,5437
241,8608
242,7997
243,7384
244,2067
245,8738
246,8696
247,4586
248,1649
249,3611
250,3890
251,180
252,1625
253,7540
254,5513
255,6784
256,9030
257,3089
258,545
259,5866
260,2668
261,5862
262,9307
263,9477
264,8920
265,3647
266,1897
267,4695
268,9206
269,9406
270,3613
271,9436
272,4928
273,9321
274,4492
275,9205
276,2272
277,1762
278,4420
279,1679
280,7244
281,2906
282,1837
283,1090
284,5936
285,3139
286,1841
287,8400
288,5237
289,4634
290,9735
291,1147
292,4868
293,5254
294,2744
295,4373
296,4296
297,1130
298,327
299,6844
300,4311
301,6891
302,352
303,1038
304,1680
305,3953
306,476
307,5177
308,2115
309,1637
310,9294
311,9545
312,5839
313,5260
314,7571
315,722
316,6722
317,5278
318,3632
319,9833
320,7680
321,7081
322,2056
323,6230
324,8312
325,4221
326,6474
327,4882
328,5937
329,1044
330,7255
331,487
332,4710
333,5515
334,4844
335,2104
336,4965
337,6926
338,5324
339,9694
340,432
341,8982
342,5711
343,3334
344,9289
345,1019
346,1944
347,2756
348,2110
349,2037
350,711
351,2159
352,8662
353,5900
354,9880
355,5051
356,571
357,7059
358,9572
359,2169
360,5932
361,6904
362,6393
363,6279
364,4020
365,6997
366,3697
367,2151
368,3105
369,8995
370,565
371,8969
372,9191
373,6602
374,4277
375,2519
376,3839
377,482
378,371
379,4635
380,8966
381,7945
382,6946
383,4422
384,5256
385,2371
386,9826
387,1565
388,3037
389,9160
390,722
391,8522
392,4445
393,5682
394,8627
395,5301
396,1021
397,286
398,4078
399,7809
400,1055
401,3734
402,8433
403,2571
404,6638
405,5997
406,3909
407,9301
408,4618
409,5730
410,3392
411,6239
412,5983
413,7624
414,7596
415,9091
416,7867
417,9612
418,5214
419,3178
420,2693
421,6826
422,2619
423,8043
424,187
425,5907
426,8672
427,6790
428,714
429,2927
430,1479
431,4999
432,6207
433,9057
434,4442
435,2360
436,1750
437,400
438,8839
439,3657
440,9641
441,5125
442,9481
443,831
444,6543
445,6335
446,8930
447,8563
448,2689
449,8435
450,1819
451,1501
452,2424
453,6476
454,5565
455,9070
456,4383
457,5185
458,781
459,9811
460,3209
461,2757
462,4899
463,4938
464,8966
465,4778
466,5952
467,2295
468,6467
469,3191
470,254
471,7964
472,7024
473,5927
474,8904
475,2899
476,8557
477,583
478,3042
479,5255
480,8932
481,2471
482,2785
483,565
484,2011
485,8537
486,132
487,6236
488,1142
489,6129
490,5058
491,3642
492,8818
493,2626
494,9922
495,4165
496,2172
497,1841
498,5445
499,8039
500,1859
501,1298
502,6345
503,4401
504,5039
505,2025
506,5798
507,7872
508,8271
509,2081
510,9202
511,8602
512,4147
513,5976
514,7570
515,9689
516,5754
517,1452
518,1231
519,1539
520,8207
521,5212
522,4446
523,3803
524,2858
525,5424
526,7187
527,8394
528,9300
529,5534
530,5387
531,8180
532,6703
533,5239
534,2995
535,3319
536,7685
537,3707
538,5810
539,5836
540,6812
541,9764
542,6352
543,3587
544,2629
545,7336
546,9382
547,2190
548,7166
549,4484
550,5489
551,2030
552,5343
553,4465
554,7381
555,4419
556,2481
557,9031
558,4493
559,3938
560,5535
561,2450
562,9296
563,2119
564,4489
565,4908
566,9510
567,7604
568,6673
569,6644
570,455
571,9106
572,5493
573,6811
574,5618
575,1656
576,8204
577,9052
578,8565
579,3539
580,7053
581,5869
582,5514
583,1083
584,6649
585,2933
586,272
587,4475
588,9257
589,4231
590,2239
591,5572
592,9585
593,6893
594,7897
595,8012
596,5650
597,292
598,714
599,3702
600,2079
601,4501
602,5451
603,391
604,3527
605,7589
606,8536
607,4636
608,6152
609,1394
610,9205
611,3174
612,8930
613,286
614,1666
615,2653
616,5506
617,3694
618,7693
619,3481
620,2898
621,5169
622,1480
623,9399
624,6932
625,8649
626,9751
627,9261
628,2283
629,1870
630,563
631,4538
632,6973
633,828
634,3135
635,9115
636,8511
637,3890
638,7813
639,5691
640,5728
641,5792
642,5307
643,7959
644,4283
645,8100
646,5458
647,4197
648,701
649,8128
650,2282
651,456
652,7975
653,6099
654,4259
655,7736
656,3356
657,6121
658,4583
659,8493
660,6652
661,5081
662,3676
663,9631
664,987
665,6831
666,1157
667,8438
668,8820
669,4992
670,8006
671,1586
672,8449
673,8659
674,9862
675,5426
676,8115
677,5309
678,5664
679,5999
680,3068
681,1379
682,9308
683,2956
684,4318
685,8750
686,8628
687,6372
688,1842
689,3619
690,573
691,7699
692,4046
693,3535
694,7128
695,8423
696,8727
697,2172
698,8516
699,3561
700,4534
701,8104
702,2339
703,9256
704,5437
705,6059
706,6522
707,8827
708,8932
709,3197
710,2590
711,9132
712,2608
713,2458
714,2250
715,9487
716,1100
717,665
718,4693
719,5004
720,3032
721,2380
722,4483
723,8952
724,5943
725,2196
726,7592
727,2857
728,3156
729,978
730,3141
731,2621
732,6881
733,8123
734,9046
735,575
736,5025
737,3719
738,8530
739,6066
740,8992
741,1607
742,7729
743,6764
744,2639
745,5416
746,2486
747,8426
748,759
749,7814
750,223
751,1053
752,1650
753,5883
754,9701
755,4314
756,5486
757,560
758,2783
759,8345
760,3234
761,1575
762,7027
763,7196
764,3367
765,2896
766,4050
767,3780
768,8202
769,3585
770,6200
771,2697
772,8879
773,7013
774,7033
775,7626
776,6050
777,3527
778,5157
779,7316
780,9258
781,7993
782,1603
783,3557
784,3302
785,1998
786,1391
787,5898
788,2689
789,1986
790,2920
791,3435
792,7203
793,3201
794,7110
795,599
796,9060
797,2473
798,4502
799,4804
800,6083
801,6625
802,256
803,7908
804,8636
805,7639
806,4574
807,5902
808,8098
809,2360
810,1860
811,2459
812,9269
813,3746
814,5981
815,7571
816,6283
817,9816
818,890
819,9278
820,5445
821,4275
822,1391
823,7652
824,7776
825,5767
826,9047
827,8708
828,8788
829,1710
830,4623
831,4962
832,709
833,1419
834,9769
835,786
836,1250
837,8744
838,7512
839,9346
840,1882
841,6428
842,9520
843,7586
844,7941
845,8960
846,459
847,2608
848,5316
849,2300
850,535
851,1822
852,6519
853,1605
854,2855
855,8861
856,4277
857,398
858,856
859,1265
860,9962
861,8633
862,2060
863,5587
864,2610
865,5130
866,7813
867,4065
868,5379
869,7778
870,4073
871,6654
872,4006
873,8522
874,5221
875,6962
876,776
877,8111
878,4183
879,9859
880,3119
881,7284
882,3190
883,1963
884,9739
885,7903
886,9775
887,6352
888,8010
889,8782
890,367
891,8274
892,3680
893,6403
894,657
895,8775
896,7725
897,2398
898,4927
899,4049
900,8641
901,5242
902,4479
903,7173
904,9608
905,530
906,5891
907,9966
908,8619
909,2825
910,8789
911,2101
912,9320
913,6137
914,3652
915,9710
916,1344
917,9187
918,2886
919,7592
920,6742
921,1919
922,1831
923,6914
924,6668
925,194
926,4102
927,3321
928,937
929,4403
930,2868
931,8697
932,4464
933,6231
934,1485
935,4283
936,2846
937,695
938,3680
939,9313
940,1995
941,7430
942,9106
943,682
944,5927
945,7750
946,8545
947,667
948,3213
949,7988
950,870
951,4872
952,1592
953,2858
954,1173
955,4673
956,3452
957,219
958,4800
959,814
960,7823
961,4349
962,1268
963,9054
964,2845
965,9069
966,8565
967,9663
968,8950
969,3999
970,8214
971,972
972,8974
973,5867
974,3840
975,8894
976,6538
977,7702
978,1532
979,4069
980,615
981,347
982,6874
983,6421
984,9207
985,1564
986,7327
987,3024
988,2911
989,3981
990,2796
991,9261
992,3366
993,8371
994,5622
995,6650
996,4669
997,2867
998,7769
999,1614
1000,410
1001,5741
1002,1317
1003,2234
1004,9387
1005,8567
1006,4084
1007,7871
1008,2540
1009,5382
1010,2978
1011,8209
1012,9113
1013,1990
1014,2372
1015,124
1016,6318
1017,1567
1018,8259
1019,6958
1020,9385
1021,5647
1022,8493
1023,5932
1024,1463
1025,9787
1026,444
1027,4233
1028,3999
1029,1993
1030,6280
1031,4110
1032,5076
1033,9842
1034,9541
1035,9380
1036,3043
1037,5127
1038,8804
1039,271
1040,567
1041,5712
1042,2975
1043,7606
1044,9765
1045,1690
1046,4075
1047,7824
1048,2707
1049,8334
1050,7933
1051,1953
1052,1206
1053,2183
1054,165
1055,8741
1056,5196
1057,2518
1058,6779
1059,4229
1060,432
1061,7379
1062,4941
1063,2566
1064,6344
1065,182
1066,7375
1067,9721
1068,2090
1069,1676
1070,3826
1071,5420
1072,7371
1073,1218
1074,6411
1075,4584
1076,7288
1077,7374
1078,4972
1079,4210
1080,7406
1081,6824
1082,7792
1083,4956
1084,5230
1085,2855
1086,1765
1087,9077
1088,601
1089,3451
1090,3595
1091,4924
1092,6708
1093,3783
1094,5431
1095,2817
1096,1763
1097,3865
1098,6410
1099,2204
1100,9955
1101,5592
1102,8889
1103,6565
1104,3502
1105,9096
1106,5062
1107,8995
1108,8918
1109,6293
1110,4419
1111,5795
1112,7508
1113,4074
1114,2977
1115,8434
1116,5048
1117,713
1118,3301
1119,5020
1120,2882
1121,7153
1122,9610
1123,2148
1124,7388
1125,6246
1126,8241
1127,1069
1128,5131
1129,692
1130,9875
1131,8518
1132,5628
1133,9304
1134,4981
1135,6883
1136,3799
1137,8863
1138,8470
1139,4778
1140,8390
1141,5837
1142,5846
1143,6482
1144,8713
1145,3713
1146,321
1147,7002
1148,8712
1149,7133
1150,6447
1151,6067
1152,4097
1153,9262
1154,9678
1155,6291
1156,5936
1157,577
1158,1852
1159,3968
1160,3627
1161,2964
1162,8136
1163,6548
1164,7847
1165,2677
1166,7234
1167,8505
1168,3204
1169,6227
1170,609
1171,9034
1172,1485
1173,1762
1174,2015
1175,3661
1176,6613
1177,2117
1178,7593
1179,9954
1180,5785
1181,8552
1182,1713
1183,6921
1184,3950
1185,5362
1186,5188
1187,156
1188,1684
1189,1186
1190,5699
1191,2568
1192,7651
1193,6880
1194,1730
1195,1828
1196,3224
1197,9184
1198,8057
1199,5685
1200,9839
1201,3067
1202,2141
1203,1518
1204,5775
1205,3978
1206,2547
1207,7364
1208,7739
1209,1731
1210,9123
1211,7040
1212,2245
1213,1593
1214,437
1215,7698
1216,7031
1217,1127
1218,7338
1219,8257
1220,1105
1221,7453
1222,7891
1223,5859
1224,1714
1225,870
1226,6778
1227,3072
1228,7114
1229,1225
1230,4290
1231,9029
1232,8684
1233,4164
1234,7056
1235,1885
1236,5835
1237,2867
1238,279
1239,2420
1240,9971
1241,5138
1242,4329
1243,7221
1244,1776
1245,3809
1246,6078
1247,1342
1248,6825
1249,1456
1250,9567
1251,4428
1252,5329
1253,7094
1254,9576
1255,5191
1256,3932
1257,8681
1258,3070
1259,8743
1260,6965
1261,4246
1262,657
1263,9201
1264,4224
1265,8739
1266,7638
1267,4853
1268,6873
1269,4369
1270,3506
1271,9775
1272,7337
1273,2770
1274,5962
1275,8573
1276,5162
1277,4449
1278,5200
1279,1907
1280,4143
1281,131
1282,3345
1283,9944
1284,9847
1285,5631
1286,5313
1287,2111
1288,5612
1289,6751
1290,7051
1291,7665
1292,6265
1293,1844
1294,6205
1295,7154
1296,7520
1297,9674
1298,5415
1299,9429
1300,6283
1301,5969
1302,336
1303,5936
1304,6429
1305,5846
1306,4213
1307,7961
1308,264
1309,6001
1310,6872
1311,7734
1312,821
1313,9982
1314,479
1315,4916
1316,8953
1317,9024
1318,995
1319,2003
1320,5520
1321,7173
1322,4386
1323,6390
1324,5015
1325,4316
1326,136
1327,3479
1328,3676
1329,1044
1330,1376
1331,3849
1332,2992
1333,914
1334,6114
1335,8942
1336,7573
1337,1789
1338,8890
1339,8556
1340,990
1341,4836
1342,2179
1343,1871
1344,6954
1345,3858
1346,2009
1347,1194
1348,1818
1349,1276
1350,9754
1351,6459
1352,702
1353,2343
1354,7322
1355,9305
1356,492
1357,4803
1358,6800
1359,6178
1360,9221
1361,7328
1362,3215
1363,936
1364,6893
1365,5205
1366,2550
1367,4482
1368,8884
1369,2803
1370,6607
1371,899
1372,1222
1373,7528
1374,9506
1375,6859
1376,7931
1377,7326
1378,2507
1379,113
1380,4809
1381,1648
1382,2209
1383,7141
1384,3240
1385,4519
1386,7669
1387,8682
1388,2569
1389,3467
1390,5365
1391,2708
1392,4935
1393,608
1394,1788
1395,3267
1396,7740
1397,6426
1398,1362
1399,5988
1400,6504
1401,1323
1402,264
1403,6113
1404,9553
1405,1619
1406,4629
1407,9151
1408,3685
1409,3285
1410,5673
1411,4296
1412,1620
1413,5074
1414,8931
1415,9312
1416,1922
1417,9004
1418,1298
1419,3788
1420,7701
1421,9246
1422,5797
1423,2355
1424,2898
1425,2552
1426,3281
1427,9148
1428,4229
1429,2060
1430,6495
1431,4218
1432,9733
1433,7815
1434,6049
1435,3230
1436,3174
1437,3016
1438,5992
1439,7861
1440,1158
1441,9852
1442,2316
1443,4801
1444,8854
1445,906
1446,9199
1447,5754
1448,3808
1449,4622
1450,7861
1451,657
1452,5103
1453,2587
1454,4494
1455,7542
1456,6532
1457,1793
1458,3505
1459,5128
1460,2124
1461,4334
1462,6889
1463,1277
1464,7944
1465,5280
1466,4752
1467,4992
1468,2245
1469,875
1470,1213
1471,4869
1472,7227
1473,1575
1474,3401
1475,3418
1476,8951
1477,285
1478,592
1479,5263
1480,3410
1481,554
1482,5316
1483,1636
1484,4245
1485,8274
1486,8633
1487,6848
1488,5577
1489,8957
1490,3686
1491,800
1492,5963
1493,9534
1494,8165
1495,8105
1496,7127
1497,1120
1498,5707
1499,6048
1500,3407
1501,8974
1502,4261
1503,9190
1504,8698
1505,5742
1506,6695
1507,8903
1508,1425
1509,440
1510,7200
1511,7730
1512,957
1513,9904
1514,747
1515,7840
1516,2487
1517,7850
1518,6709
1519,2070
1520,5931
1521,2093
1522,4428
1523,2030
1524,4080
1525,7025
1526,3795
1527,3501
1528,4659
1529,3596
1530,7639
1531,246
1532,2086
1533,729
1534,8742
1535,7876
1536,5852
1537,2929
1538,6551
1539,2267
1540,3359
1541,9965
1542,5040
1543,3038
1544,5142
1545,7158
1546,4788
1547,7024
1548,7245
1549,9212
1550,7186
1551,3392
1552,1565
1553,6596
1554,6258
1555,6129
1556,3624
1557,9006
1558,9877
1559,9485
1560,8123
1561,4389
1562,5299
1563,4012
1564,5518
1565,9109
1566,1556
1567,3287
1568,4490
1569,3157
1570,1397
1571,7636
1572,2980
1573,3714
1574,3794
1575,5158
1576,6756
1577,7743
1578,7549
1579,803
1580,4591
1581,4854
1582,1603
1583,857
1584,4620
1585,7708
1586,5607
1587,1202
1588,6450
1589,8706
1590,8473
1591,7169
1592,5251
1593,6963
1594,1599
1595,2060
1596,4689
1597,2052
1598,1003
1599,8645
1600,2221
1601,4149
1602,5435
1603,9555
1604,5303
1605,3800
1606,4446
1607,4526
1608,321
1609,4741
1610,2888
1611,9369
1612,4585
1613,7981
1614,4661
1615,7633
1616,8583
1617,1318
1618,9103
1619,2211
1620,4456
1621,4464
1622,6614
1623,229
1624,3038
1625,6503
1626,1621
1627,6166
1628,6717
1629,9252
1630,224
1631,9260
1632,107
1633,1238
1634,996
1635,360
1636,803
1637,5236
1638,2247
1639,405
1640,444
1641,8120
1642,941
1643,389
1644,9821
1645,1873
1646,7369
1647,933
1648,3356
1649,9838
1650,2653
1651,8173
1652,3390
1653,3685
1654,735
1655,6217
1656,7521
1657,638
1658,3367
1659,692
1660,5208
1661,8705
1662,8350
1663,7922
1664,7454
1665,8768
1666,1679
1667,6989
1668,6650
1669,1371
1670,1822
1671,5107
1672,6665
1673,4004
1674,5924
1675,1470
1676,1413
1677,182
1678,3143
1679,565
1680,4119
1681,8483
1682,4036
1683,737
1684,915
1685,5103
1686,191
1687,3477
1688,156
1689,214
1690,5168
1691,2830
1692,6490
1693,3325
1694,7359
1695,1516
1696,7159
1697,8169
1698,1715
1699,5624
1700,5858
1701,3021
1702,9792
1703,4111
1704,835
1705,1438
1706,2365
1707,6959
1708,7315
1709,792
1710,8475
1711,1633
1712,2553
1713,9967
1714,7460
1715,7874
1716,433
1717,5657
1718,8273
1719,9988
1720,2938
1721,9677
1722,2877
1723,3438
1724,9842
1725,8428
1726,1206
1727,3217
1728,3321
1729,8149
1730,1106
1731,2211
1732,8073
1733,1750
1734,8491
1735,6973
1736,2115
1737,6126
1738,9243
1739,2065
1740,2317
1741,9667
1742,9838
1743,9914
1744,1839
1745,4884
1746,8111
1747,479
1748,6696
1749,7813
1750,5683
1751,5245
1752,4356
1753,9027
1754,5245
1755,1026
1756,7031
1757,6576
1758,3865
1759,5503
1760,1679
1761,6566
1762,8264
1763,6897
1764,8590
1765,2501
1766,5286
1767,9631
1768,7699
1769,3310
1770,4274
1771,9091
1772,1592
1773,2363
1774,4461
1775,2044
1776,7557
1777,2738
1778,6261
1779,4451
1780,3773
1781,6763
1782,6580
1783,2581
1784,8569
1785,2884
1786,9480
1787,507
1788,2948
1789,343
1790,8742
1791,2297
1792,5181
1793,2628
1794,2635
1795,542
1796,4918
1797,2328
1798,6710
1799,2772
1800,8645
1801,3764
1802,7752
1803,513
1804,9830
1805,6077
1806,823
1807,6360
1808,1086
1809,2067
1810,8987
1811,8634
1812,9733
1813,9190
1814,7468
1815,279
1816,4992
1817,2101
1818,5225
1819,2073
1820,7678
1821,8881
1822,993
1823,1824
1824,3922
1825,3885
1826,2446
1827,5718
1828,3016
1829,6393
1830,9791
1831,6071
1832,7261
1833,3288
1834,7810
1835,8717
1836,2397
1837,7764
1838,6586
1839,638
1840,8478
1841,2287
1842,1664
1843,9736
1844,6699
1845,1889
1846,2964
1847,1637
1848,3219
1849,8760
1850,5760
1851,6678
1852,1097
1853,7571
1854,785
1855,425
1856,2827
1857,2198
1858,3594
1859,9007
1860,6728
1861,9602
1862,6532
1863,9953
1864,5578
1865,3452
1866,4362
1867,3728
1868,2172
1869,8139
1870,4943
1871,6578
1872,5318
1873,5352
1874,657
1875,1176
1876,3399
1877,6029
1878,2052
1879,956
1880,965
1881,7241
1882,3273
1883,8038
1884,1263
1885,7874
1886,1289
1887,2130
1888,2869
1889,4524
1890,3809
1891,3957
1892,6095
1893,1291
1894,6944
1895,5650
1896,9174
1897,6115
1898,679
1899,9840
1900,9212
1901,6758
1902,9035
1903,361
1904,1826
1905,5421
1906,4256
1907,3667
1908,1874
1909,6439
1910,1349
1911,784
1912,3285
1913,510
1914,2470
1915,2999
1916,5847
1917,128
1918,2663
1919,1881
1920,5907
1921,2694
1922,130
1923,6127
1924,2030
1925,1478
1926,4563
1927,8812
1928,2347
1929,9949
1930,4206
1931,2013
1932,8459
1933,3561
1934,4833
1935,2000
1936,9396
1937,388
1938,8762
1939,2283
1940,3608
1941,8441
1942,6697
1943,1178
1944,3820
1945,6243
1946,2263
1947,1965
1948,2242
1949,3127
1950,2966
1951,3640
1952,8654
1953,6285
1954,3454
1955,8110
1956,8821
1957,7702
1958,8054
1959,6582
1960,855
1961,4836
1962,295
1963,5991
1964,5095
1965,2907
1966,4788
1967,6448
1968,8613
1969,5425
1970,4800
1971,2595
1972,4293
1973,2399
1974,7427
1975,7152
1976,4506
1977,1254
1978,2666
1979,8131
1980,5186
1981,4279
1982,7384
1983,6717
1984,6671
1985,747
1986,4620
1987,7751
1988,1545
1989,3768
1990,3828
1991,6510
1992,942
1993,6023
1994,5679
1995,446
1996,4763
1997,9512
1998,6556
1999,6072
2000,7528
2001,276
2002,9452
2003,6867
2004,887
2005,5633
2006,7098
2007,4440
2008,3705
2009,3840
2010,3431
2011,8436
2012,7728
2013,9956
2014,2831
2015,6468
2016,9009
2017,8032
2018,7712
2019,1890
2020,266
2021,9935
2022,6674
2023,4709
2024,4271
2025,4791
2026,6645
2027,9895
2028,5099
2029,834
2030,4098
2031,7629
2032,3025
2033,536
2034,5234
2035,6934
2036,8937
2037,4100
2038,2188
2039,6995
2040,6473
2041,167
2042,7921
2043,5654
2044,6468
2045,8354
2046,9810
2047,6355
2048,5898
2049,1407
2050,6801
2051,5048
2052,9049
2053,1052
2054,8284
2055,9311
2056,8685
2057,2966
2058,828
2059,4177
2060,9482
2061,7157
2062,2900
2063,3060
2064,655
2065,9614
2066,8828
2067,7333
2068,6814
2069,9498
2070,5543
2071,4167
2072,8255
2073,1548
2074,1941
2075,209
2076,525
2077,9418
2078,8580
2079,9906
2080,8288
2081,6778
2082,466
2083,582
2084,2984
2085,8446
2086,2193
2087,2838
2088,304
2089,8181
2090,376
2091,1533
2092,7052
2093,2472
2094,8641
2095,4378
2096,5219
2097,3152
2098,8263
2099,8561
2100,2450
2101,938
2102,6315
2103,2611
2104,4630
2105,4465
2106,3660
2107,1127
2108,7751
2109,7293
2110,4575
2111,7063
2112,6406
2113,4546
2114,3541
2115,2813
2116,3502
2117,1951
2118,7176
2119,7874
2120,7300
2121,7434
2122,9867
2123,2693
2124,1487
2125,4794
2126,1602
2127,6200
2128,3636
2129,4849
2130,5006
2131,7342
2132,9998
2133,6557
2134,7296
2135,2283
2136,5849
2137,2922
2138,1133
2139,8812
2140,9793
2141,9528
2142,679
2143,3540
2144,3646
2145,2857
2146,1292
2147,2184
2148,7179
2149,6590
2150,8457
2151,6927
2152,9770
2153,2674
2154,2825
2155,7726
2156,1568
2157,3704
2158,8722
2159,3188
2160,2045
2161,2916
2162,9363
2163,4574
2164,8109
2165,1587
2166,6185
2167,550
2168,2181
2169,6227
2170,2548
2171,3065
2172,1017
2173,8143
2174,4918
2175,2903
2176,5609
2177,6412
2178,5362
2179,8224
2180,9423
2181,8307
2182,3203
2183,7793
2184,1697
2185,8087
2186,6722
2187,3657
2188,4961
2189,5445
2190,2564
2191,7143
2192,666
2193,7099
2194,4338
2195,5253
2196,162
2197,1258
2198,1372
2199,4897
2200,6240
2201,4801
2202,6830
2203,635
2204,9483
2205,7147
2206,6011
2207,8835
2208,4758
2209,5492
2210,853
2211,558
2212,7609
2213,4497
2214,8643
2215,5399
2216,1988
2217,4757
2218,9001
2219,2016
2220,112
2221,1926
2222,3492
2223,4001
2224,1148
2225,6209
2226,7120
2227,796
2228,4324
2229,576
2230,9180
2231,3347
2232,7706
2233,8480
2234,1274
2235,5533
2236,6996
2237,1156
2238,352
2239,1253
2240,1120
2241,1979
2242,9529
2243,5627
2244,4781
2245,4408
2246,5156
2247,6307
2248,1158
2249,6105
2250,1770
2251,5913
2252,8096
2253,5810
2254,4152
2255,2294
2256,1231
2257,913
2258,2914
2259,5852
2260,4863
2261,9464
2262,739
2263,2791
2264,1185
2265,9112
2266,8358
2267,1068
2268,4743
2269,9697
2270,9992
2271,5525
2272,4189
2273,1340
2274,4996
2275,3031
2276,3721
2277,8057
2278,3872
2279,3630
2280,6365
2281,9377
2282,7385
2283,9376
2284,5324
2285,1674
2286,6941
2287,8694
2288,5448
2289,4827
2290,2412
2291,4501
2292,7661
2293,5072
2294,4450
2295,8428
2296,289
2297,5561
2298,9639
2299,4475
2300,8315
2301,840
2302,6301
2303,6150
2304,6086
2305,8651
2306,5896
2307,7265
2308,2356
2309,5473
2310,3069
2311,8836
2312,4560
2313,5394
2314,7226
2315,1342
2316,8632
2317,7006
2318,3612
2319,4387
2320,574
2321,5739
2322,6636
2323,1433
2324,3646
2325,6182
2326,8207
2327,6025
2328,476
2329,6820
2330,9695
2331,4796
2332,2683
2333,6889
2334,6420
2335,8959
2336,2076
2337,5130
2338,3525
2339,4132
2340,1320
2341,7738
2342,1436
2343,4579
2344,3733
2345,563
2346,8158
2347,4586
2348,7640
2349,7491
2350,7366
2351,6422
2352,3286
2353,9199
2354,8606
2355,6722
2356,9390
2357,1284
2358,8908
2359,281
2360,5151
2361,4550
2362,1329
2363,8613
2364,7161
2365,1206
2366,3876
2367,4242
2368,851
2369,7080
2370,5244
2371,7034
2372,3830
2373,1815
2374,4531
2375,3186
2376,9657
2377,6018
2378,4619
2379,6705
2380,1913
2381,8474
2382,1091
2383,7414
2384,5832
2385,6363
2386,7280
2387,8807
2388,1951
2389,8225
2390,2482
2391,4676
2392,6454
2393,6646
2394,4950
2395,1372
2396,2893
2397,2502
2398,308
2399,3138
2400,8292
2401,4496
2402,9076
2403,5620
2404,2202
2405,5541
2406,9160
2407,462
2408,2674
2409,6116
2410,7732
2411,7374
2412,8859
2413,1141
2414,8067
2415,6306
2416,8568
2417,8506
2418,8187
2419,8483
2420,4255
2421,9464
2422,9519
2423,9716
2424,6696
2425,2067
2426,8127
2427,9830
2428,7610
2429,8963
2430,5752
2431,5285
2432,8132
2433,5652
2434,6839
2435,7127
2436,288
2437,6196
2438,5989
2439,4876
2440,8770
2441,3228
2442,6832
2443,8100
2444,1064
2445,8958
2446,9049
2447,8192
2448,8328
2449,5652
2450,3179
2451,1240
2452,6518
2453,3168
2454,4381
2455,5081
2456,8597
2457,7560
2458,1206
2459,8113
2460,7517
2461,4366
2462,8632
2463,3364
2464,6771
2465,4662
2466,789
2467,3374
2468,2375
2469,314
2470,1271
2471,9386
2472,1511
2473,7357
2474,2899
2475,2357
2476,995
2477,3450
2478,5452
2479,7576
2480,5682
2481,613
2482,5225
2483,8800
2484,795
2485,7886
2486,8155
2487,7750
2488,8401
2489,5634
2490,5048
2491,5877
2492,7882
2493,9714
2494,1531
2495,580
2496,1920
2497,6410
2498,9642
2499,9536
2500,3034
2501,3603
2502,8797
2503,3229
2504,2403
2505,7406
2506,1557
2507,7997
2508,4696
2509,5250
2510,2130
2511,4604
2512,3566
2513,5335
2514,2055
2515,2043
2516,5413
2517,9521
2518,3511
2519,8274
2520,8527
2521,7522
2522,3197
2523,6721
2524,6728
2525,7973
2526,5114
2527,8013
2528,1339
2529,5127
2530,7758
2531,3301
2532,2364
2533,3770
2534,1593
2535,2808
2536,4530
2537,6167
2538,2326
2539,9118
2540,8095
2541,7942
2542,1983
2543,3808
2544,2944
2545,7434
2546,4533
2547,4226
2548,323
2549,4945
2550,3750
2551,748
2552,9461
2553,6913
2554,4667
2555,2933
2556,8618
2557,2718
2558,5164
2559,3464
2560,2100
2561,5012
2562,3568
2563,3325
2564,5617
2565,9544
2566,1626
2567,8485
2568,3487
2569,8448
2570,1758
2571,4850
2572,5571
2573,7875
2574,4727
2575,4887
2576,1300
2577,5445
2578,8894
2579,6362
2580,6566
2581,2874
2582,7823
2583,1322
2584,2332
2585,6054
2586,2552
2587,489
2588,4983
2589,2438
2590,6578
2591,6143
2592,1236
2593,1380
2594,6453
2595,3047
2596,6548
2597,5659
2598,8966
2599,3955
2600,5974
2601,1071
2602,3003
2603,7839
2604,1320
2605,894
2606,6012
2607,2495
2608,8932
2609,6619
2610,5899
2611,9608
2612,5093
2613,7137
2614,422
2615,5399
2616,5765
2617,1628
2618,8471
2619,3745
2620,935
2621,389
2622,692
2623,7523
2624,1218
2625,5213
2626,6406
2627,5452
2628,6077
2629,5476
2630,7464
2631,3025
2632,2877
2633,3467
2634,4481
2635,8645
2636,8886
2637,8661
2638,3883
2639,889
2640,2885
2641,2544
2642,6653
2643,5719
2644,4293
2645,645
2646,8610
2647,9740
2648,8654
2649,2904
2650,3702
2651,3964
2652,8334
2653,4482
2654,3523
2655,107
2656,5678
2657,9802
2658,148
2659,7058
2660,1973
2661,2183
2662,2440
2663,7328
2664,6156
2665,5425
2666,3923
2667,5498
2668,5201
2669,9264
2670,4005
2671,4416
2672,4742
2673,8262
2674,4504
2675,5148
2676,5833
2677,1406
2678,9948
2679,9350
2680,5335
2681,6008
2682,3216
2683,2817
2684,9875
2685,8948
2686,1521
2687,7701
2688,843
2689,3274
2690,6765
2691,1594
2692,3223
2693,9205
2694,7360
2695,3567
2696,282
2697,4135
2698,7434
2699,6069
2700,2445
2701,6868
2702,8464
2703,217
2704,5275
2705,8194
2706,8648
2707,6769
2708,957
2709,5473
2710,1960
2711,9185
2712,3667
2713,7855
2714,6751
2715,1968
2716,2481
2717,5696
2718,4006
2719,9622
2720,9234
2721,3125
2722,5717
2723,7851
2724,5441
2725,3975
2726,7540
2727,685
2728,7812
2729,3248
2730,535
2731,8303
2732,231
2733,9424
2734,885
2735,8910
2736,6392
2737,2666
2738,7413
2739,7752
2740,3806
2741,2257
2742,6998
2743,4585
2744,4650
2745,5460
2746,2703
2747,8186
2748,4930
2749,3810
2750,7001
2751,9135
2752,283
2753,4470
2754,3471
2755,2056
2756,851
2757,4850
2758,1779
2759,8124
2760,2665
2761,6740
2762,1559
2763,4614
2764,2331
2765,2854
2766,5598
2767,1778
2768,5363
2769,2560
2770,1341
2771,6589
2772,5645
2773,8033
2774,6635
2775,7425
2776,5977
2777,2625
2778,6766
2779,445
2780,6056
2781,9309
2782,1538
2783,8699
2784,8428
2785,5791
2786,8938
2787,9540
2788,3284
2789,8608
2790,3692
2791,2682
2792,9729
2793,9867
2794,579
2795,7421
2796,7893
2797,708
2798,9976
2799,1667
2800,3766
2801,1508
2802,7444
2803,5714
2804,8273
2805,568
2806,6469
2807,871
2808,2053
2809,6567
2810,9858
2811,6298
2812,8012
2813,6405
2814,5087
2815,4493
2816,7456
2817,9842
2818,7523
2819,8476
2820,4042
2821,8279
2822,7162
2823,8361
2824,9616
2825,2048
2826,7738
2827,7542
2828,7177
2829,1123
2830,3199
2831,4836
2832,2154
2833,3232
2834,6473
2835,5243
2836,9552
2837,6954
2838,6306
2839,808
2840,3059
2841,7240
2842,9079
2843,4154
2844,7288
2845,5575
2846,4469
2847,7620
2848,4652
2849,1757
2850,5495
2851,4722
2852,8169
2853,7900
2854,3174
2855,3669
2856,3176
2857,7613
2858,4739
2859,3919
2860,7015
2861,6476
2862,3198
2863,325
2864,5100
2865,4309
2866,6562
2867,1653
2868,9254
2869,1608
2870,2074
2871,8392
2872,3949
2873,3558
2874,1713
2875,7905
2876,8875
2877,3111
2878,956
2879,5325
2880,5189
2881,223
2882,5177
2883,9538
2884,1934
2885,6202
2886,3653
2887,3056
2888,1791
2889,6900
2890,8356
2891,7985
2892,451
2893,7752
2894,8325
2895,4808
2896,4395
2897,3385
2898,1478
2899,7543
2900,3882
2901,6977
2902,7964
2903,5854
2904,1571
2905,3165
2906,8234
2907,2704
2908,6226
2909,5831
2910,5386
2911,7128
2912,5433
2913,1924
2914,7304
2915,5179
2916,8266
2917,2209
2918,6904
2919,761
2920,948
2921,1494
2922,2385
2923,1068
2924,2978
2925,6471
2926,6483
2927,3141
2928,7354
2929,9880
2930,7673
2931,3511
2932,6956
2933,7419
2934,7093
2935,6524
2936,7093
2937,7985
2938,1288
2939,6289
2940,9824
2941,8020
2942,3324
2943,1253
2944,7133
2945,4561
2946,9046
2947,9399
2948,1728
2949,9392
2950,8490
2951,4670
2952,611
2953,9882
2954,3555
2955,7813
2956,9373
2957,7769
2958,4842
2959,6249
2960,2734
2961,2330
2962,5079
2963,5967
2964,271
2965,836
2966,4256
2967,7411
2968,1968
2969,9130
2970,5191
2971,9082
2972,593
2973,8243
2974,9115
2975,2730
2976,6838
2977,5760
2978,5974
2979,686
2980,5075
2981,3636
2982,9889
2983,8217
2984,4229
2985,4970
2986,337
2987,2540
2988,5833
2989,2837
2990,1732
2991,9424
2992,7042
2993,866
2994,7931
2995,7247
2996,4111
2997,8864
2998,7029
2999,5244
3000,3630
3001,5804
3002,1915
3003,9837
3004,860
3005,4840
3006,7819
3007,878
3008,8752
3009,7464
3010,6802
3011,1514
3012,3949
3013,7977
3014,5623
3015,825
3016,4240
3017,9894
3018,9520
3019,8094
3020,9782
3021,1838
3022,6605
3023,2859
3024,2304
3025,6480
3026,3054
3027,4808
3028,9387
3029,3089
3030,1980
3031,7419
3032,544
3033,7505
3034,9147
3035,8378
3036,8210
3037,4973
3038,5639
3039,4418
3040,9487
3041,2253
3042,9060
3043,4394
3044,5382
3045,2191
3046,2279
3047,2796
3048,5712
3049,515
3050,4310
3051,3901
3052,5463
3053,1482
3054,9550
3055,7282
3056,7025
3057,816
3058,4541
3059,3316
3060,4798
3061,3502
3062,9174
3063,1557
3064,7357
3065,2656
3066,1473
3067,6742
3068,9020
3069,3252
3070,9923
3071,5651
3072,6411
3073,8533
3074,1746
3075,7234
3076,3004
3077,1371
3078,360
3079,4386
3080,8398
3081,1947
3082,1016
3083,3963
3084,5427
3085,3141
3086,4761
3087,7939
3088,8508
3089,7477
3090,6101
3091,3411
3092,710
3093,641
3094,5867
3095,819
3096,3085
3097,8144
3098,7535
3099,6193
3100,7497
3101,5133
3102,8401
3103,8825
3104,8035
3105,8990
3106,1451
3107,692
3108,1309
3109,309
3110,8369
3111,1737
3112,823
3113,2303
3114,3369
3115,2287
3116,617
3117,3463
3118,1080
3119,7152
3120,6239
3121,4486
3122,8280
3123,8281
3124,1435
3125,2171
3126,3968
3127,8239
3128,7121
3129,2718
3130,8841
3131,8112
3132,2920
3133,696
3134,4481
3135,5858
3136,4170
3137,3401
3138,1205
3139,6671
3140,1982
3141,8770
3142,9165
3143,1665
3144,4405
3145,5215
3146,3348
3147,3194
3148,7366
3149,6625
3150,360
3151,623
3152,1591
3153,2743
3154,1452
3155,3099
3156,918
3157,6313
3158,6383
3159,7115
3160,1984
3161,2515
3162,267
3163,5440
3164,5592
3165,9349
3166,3934
3167,2588
3168,9064
3169,2259
3170,5518
3171,448
3172,8182
3173,883
3174,1566
3175,4217
3176,6804
3177,6063
3178,7406
3179,6932
3180,1148
3181,2198
3182,7070
3183,5923
3184,2302
3185,4201
3186,9492
3187,1564
3188,3416
3189,9150
3190,1735
3191,2099
3192,4541
3193,6372
3194,2935
3195,822
3196,3493
3197,2857
3198,5629
3199,8402
3200,8947
3201,4101
3202,2337
3203,7881
3204,1703
3205,6244
3206,3182
3207,3437
3208,9586
3209,2375
3210,8898
3211,5482
3212,1882
3213,711
3214,872
3215,2878
3216,9422
3217,4920
3218,3137
3219,4756
3220,5034
3221,2721
3222,2105
3223,4652
3224,4145
3225,2078
3226,3857
3227,5298
3228,7842
3229,7833
3230,2605
3231,1800
3232,330
3233,9101
3234,4094
3235,5545
3236,7479
3237,9327
3238,9528
3239,9794
3240,6613
3241,2092
3242,5412
3243,3273
3244,964
3245,9905
3246,5667
3247,6021
3248,2449
3249,2035
3250,1768
3251,1449
3252,1946
3253,6829
3254,8451
3255,8068
3256,2394
3257,9138
3258,5459
3259,4416
3260,675
3261,1851
3262,5353
3263,6807
3264,7653
3265,3105
3266,1833
3267,7034
3268,1909
3269,1299
3270,3128
3271,1751
3272,1991
3273,6556
3274,9117
3275,4450
3276,4748
3277,5840
3278,5805
3279,9152
3280,4282
3281,1218
3282,5512
3283,8103
3284,981
3285,8641
3286,3198
3287,4595
3288,574
3289,8875
3290,3698
3291,9795
3292,5045
3293,3710
3294,9765
3295,5153
3296,1151
3297,1773
3298,9792
3299,154
3300,8113
3301,503
3302,1204
3303,4408
3304,7944
3305,9040
3306,4392
3307,9732
3308,9585
3309,2188
3310,656
3311,4893
3312,603
3313,4752
3314,9778
3315,1127
3316,8680
3317,475
3318,5740
3319,3913
3320,5642
3321,625
3322,1162
3323,9378
3324,1803
3325,9687
3326,6470
3327,5268
3328,2454
3329,1062
3330,787
3331,4149
3332,4925
3333,6649
3334,8739
3335,4589
3336,2636
3337,136
3338,3405
3339,5197
3340,634
3341,7639
3342,6357
3343,4782
3344,1728
3345,6060
3346,2178
3347,5001
3348,9603
3349,7865
3350,7539
3351,481
3352,5594
3353,3878
3354,3885
3355,6379
3356,5498
3357,6293
3358,2490
3359,1106
3360,1079
3361,1933
3362,1671
3363,421
3364,9164
3365,7345
3366,5400
3367,3795
3368,809
3369,8270
3370,295
3371,298
3372,1960
3373,5744
3374,3632
3375,8244
3376,1701
3377,313
3378,1677
3379,7512
3380,2277
3381,7950
3382,2129
3383,7771
3384,2863
3385,2256
3386,5057
3387,5322
3388,9638
3389,9529
3390,4744
3391,9337
3392,1021
3393,4650
3394,6229
3395,2418
3396,9413
3397,4117
3398,1543
3399,3191
3400,1602
3401,3311
3402,9514
3403,598
3404,182
3405,2640
3406,7100
3407,4487
3408,4492
3409,714
3410,9300
3411,1997
3412,8660
3413,7040
3414,9962
3415,5505
3416,3481
3417,6556
3418,696
3419,6333
3420,6536
3421,2024
3422,3603
3423,2988
3424,4457
3425,9977
3426,6320
3427,5945
3428,6924
3429,8079
3430,9498
3431,9648
3432,5990
3433,1722
3434,7622
3435,9364
3436,4598
3437,7032
3438,4929
3439,4084
3440,2190
3441,1917
3442,760
3443,8272
3444,7767
3445,2201
3446,5334
3447,8036
3448,5403
3449,6086
3450,853
3451,9913
3452,1056
3453,627
3454,9105
3455,4158
3456,709
3457,3619
3458,4845
3459,6144
3460,4575
3461,9522
3462,3689
3463,5503
3464,2572
3465,7427
3466,5726
3467,799
3468,8142
3469,7770
3470,7393
3471,3308
3472,9801
3473,4538
3474,4606
3475,380
3476,5999
3477,2113
3478,4979
3479,3623
3480,8501
3481,1786
3482,5668
3483,9569
3484,6720
3485,4554
3486,1332
3487,676
3488,3181
3489,4563
3490,683
3491,7813
3492,5588
3493,1741
3494,2813
3495,2599
3496,9182
3497,544
3498,8755
3499,5672
3500,7165
3501,1101
3502,3976
3503,6307
3504,3993
3505,4806
3506,6116
3507,4863
3508,7158
3509,2564
3510,6850
3511,8310
3512,5619
3513,7607
3514,2195
3515,1893
3516,3519
3517,959
3518,6221
3519,1841
3520,7116
3521,1953
3522,6768
3523,7647
3524,6299
3525,5656
3526,207
3527,5630
3528,2468
3529,6783
3530,5506
3531,1559
3532,7306
3533,995
3534,3750
3535,4031
3536,7084
3537,9509
3538,9934
3539,6526
3540,5945
3541,3268
3542,8597
3543,6602
3544,5200
3545,9133
3546,2309
3547,3232
3548,7877
3549,7052
3550,8616
3551,5517
3552,9017
3553,3624
3554,4776
3555,2282
3556,8239
3557,5610
3558,6045
3559,6502
3560,788
3561,3500
3562,4253
3563,9728
3564,6912
3565,705
3566,2708
3567,3567
3568,8154
3569,2584
3570,6391
3571,1332
3572,3960
3573,1793
3574,8013
3575,8895
3576,5232
3577,8060
3578,1354
3579,852
3580,4404
3581,2855
3582,4320
3583,2036
3584,9059
3585,8513
3586,4490
3587,8110
3588,8768
3589,6191
3590,5626
3591,2899
3592,2343
3593,8798
3594,5551
3595,3178
3596,5551
3597,9661
3598,8506
3599,3312
3600,3049
3601,2402
3602,6280
3603,3616
3604,1797
3605,959
3606,5680
3607,1747
3608,1240
3609,7370
3610,9640
3611,285
3612,2373
3613,7552
3614,8058
3615,5822
3616,2412
3617,1460
3618,6837
3619,2743
3620,1572
3621,4526
3622,4403
3623,6982
3624,1700
3625,3939
3626,4702
3627,3681
3628,9618
3629,9516
3630,5302
3631,9447
3632,6359
3633,5651
3634,4295
3635,6968
3636,2587
3637,620
3638,5997
3639,5416
3640,4702
3641,9123
3642,9783
3643,5398
3644,8328
3645,6941
3646,4473
3647,2458
3648,2272
3649,3699
3650,9230
3651,6460
3652,1736
3653,6858
3654,3104
3655,5527
3656,8677
3657,9479
3658,6325
3659,6351
3660,5012
3661,9803
3662,5258
3663,283
3664,7572
3665,1353
3666,3455
3667,6012
3668,4046
3669,5157
3670,9317
3671,4165
3672,6459
3673,9059
3674,6730
3675,3933
3676,6665
3677,7564
3678,9014
3679,893
3680,930
3681,7056
3682,5195
3683,2032
3684,7713
3685,4022
3686,5865
3687,9375
3688,7150
3689,5197
3690,8477
3691,5982
3692,2523
3693,6495
3694,8752
3695,2093
3696,8418
3697,9124
3698,1467
3699,2350
3700,601
3701,7115
3702,4490
3703,1328
3704,7934
3705,1525
3706,1813
3707,518
3708,309
3709,5473
3710,2526
3711,4543
3712,9425
3713,544
3714,805
3715,7774
3716,5439
3717,2102
3718,4384
3719,2644
3720,9941
3721,4091
3722,566
3723,9371
3724,3040
3725,4769
3726,1550
3727,289
3728,9311
3729,302
3730,5175
3731,899
3732,5422
3733,8108
3734,4735
3735,4937
3736,4756
3737,8803
3738,6432
3739,417
3740,8057
3741,1394
3742,9672
3743,6431
3744,4517
3745,6614
3746,7525
3747,8449
3748,3805
3749,1872
3750,8655
3751,4638
3752,5997
3753,4149
3754,1681
3755,4542
3756,5369
3757,3824
3758,220
3759,2601
3760,5676
3761,5068
3762,5006
3763,1430
3764,3160
3765,1491
3766,1698
3767,7794
3768,4717
3769,297
3770,6151
3771,5322
3772,4585
3773,5602
3774,8807
3775,9603
3776,2646
3777,236
3778,4716
3779,2828
3780,743
3781,4534
3782,6995
3783,8836
3784,8091
3785,9848
3786,339
3787,1333
3788,2093
3789,2276
3790,5260
3791,1868
3792,5660
3793,7927
3794,8837
3795,7690
3796,9528
3797,4328
3798,8333
3799,6256
3800,4355
3801,921
3802,2993
3803,6651
3804,7872
3805,1942
3806,9216
3807,6917
3808,9181
3809,4345
3810,1550
3811,7073
3812,8590
3813,6220
3814,7135
3815,9671
3816,533
3817,3831
3818,829
3819,7737
3820,4704
3821,8526
3822,1498
3823,9931
3824,8110
3825,9698
3826,5694
3827,1609
3828,766
3829,452
3830,5944
3831,4696
3832,6844
3833,5441
3834,9949
3835,9184
3836,6718
3837,5578
3838,9045
3839,5121
3840,6504
3841,1446
3842,9343
3843,5758
3844,8288
3845,3354
3846,4197
3847,8662
3848,1831
3849,3339
3850,2418
3851,7665
3852,8655
3853,5458
3854,3366
3855,9122
3856,1974
3857,2829
3858,6747
3859,4045
3860,4527
3861,7572
3862,6755
3863,8909
3864,6413
3865,432
3866,4546
3867,1084
3868,1996
3869,4331
3870,8484
3871,6833
3872,1496
3873,3074
3874,4579
3875,1145
3876,6065
3877,7719
3878,4531
3879,4088
3880,8656
3881,9801
3882,618
3883,3583
3884,3056
3885,8205
3886,1000
3887,6813
3888,8304
3889,3833
3890,4453
3891,1963
3892,685
3893,3962
3894,2945
3895,8275
3896,1461
3897,9677
3898,2497
3899,7881
3900,2787
3901,4378
3902,3926
3903,2894
3904,8610
3905,6532
3906,8790
3907,6969
3908,7781
3909,679
3910,3954
3911,6448
3912,4432
3913,2238
3914,7946
3915,706
3916,6102
3917,8119
3918,5264
3919,5413
3920,4602
3921,423
3922,8836
3923,1533
3924,5640
3925,144
3926,8225
3927,3844
3928,2957
3929,9418
3930,2460
3931,3879
3932,9559
3933,2125
3934,1997
3935,3431
3936,1258
3937,8290
3938,750
3939,890
3940,5930
3941,8039
3942,4415
3943,8047
3944,1800
3945,9525
3946,7006
3947,6935
3948,9101
3949,3349
3950,2040
3951,4478
3952,9792
3953,9110
3954,5762
3955,162
3956,3541
3957,4270
3958,2966
3959,3634
3960,518
3961,4767
3962,407
3963,5382
3964,5056
3965,1178
3966,8783
3967,7493
3968,3809
3969,5984
3970,2866
3971,8925
3972,4924
3973,7004
3974,3534
3975,1417
3976,2873
3977,1272
3978,2504
3979,7483
3980,7998
3981,9700
3982,2988
3983,7074
3984,2970
3985,8006
3986,868
3987,1619
3988,1496
3989,8143
3990,7877
3991,4621
3992,4238
3993,7059
3994,6148
3995,1764
3996,2873
3997,3114
3998,2684
3999,6239
4000,8122
4001,1055
4002,8715
4003,1494
4004,7675
4005,3791
4006,6441
4007,2978
4008,1625
4009,8300
4010,4328
4011,1728
4012,5694
4013,5385
4014,4346
4015,8545
4016,7125
4017,522
4018,8874
4019,581
4020,2551
4021,2963
4022,2747
4023,3316
4024,3169
4025,4529
4026,5249
4027,6983
4028,5413
4029,151
4030,5252
4031,4350
4032,3710
4033,4402
4034,5115
4035,2535
4036,5404
4037,4192
4038,1647
4039,2921
4040,224
4041,1974
4042,5039
4043,1886
4044,2411
4045,9695
4046,4574
4047,3584
4048,2726
4049,1605
4050,4963
4051,4664
4052,5307
4053,6586
4054,5693
4055,3262
4056,3177
4057,8797
4058,2448
4059,3483
4060,2742
4061,8541
4062,3692
4063,8102
4064,7897
4065,5019
4066,8316
4067,6242
4068,909
4069,1444
4070,2963
4071,3033
4072,8327
4073,2499
4074,2392
4075,2844
4076,8380
4077,4790
4078,9724
4079,9171
4080,977
4081,7594
4082,3558
4083,400
4084,4271
4085,7230
4086,5398
4087,2734
4088,3820
4089,9618
4090,747
4091,3223
4092,5709
4093,9478
4094,306
4095,9003
4096,5688
4097,5465
4098,4555
4099,7332
4100,9736
4101,831
4102,9042
4103,5109
4104,5942
4105,4210
4106,4115
4107,3596
4108,8920
4109,3977
4110,9949
4111,9645
4112,548
4113,8421
4114,5180
4115,1727
4116,7209
4117,5219
4118,5181
4119,1252
4120,3597
4121,3033
4122,307
4123,7381
4124,7123
4125,6226
4126,4163
4127,6461
4128,4314
4129,6546
4130,903
4131,4947
4132,8752
4133,8594
4134,9385
4135,6861
4136,1577
4137,7956
4138,9160
4139,4425
4140,725
4141,4454
4142,1395
4143,4743
4144,6323
4145,951
4146,6869
4147,6151
4148,4648
4149,2384
4150,6931
4151,8321
4152,1486
4153,8223
4154,3270
4155,5796
4156,4040
4157,1849
4158,6388
4159,1655
4160,7321
4161,5398
4162,9543
4163,2062
4164,2070
4165,5633
4166,962
4167,7152
4168,601
4169,2862
4170,1505
4171,3691
4172,3565
4173,1750
4174,1148
4175,1869
4176,4387
4177,5867
4178,4332
4179,5089
4180,5425
4181,9554
4182,9940
4183,8040
4184,1727
4185,8929
4186,1225
4187,7224
4188,4887
4189,7399
4190,3483
4191,3717
4192,270
4193,9128
4194,6603
4195,4251
4196,3429
4197,2807
4198,9824
4199,8453
4200,4905
4201,4324
4202,4259
4203,6324
4204,5576
4205,3977
4206,8045
4207,179
4208,5533
4209,277
4210,235
4211,6369
4212,2615
4213,101
4214,1650
4215,3463
4216,9365
4217,1865
4218,5184
4219,1752
4220,2255
4221,4048
4222,2646
4223,5748
4224,1048
4225,1260
4226,7780
4227,8598
4228,3998
4229,2597
4230,6389
4231,4192
4232,3268
4233,6725
4234,9230
4235,7528
4236,6540
4237,5194
4238,8964
4239,1050
4240,7816
4241,6645
4242,1333
4243,4145
4244,5157
4245,2704
4246,478
4247,8262
4248,7271
4249,9569
4250,4399
4251,2126
4252,6273
4253,5842
4254,5351
4255,8233
4256,2226
4257,8415
4258,5803
4259,4652
4260,7930
4261,6545
4262,7253
4263,8243
4264,7287
4265,6324
4266,3913
4267,4661
4268,4399
4269,8393
4270,9268
4271,2092
4272,543
4273,2883
4274,3436
4275,9443
4276,3705
4277,5818
4278,1334
4279,8937
4280,7002
4281,3901
4282,6239
4283,5074
4284,4770
4285,7036
4286,4272
4287,4693
4288,3310
4289,3422
4290,2955
4291,9577
4292,4937
4293,3738
4294,550
4295,4117
4296,947
4297,4386
4298,9731
4299,5122
4300,2069
4301,8215
4302,4073
4303,5895
4304,8071
4305,2723
4306,338
4307,7838
4308,2122
4309,561
4310,1141
4311,3649
4312,6457
4313,2894
4314,8106
4315,130
4316,3392
4317,724
4318,5167
4319,6322
4320,1293
4321,8741
4322,7072
4323,6931
4324,9978
4325,5157
4326,1467
4327,5230
4328,5821
4329,3342
4330,6871
4331,3377
4332,5612
4333,5165
4334,9756
4335,3123
4336,7248
4337,4987
4338,691
4339,8649
4340,8817
4341,6738
4342,2898
4343,1843
4344,5239
4345,5023
4346,7814
4347,7882
4348,1712
4349,2388
4350,8225
4351,5017
4352,6541
4353,2595
4354,2446
4355,1978
4356,663
4357,2708
4358,2197
4359,8499
4360,5695
4361,8912
4362,8960
4363,8735
4364,9560
4365,5851
4366,1526
4367,489
4368,8595
4369,8891
4370,2308
4371,9076
4372,4113
4373,2552
4374,5334
4375,9465
4376,4222
4377,9007
4378,4025
4379,5237
4380,4913
4381,9533
4382,1980
4383,5052
4384,6854
4385,6219
4386,2528
4387,5534
4388,8357
4389,3401
4390,2960
4391,4217
4392,3940
4393,7211
4394,3745
4395,1250
4396,9217
4397,5111
4398,7846
4399,6364
4400,8905
4401,4235
4402,2803
4403,4684
4404,9802
4405,1179
4406,5547
4407,8599
4408,8647
4409,1424
4410,9261
4411,1170
4412,190
4413,6611
4414,3770
4415,8136
4416,8170
4417,2010
4418,1595
4419,7700
4420,2303
4421,5079
4422,2479
4423,6150
4424,6448
4425,4248
4426,9828
4427,3785
4428,3235
4429,6100
4430,4335
4431,5775
4432,6168
4433,6911
4434,3116
4435,195
4436,7679
4437,3447
4438,3302
4439,7341
4440,4287
4441,5343
4442,2329
4443,7062
4444,1006
4445,2339
4446,3773
4447,2672
4448,5652
4449,9164
4450,3358
4451,9037
4452,5547
4453,1994
4454,5362
4455,3637
4456,4224
4457,8849
4458,2311
4459,8492
4460,7073
4461,4473
4462,6318
4463,5165
4464,2803
4465,9153
4466,9438
4467,5183
4468,3106
4469,9601
4470,8873
4471,7964
4472,3842
4473,4160
4474,9250
4475,3186
4476,7194
4477,7031
4478,2898
4479,303
4480,2789
4481,2438
4482,2864
4483,661
4484,691
4485,2623
4486,8000
4487,9244
4488,1417
4489,5355
4490,5004
4491,7963
4492,8692
4493,6187
4494,992
4495,4902
4496,2825
4497,1584
4498,324
4499,3216
4500,7767
4501,7711
4502,8297
4503,6054
4504,9709
4505,7850
4506,4163
4507,9779
4508,2448
4509,7701
4510,1163
4511,496
4512,799
4513,1906
4514,7491
4515,2125
4516,5582
4517,9026
4518,4881
4519,6791
4520,8567
4521,3283
4522,5938
4523,846
4524,5200
4525,305
4526,6816
4527,1214
4528,8803
4529,7649
4530,2469
4531,5807
4532,2224
4533,4339
4534,594
4535,6952
4536,8932
4537,7006
4538,3982
4539,239
4540,3890
4541,8178
4542,4912
4543,9056
4544,4381
4545,5563
4546,3618
4547,9182
4548,1484
4549,305
4550,6074
4551,9508
4552,8300
4553,1417
4554,3270
4555,4798
4556,1371
4557,8159
4558,849
4559,4147
4560,1160
4561,3665
4562,6960
4563,2503
4564,4930
4565,3812
4566,2372
4567,8073
4568,6454
4569,546
4570,3204
4571,989
4572,9276
4573,5876
4574,7326
4575,6546
4576,3727
4577,3281
4578,7777
4579,6120
4580,5993
4581,8260
4582,8932
4583,9574
4584,7866
4585,104
4586,2532
4587,9009
4588,5256
4589,2542
4590,4580
4591,1512
4592,3474
4593,2548
4594,4529
4595,8412
4596,3627
4597,5021
4598,955
4599,7699
4600,8614
4601,3186
4602,4944
4603,2252
4604,5146
4605,1652
4606,5735
4607,4578
4608,7141
4609,8501
4610,3120
4611,7332
4612,8367
4613,3031
4614,6131
4615,5973
4616,4835
4617,732
4618,6242
4619,3900
4620,7353
4621,3467
4622,8005
4623,4400
4624,420
4625,155
4626,2385
4627,5052
4628,642
4629,9946
4630,4892
4631,4817
4632,1017
4633,8243
4634,4680
4635,1691
4636,1600
4637,3330
4638,9584
4639,8068
4640,4787
4641,1248
4642,5347
4643,488
4644,5273
4645,316
4646,2088
4647,8276
4648,1320
4649,5189
4650,1754
4651,7552
4652,6793
4653,5577
4654,9398
4655,701
4656,1620
4657,4374
4658,4352
4659,9466
4660,5071
4661,2790
4662,5720
4663,5951
4664,2480
4665,6756
4666,4341
4667,2040
4668,6925
4669,8995
4670,3622
4671,7676
4672,1037
4673,8868
4674,4092
4675,9677
4676,7216
4677,5022
4678,9177
4679,9014
4680,2440
4681,9012
4682,5376
4683,7304
4684,3090
4685,9622
4686,5787
4687,8792
4688,4923
4689,8203
4690,1022
4691,2675
4692,7228
4693,5543
4694,5082
4695,4137
4696,2269
4697,4377
4698,5554
4699,1749
4700,6172
4701,6089
4702,8136
4703,6425
4704,1085
4705,4676
4706,9961
4707,6315
4708,4250
4709,3012
4710,8104
4711,7508
4712,5787
4713,2079
4714,5837
4715,1281
4716,9461
4717,7873
4718,4531
4719,7820
4720,2999
4721,7830
4722,7648
4723,8732
4724,5785
4725,9416
4726,3769
4727,2505
4728,2574
4729,6978
4730,9916
4731,5821
4732,2018
4733,8948
4734,3876
4735,5812
4736,531
4737,8692
4738,5101
4739,7825
4740,2869
4741,3684
4742,8345
4743,7610
4744,4041
4745,3203
4746,6145
4747,5831
4748,3819
4749,5167
4750,3672
4751,2128
4752,2189
4753,5946
4754,5536
4755,855
4756,2994
4757,2250
4758,2216
4759,9462
4760,8241
4761,8265
4762,7385
4763,9614
4764,7471
4765,6358
4766,5729
4767,6747
4768,6148
4769,6116
4770,4916
4771,7602
4772,2912
4773,2765
4774,5899
4775,7197
4776,7650
4777,2289
4778,1497
4779,8626
4780,7390
4781,8571
4782,8270
4783,464
4784,1202
4785,2212
4786,6187
4787,1069
4788,2634
4789,9673
4790,9751
4791,3243
4792,3362
4793,5339
4794,1815
4795,7334
4796,7988
4797,6309
4798,8893
4799,7411
4800,4771
4801,6036
4802,6393
4803,5499
4804,529
4805,928
4806,1465
4807,8765
4808,5817
4809,3283
4810,9607
4811,7959
4812,6249
4813,9240
4814,1557
4815,1949
4816,9405
4817,1480
4818,1145
4819,3040
4820,7731
4821,9835
4822,9748
4823,3453
4824,1589
4825,5670
4826,3962
4827,1683
4828,2121
4829,3613
4830,757
4831,6237
4832,7756
4833,1884
4834,7830
4835,8845
4836,6884
4837,6116
4838,6612
4839,1983
4840,878
4841,949
4842,6433
4843,7137
4844,3126
4845,3360
4846,4165
4847,4732
4848,5246
4849,5667
4850,1394
4851,3148
4852,7515
4853,2676
4854,846
4855,3244
4856,533
4857,2254
4858,4183
4859,2333
4860,5528
4861,7899
4862,877
4863,8581
4864,7479
4865,4773
4866,356
4867,7824
4868,4211
4869,363
4870,7384
4871,9146
4872,7881
4873,3063
4874,8541
4875,2176
4876,9299
4877,5331
4878,7509
4879,2438
4880,3465
4881,9714
4882,8138
4883,3529
4884,3959
4885,1452
4886,2546
4887,1269
4888,9851
4889,6584
4890,404
4891,1349
4892,3278
4893,4543
4894,300
4895,4723
4896,5924
4897,8119
4898,6751
4899,6114
4900,7186
4901,8564
4902,8427
4903,6073
4904,4497
4905,8246
4906,1064
4907,6357
4908,8032
4909,7293
4910,8526
4911,569
4912,5836
4913,7598
4914,6677
4915,4220
4916,1931
4917,8827
4918,840
4919,871
4920,3342
4921,5172
4922,9919
4923,9501
4924,7602
4925,7152
4926,2232
4927,6019
4928,7003
4929,9881
4930,2011
4931,5761
4932,1665
4933,7827
4934,5330
4935,540
4936,7770
4937,5425
4938,7355
4939,2931
4940,2111
4941,6472
4942,2556
4943,4866
4944,3425
4945,6867
4946,6686
4947,7770
4948,4242
4949,5506
4950,3444
4951,7879
4952,635
4953,9172
4954,7133
4955,7989
4956,2947
4957,9184
4958,2253
4959,753
4960,5201
4961,8048
4962,2896
4963,8574
4964,1144
4965,7330
4966,8213
4967,6863
4968,302
4969,3610
4970,9569
4971,9935
4972,8158
4973,2595
4974,4243
4975,6342
4976,3308
4977,7558
4978,7206
4979,7863
4980,3984
4981,7365
4982,8643
4983,5230
4984,3632
4985,433
4986,4346
4987,2868
4988,7917
4989,7889
4990,2431
4991,816
4992,9659
4993,3084
4994,2333
4995,7067
4996,4576
4997,1707
4998,242
4999,3296
5000,5500
5001,1580
5002,8216
5003,949
5004,5132
5005,3409
5006,5870
5007,5906
5008,6453
5009,8320
5010,3960
5011,8526
5012,2262
5013,356
5014,9021
5015,315
5016,1281
5017,1425
5018,2451
5019,6153
5020,784
5021,214
5022,7248
5023,5952
5024,4162
5025,544
5026,9288
5027,2199
5028,8857
5029,224
5030,8514
5031,8327
5032,6454
5033,4941
5034,2313
5035,2142
5036,1698
5037,6092
5038,2526
5039,6636
5040,4002
5041,5233
5042,2891
5043,4046
5044,1850
5045,9164
5046,1087
5047,6653
5048,9687
5049,9008
5050,4572
5051,1052
5052,7864
5053,3889
5054,8245
5055,4592
5056,2369
5057,704
5058,6608
5059,1653
5060,7276
5061,6988
5062,7006
5063,7745
5064,6198
5065,3092
5066,6133
5067,9328
5068,699
5069,7036
5070,1668
5071,8234
5072,6658
5073,4521
5074,1270
5075,1535
5076,5444
5077,7878
5078,8093
5079,6264
5080,3852
5081,1692
5082,1944
5083,6053
5084,5869
5085,1711
5086,2531
5087,6286
5088,2648
5089,4383
5090,6773
5091,5482
5092,3929
5093,3780
5094,8965
5095,8090
5096,5735
5097,2251
5098,2160
5099,9477
5100,294
5101,7837
5102,7377
5103,8021
5104,7820
5105,2193
5106,9217
5107,8474
5108,4309
5109,2599
5110,1043
5111,6578
5112,2870
5113,731
5114,5614
5115,4147
5116,4225
5117,5630
5118,4466
5119,7531
5120,1857
5121,1345
5122,2112
5123,1303
5124,2893
5125,5888
5126,7369
5127,4017
5128,6251
5129,222
5130,7384
5131,3391
5132,5816
5133,5019
5134,3159
5135,1561
5136,2499
5137,234
5138,8771
5139,847
5140,9134
5141,3438
5142,3512
5143,3963
5144,2249
5145,3909
5146,1124
5147,6307
5148,7916
5149,694
5150,7795
5151,4646
5152,4407
5153,803
5154,1650
5155,8955
5156,7908
5157,8980
5158,5307
5159,9722
5160,8221
5161,460
5162,2819
5163,9948
5164,4639
5165,903
5166,453
5167,4780
5168,9651
5169,3040
5170,3812
5171,9108
5172,8441
5173,7732
5174,7208
5175,7618
5176,7150
5177,3862
5178,4829
5179,1079
5180,7184
5181,552
5182,1228
5183,6515
5184,4638
5185,9061
5186,7703
5187,2151
5188,8563
5189,7811
5190,420
5191,914
5192,5968
5193,2436
5194,5401
5195,7177
5196,5663
5197,7481
5198,357
5199,8308
5200,6145
5201,2652
5202,9753
5203,5506
5204,5062
5205,2068
5206,5550
5207,3552
5208,7538
5209,4393
5210,1197
5211,9085
5212,4087
5213,7863
5214,1423
5215,674
5216,3064
5217,4094
5218,3963
5219,3102
5220,504
5221,8259
5222,2101
5223,1780
5224,7173
5225,6521
5226,4231
5227,4371
5228,7656
5229,2973
5230,7128
5231,7196
5232,575
5233,3426
5234,9936
5235,4765
5236,558
5237,6331
5238,370
5239,8881
5240,307
5241,4219
5242,1152
5243,9519
5244,3830
5245,2272
5246,5293
5247,8665
5248,2362
5249,8235
5250,5385
5251,8583
5252,1576
5253,4231
5254,7833
5255,8555
5256,3921
5257,4933
5258,2434
5259,5822
5260,6339
5261,7531
5262,7285
5263,6361
5264,9499
5265,6176
5266,3586
5267,5713
5268,858
5269,3521
5270,5743
5271,1131
5272,6704
5273,1816
5274,509
5275,8527
5276,9663
5277,5313
5278,8401
5279,8215
5280,8798
5281,2000
5282,1789
5283,5509
5284,8761
5285,6076
5286,6797
5287,801
5288,5983
5289,2970
5290,2539
5291,5997
5292,2317
5293,7747
5294,804
5295,4334
5296,675
5297,2608
5298,6779
5299,4366
5300,4322
5301,5509
5302,5069
5303,1923
5304,5005
5305,9574
5306,5886
5307,190
5308,5611
5309,4278
5310,9765
5311,3629
5312,991
5313,4163
5314,3250
5315,542
5316,3292
5317,2664
5318,8490
5319,3496
5320,2989
5321,7251
5322,6607
5323,7440
5324,6182
5325,7731
5326,9886
5327,8286
5328,4029
5329,7538
5330,9936
5331,1931
5332,2015
5333,2335
5334,3596
5335,5969
5336,2635
5337,2121
5338,8068
5339,731
5340,7249
5341,5892
5342,6400
5343,4318
5344,5098
5345,9614
5346,4222
5347,9410
5348,1819
5349,5484
5350,8459
5351,6527
5352,1348
5353,5305
5354,9202
5355,3625
5356,8059
5357,5640
5358,7261
5359,7531
5360,9065
5361,2961
5362,2159
5363,4484
5364,7977
5365,4677
5366,603
5367,7783
5368,1881
5369,8426
5370,791
5371,1541
5372,1972
5373,3169
5374,1047
5375,9071
5376,3969
5377,2119
5378,1909
5379,4747
5380,694
5381,5119
5382,2299
5383,4119
5384,7048
5385,2147
5386,6526
5387,5106
5388,5075
5389,7554
5390,1437
5391,5707
5392,3481
5393,3170
5394,3949
5395,2596
5396,7745
5397,9510
5398,4734
5399,7913
5400,4480
5401,5063
5402,5345
5403,8115
5404,8329
5405,7149
5406,1093
5407,9685
5408,4269
5409,6668
5410,2774
5411,9915
5412,7722
5413,2711
5414,1648
5415,8586
5416,4932
5417,3668
5418,8426
5419,6774
5420,1258
5421,6142
5422,838
5423,8347
5424,6900
5425,1880
5426,7336
5427,2326
5428,2049
5429,4755
5430,9619
5431,7022
5432,6052
5433,4778
5434,983
5435,7665
5436,9696
5437,3160
5438,1752
5439,1969
5440,3048
5441,5960
5442,9657
5443,1244
5444,3930
5445,9118
5446,940
5447,670
5448,1546
5449,2695
5450,5654
5451,9031
5452,4122
5453,5018
5454,9111
5455,8582
5456,5360
5457,1169
5458,252
5459,8444
5460,5656
5461,6527
5462,2744
5463,9951
5464,5884
5465,8207
5466,607
5467,3133
5468,2015
5469,1199
5470,9484
5471,8240
5472,4562
5473,7048
5474,3877
5475,5285
5476,5899
5477,6158
5478,6386
5479,5663
5480,9270
5481,4800
5482,6388
5483,5181
5484,904
5485,3123
5486,5479
5487,5318
5488,4665
5489,8439
5490,6902
5491,9469
5492,2256
5493,6106
5494,2492
5495,4915
5496,5979
5497,8173
5498,3907
5499,2793
5500,1900
5501,4285
5502,8276
5503,5684
5504,5752
5505,3978
5506,1732
5507,3804
5508,726
5509,8843
5510,9723
5511,9917
5512,9595
5513,8467
5514,7178
5515,1391
5516,2638
5517,1564
5518,1403
5519,3468
5520,1951
5521,7093
5522,2090
5523,6064
5524,9353
5525,7000
5526,9376
5527,9394
5528,8693
5529,1777
5530,3316
5531,8920
5532,6837
5533,9474
5534,4522
5535,2064
5536,3258
5537,4824
5538,730
5539,1617
5540,6886
5541,4868
5542,333
5543,6094
5544,1001
5545,1489
5546,1160
5547,7004
5548,5776
5549,9397
5550,9079
5551,4050
5552,5537
5553,4623
5554,114
5555,6211
5556,162
5557,2518
5558,5393
5559,9491
5560,2275
5561,5315
5562,6526
5563,5294
5564,4526
5565,776
5566,5377
5567,5326
5568,4368
5569,7735
5570,6999
5571,3640
5572,4018
5573,5944
5574,5890
5575,8814
5576,9127
5577,3650
5578,5395
5579,2024
5580,644
5581,5792
5582,5338
5583,5431
5584,7823
5585,4303
5586,2910
5587,3785
5588,3562
5589,2233
5590,5773
5591,6503
5592,7900
5593,1659
5594,1032
5595,4342
5596,2560
5597,1493
5598,9896
5599,509
5600,5866
5601,3049
5602,8136
5603,1955
5604,7704
5605,4423
5606,3477
5607,8626
5608,4373
5609,8735
5610,7514
5611,1765
5612,4453
5613,5745
5614,8019
5615,7912
5616,6258
5617,754
5618,9842
5619,7941
5620,3891
5621,679
5622,2171
5623,2025
5624,7110
5625,5835
5626,2207
5627,6948
5628,8630
5629,6499
5630,225
5631,5752
5632,2396
5633,9139
5634,965
5635,1077
5636,2440
5637,4907
5638,3664
5639,7948
5640,2092
5641,4994
5642,4837
5643,1382
5644,3667
5645,4372
5646,5501
5647,4587
5648,700
5649,7777
5650,4244
5651,3526
5652,2620
5653,9350
5654,3578
5655,4677
5656,8519
5657,9730
5658,9671
5659,2435
5660,8209
5661,9052
5662,5315
5663,1237
5664,2881
5665,2273
5666,2691
5667,1823
5668,1013
5669,4381
5670,9430
5671,7495
5672,9643
5673,8719
5674,552
5675,5931
5676,7479
5677,4153
5678,6381
5679,5977
5680,7505
5681,487
5682,105
5683,3648
5684,4478
5685,7996
5686,1873
5687,669
5688,7895
5689,2244
5690,6217
5691,269
5692,1908
5693,1626
5694,1376
5695,414
5696,6931
5697,3981
5698,1535
5699,7331
5700,3832
5701,2968
5702,1823
5703,3439
5704,9360
5705,5056
5706,4448
5707,2845
5708,3867
5709,7814
5710,5668
5711,4505
5712,499
5713,6550
5714,2126
5715,8033
5716,1297
5717,9204
5718,7097
5719,1680
5720,7283
5721,462
5722,996
5723,4837
5724,9855
5725,7365
5726,4876
5727,5748
5728,9614
5729,5334
5730,989
5731,6402
5732,1157
5733,817
5734,8903
5735,1412
5736,8799
5737,1629
5738,8832
5739,8124
5740,2339
5741,2407
5742,2451
5743,6690
5744,5900
5745,5101
5746,3321
5747,4325
5748,1145
5749,3968
5750,9382
5751,3591
5752,7200
5753,5949
5754,6145
5755,7020
5756,5012
5757,3234
5758,6307
5759,6043
5760,8835
5761,2129
5762,4336
5763,3691
5764,4787
5765,6424
5766,1836
5767,3393
5768,135
5769,9995
5770,6393
5771,3337
5772,6772
5773,2670
5774,7914
5775,7991
5776,353
5777,642
5778,9381
5779,2124
5780,7400
5781,3059
5782,9746
5783,6546
5784,1600
5785,8234
5786,9190
5787,1681
5788,7370
5789,6001
5790,9727
5791,5785
5792,8748
5793,6926
5794,976
5795,7382
5796,316
5797,4522
5798,4924
5799,8919
5800,1820
5801,5144
5802,9921
5803,8920
5804,335
5805,9089
5806,4136
5807,5644
5808,3002
5809,2169
5810,6020
5811,3056
5812,6393
5813,6234
5814,3637
5815,7064
5816,5846
5817,4209
5818,928
5819,2084
5820,7492
5821,1165
5822,210
5823,9352
5824,5886
5825,2866
5826,9662
5827,5429
5828,1943
5829,4451
5830,2468
5831,5512
5832,1242
5833,1089
5834,5972
5835,9424
5836,7534
5837,9706
5838,8973
5839,1108
5840,4531
5841,3343
5842,3579
5843,7731
5844,7401
5845,4332
5846,3975
5847,3077
5848,8502
5849,8925
5850,3986
5851,5081
5852,7934
5853,2759
5854,3166
5855,164
5856,3328
5857,6655
5858,2502
5859,8291
5860,4454
5861,915
5862,7282
5863,3715
5864,8391
5865,7121
5866,6614
5867,3980
5868,4553
5869,7065
5870,2888
5871,4868
5872,559
5873,1799
5874,8606
5875,8611
5876,6745
5877,8190
5878,1560
5879,9401
5880,341
5881,366
5882,1881
5883,6813
5884,7557
5885,2404
5886,1532
5887,8888
5888,6219
5889,2802
5890,3139
5891,2023
5892,3824
5893,6416
5894,8269
5895,6900
5896,6020
5897,2016
5898,2038
5899,8822
5900,5224
5901,8430
5902,663
5903,9261
5904,5547
5905,4565
5906,204
5907,4309
5908,9035
5909,6086
5910,362
5911,1181
5912,4761
5913,4555
5914,4793
5915,4844
5916,9295
5917,429
5918,2746
5919,383
5920,468
5921,8713
5922,7127
5923,2539
5924,882
5925,2364
5926,4049
5927,4710
5928,2642
5929,4454
5930,2502
5931,6915
5932,9406
5933,3712
5934,884
5935,1386
5936,419
5937,3135
5938,5631
5939,7442
5940,5687
5941,9677
5942,9102
5943,8343
5944,5368
5945,3113
5946,8478
5947,7855
5948,8001
5949,1517
5950,8228
5951,7375
5952,2148
5953,1504
5954,1138
5955,165
5956,5773
5957,3540
5958,9732
5959,103
5960,9830
5961,3850
5962,472
5963,1589
5964,9821
5965,3752
5966,785
5967,5094
5968,609
5969,7773
5970,3899
5971,3657
5972,7191
5973,881
5974,1582
5975,3628
5976,2314
5977,6216
5978,3737
5979,6173
5980,7881
5981,7531
5982,3666
5983,4105
5984,9196
5985,6433
5986,6325
5987,1941
5988,7830
5989,8478
5990,7761
5991,6987
5992,7526
5993,6163
5994,455
5995,4267
5996,9053
5997,6410
5998,5361
5999,2182
6000,1567
6001,2182
6002,6246
6003,5304
6004,751
6005,192
6006,6966
6007,2201
6008,8626
6009,5313
6010,5197
6011,3254
6012,8168
6013,5821
6014,1295
6015,4599
6016,9429
6017,5920
6018,9315
6019,2381
6020,2121
6021,2898
6022,6864
6023,2280
6024,8490
6025,6451
6026,3204
6027,6221
6028,1371
6029,8944
6030,9979
6031,6604
6032,412
6033,2501
6034,4119
6035,9590
6036,3697
6037,3907
6038,2712
6039,2386
6040,5573
6041,1072
6042,4181
6043,2332
6044,8252
6045,637
6046,9013
6047,7713
6048,3371
6049,7140
6050,1491
6051,4002
6052,5566
6053,9648
6054,2673
6055,8512
6056,9656
6057,1774
6058,7326
6059,3602
6060,4197
6061,7076
6062,2709
6063,5976
6064,2950
6065,812
6066,959
6067,3515
6068,7838
6069,942
6070,1148
6071,4634
6072,9950
6073,742
6074,3955
6075,1837
6076,506
6077,8784
6078,3860
6079,2443
6080,4776
6081,9963
6082,5719
6083,7334
6084,5280
6085,6033
6086,6301
6087,7058
6088,6062
6089,8510
6090,7439
6091,4645
6092,139
6093,8251
6094,6704
6095,1094
6096,5175
6097,1025
6098,921
6099,8686
6100,7807
6101,3835
6102,3724
6103,6634
6104,7326
6105,3800
6106,2072
6107,702
6108,6721
6109,4555
6110,9056
6111,7691
6112,4248
6113,1009
6114,2871
6115,392
6116,8673
6117,5026
6118,4159
6119,8650
6120,5752
6121,2158
6122,2513
6123,5424
6124,1836
6125,3388
6126,8649
6127,2443
6128,7125
6129,2141
6130,545
6131,3682
6132,4940
6133,8031
6134,1251
6135,2500
6136,2210
6137,9185
6138,533
6139,7672
6140,542
6141,7333
6142,4490
6143,6489
6144,2339
6145,827
6146,9600
6147,6890
6148,9005
6149,3814
6150,9034
6151,7162
6152,4616
6153,373
6154,4362
6155,7084
6156,4016
6157,5470
6158,3311
6159,6828
6160,339
6161,2180
6162,2075
6163,6851
6164,7763
6165,4190
6166,506
6167,9738
6168,4387
6169,9569
6170,8663
6171,5392
6172,7953
6173,5857
6174,7407
6175,4872
6176,646
6177,7123
6178,8371
6179,1915
6180,8055
6181,9832
6182,5423
6183,5554
6184,4141
6185,3055
6186,901
6187,5286
6188,3776
6189,9468
6190,1919
6191,1539
6192,1095
6193,4685
6194,5253
6195,7445
6196,5274
6197,5786
6198,6610
6199,418
6200,8107
6201,5932
6202,4580
6203,1736
6204,8357
6205,3066
6206,898
6207,1228
6208,2477
6209,7363
6210,4908
6211,3901
6212,6132
6213,4778
6214,4811
6215,2101
6216,6556
6217,6577
6218,4103
6219,8321
6220,462
6221,1184
6222,2960
6223,5307
6224,1979
6225,1293
6226,7974
6227,2685
6228,4142
6229,6162
6230,1466
6231,6393
6232,7997
6233,7929
6234,9724
6235,9831
6236,6792
6237,9343
6238,3930
6239,3296
6240,7247
6241,5727
6242,632
6243,6712
6244,2071
6245,3907
6246,3076
6247,1021
6248,7393
6249,7190
6250,4814
6251,1816
6252,7449
6253,3204
6254,8758
6255,3472
6256,1148
6257,5523
6258,4396
6259,6820
6260,2211
6261,3677
6262,7638
6263,4932
6264,6545
6265,7651
6266,6722
6267,6177
6268,1298
6269,9890
6270,5135
6271,3044
6272,3493
6273,7995
6274,3275
6275,688
6276,5968
6277,8711
6278,8971
6279,3052
6280,9445
6281,6301
6282,9325
6283,6458
6284,6932
6285,6693
6286,3817
6287,7143
6288,4506
6289,6416
6290,9688
6291,636
6292,8005
6293,697
6294,5038
6295,8881
6296,7826
6297,4855
6298,2011
6299,8701
6300,3751
6301,6118
6302,486
6303,8558
6304,1995
6305,9334
6306,8088
6307,930
6308,2339
6309,6887
6310,2559
6311,7701
6312,2866
6313,7395
6314,5053
6315,5996
6316,650
6317,4997
6318,8448
6319,5748
6320,5947
6321,6226
6322,890
6323,6885
6324,4618
6325,5903
6326,340
6327,3382
6328,8737
6329,5772
6330,2475
6331,5703
6332,8698
6333,4590
6334,9803
6335,5515
6336,5086
6337,2894
6338,3675
6339,2050
6340,5486
6341,2537
6342,3145
6343,7025
6344,8750
6345,3404
6346,2502
6347,573
6348,5610
6349,2103
6350,9832
6351,7657
6352,5990
6353,6190
6354,3097
6355,3045
6356,2879
6357,442
6358,4952
6359,5981
6360,3572
6361,6511
6362,2291
6363,273
6364,9019
6365,3342
6366,602
6367,4916
6368,1933
6369,2488
6370,8047
6371,7379
6372,3714
6373,354
6374,7462
6375,3218
6376,5475
6377,7409
6378,7831
6379,2054
6380,5678
6381,6255
6382,6577
6383,2826
6384,4200
6385,8690
6386,6276
6387,3645
6388,3883
6389,294
6390,2762
6391,2339
6392,106
6393,8299
6394,8260
6395,4359
6396,7552
6397,892
6398,1612
6399,7590
6400,9468
6401,3172
6402,1726
6403,9587
6404,9323
6405,6255
6406,600
6407,8154
6408,4238
6409,2141
6410,7398
6411,5323
6412,6901
6413,2606
6414,5727
6415,237
6416,6689
6417,5759
6418,1260
6419,1856
6420,3655
6421,5778
6422,2324
6423,9069
6424,8758
6425,3037
6426,6444
6427,1862
6428,8882
6429,306
6430,6939
6431,4470
6432,3305
6433,8246
6434,3564
6435,5971
6436,7005
6437,2164
6438,8880
6439,3863
6440,5263
6441,3548
6442,2632
6443,6170
6444,696
6445,1521
6446,8163
6447,7247
6448,6126
6449,7947
6450,2488
6451,3718
6452,1940
6453,6014
6454,7428
6455,2553
6456,5809
6457,5908
6458,2293
6459,4392
6460,1678
6461,9075
6462,5876
6463,9939
6464,9562
6465,5707
6466,5575
6467,8953
6468,7580
6469,4885
6470,9956
6471,2925
6472,3878
6473,1256
6474,1308
6475,9779
6476,7306
6477,4482
6478,2794
6479,4463
6480,2655
6481,5458
6482,5921
6483,9107
6484,5958
6485,3769
6486,7582
6487,9988
6488,5139
6489,680
6490,7416
6491,1428
6492,8643
6493,577
6494,1114
6495,7186
6496,2960
6497,691
6498,6102
6499,5380
6500,4144
6501,4316
6502,8928
6503,5890
6504,4072
6505,9293
6506,4494
6507,6959
6508,3660
6509,5106
6510,9863
6511,3913
6512,8382
6513,8980
6514,7467
6515,2806
6516,6361
6517,6065
6518,597
6519,3894
6520,6127
6521,1716
6522,996
6523,8982
6524,6596
6525,4524
6526,6167
6527,6738
6528,3338
6529,3702
6530,8528
6531,7238
6532,4702
6533,9569
6534,113
6535,905
6536,6999
6537,4072
6538,9932
6539,2101
6540,5465
6541,5580
6542,2011
6543,113
6544,8259
6545,5186
6546,7932
6547,6422
6548,2199
6549,9400
6550,7355
6551,128
6552,6214
6553,5591
6554,5740
6555,6036
6556,9067
6557,7001
6558,4381
6559,6286
6560,953
6561,5568
6562,3716
6563,3450
6564,1167
6565,7489
6566,4487
6567,1367
6568,1180
6569,8948
6570,2063
6571,1229
6572,3367
6573,2578
6574,7588
6575,2513
6576,8421
6577,9341
6578,4952
6579,9994
6580,9517
6581,3439
6582,8348
6583,1615
6584,8051
6585,1918
6586,1868
6587,8335
6588,7620
6589,1978
6590,4686
6591,8334
6592,3145
6593,7534
6594,9099
6595,6977
6596,7039
6597,3943
6598,8482
6599,5333
6600,1756
6601,3412
6602,3436
6603,6154
6604,6036
6605,3811
6606,7928
6607,6667
6608,7490
6609,4899
6610,446
6611,7851
6612,8648
6613,3113
6614,2946
6615,2849
6616,1390
6617,3809
6618,9484
6619,3895
6620,3899
6621,2690
6622,2889
6623,2783
6624,9749
6625,1096
6626,2256
6627,9264
6628,585
6629,7217
6630,1252
6631,7718
6632,3242
6633,9428
6634,2658
6635,2945
6636,7089
6637,3990
6638,8528
6639,7769
6640,7304
6641,2412
6642,2565
6643,5650
6644,1570
6645,9853
6646,3609
6647,3771
6648,2563
6649,2191
6650,4572
6651,3257
6652,8599
6653,3167
6654,3885
6655,1912
6656,5980
6657,9615
6658,1490
6659,8025
6660,2979
6661,5190
6662,1074
6663,4978
6664,9613
6665,3266
6666,3197
6667,3655
6668,7568
6669,529
6670,6835
6671,6381
6672,6862
6673,469
6674,5131
6675,247
6676,5519
6677,6600
6678,7058
6679,8192
6680,8571
6681,4970
6682,3396
6683,597
6684,6877
6685,2261
6686,9104
6687,1371
6688,1435
6689,9909
6690,8481
6691,8051
6692,9500
6693,1443
6694,6011
6695,1678
6696,840
6697,9586
6698,9946
6699,8626
6700,6518
6701,4745
6702,7923
6703,8673
6704,9971
6705,4771
6706,711
6707,1628
6708,9237
6709,4546
6710,107
6711,7458
6712,3846
6713,7634
6714,2618
6715,7472
6716,9417
6717,5692
6718,5257
6719,1010
6720,6663
6721,2085
6722,475
6723,4439
6724,9090
6725,5752
6726,1275
6727,4378
6728,4252
6729,3437
6730,2940
6731,7038
6732,6183
6733,9086
6734,9799
6735,6071
6736,5397
6737,8709
6738,8392
6739,4940
6740,5821
6741,5036
6742,5288
6743,7870
6744,2589
6745,7774
6746,4108
6747,5402
6748,7394
6749,3529
6750,5056
6751,2150
6752,8030
6753,5153
6754,5378
6755,1870
6756,1421
6757,8296
6758,8151
6759,9392
6760,6403
6761,1534
6762,4816
6763,2735
6764,421
6765,4294
6766,6903
6767,2294
6768,7625
6769,2127
6770,2951
6771,4447
6772,4789
6773,4044
6774,9506
6775,5751
6776,2675
6777,1626
6778,2177
6779,7741
6780,9891
6781,5917
6782,2096
6783,3334
6784,6660
6785,6129
6786,721
6787,3170
6788,6319
6789,4552
6790,9994
6791,1843
6792,5731
6793,2577
6794,300
6795,5679
6796,4393
6797,7030
6798,8070
6799,8085
6800,7063
6801,8916
6802,6220
6803,410
6804,3478
6805,9153
6806,8899
6807,9801
6808,680
6809,5811
6810,5185
6811,9012
6812,1233
6813,2144
6814,3902
6815,3606
6816,6028
6817,6677
6818,4358
6819,3959
6820,2825
6821,6851
6822,7372
6823,7827
6824,7232
6825,3891
6826,1624
6827,2425
6828,1177
6829,2050
6830,1881
6831,1202
6832,9409
6833,2930
6834,9809
6835,591
6836,6950
6837,504
6838,8252
6839,9729
6840,1233
6841,1635
6842,9690
6843,3872
6844,5812
6845,4427
6846,7263
6847,9075
6848,8829
6849,1037
6850,3884
6851,4477
6852,3767
6853,6806
6854,3680
6855,8425
6856,7360
6857,8449
6858,4754
6859,9157
6860,2674
6861,9610
6862,1221
6863,4567
6864,9377
6865,7788
6866,7660
6867,1200
6868,2169
6869,1986
6870,4717
6871,7977
6872,2746
6873,3223
6874,951
6875,2082
6876,4851
6877,3236
6878,2699
6879,4825
6880,6895
6881,2756
6882,2419
6883,5774
6884,2948
6885,6155
6886,6854
6887,2684
6888,8716
6889,5688
6890,3531
6891,6628
6892,7432
6893,1667
6894,7773
6895,3533
6896,7016
6897,5983
6898,3619
6899,5576
6900,4280
6901,6833
6902,1887
6903,2035
6904,4602
6905,8285
6906,1881
6907,1715
6908,1686
6909,6884
6910,8777
6911,3544
6912,1519
6913,2801
6914,7924
6915,2686
6916,8631
6917,8519
6918,8016
6919,1180
6920,4477
6921,1754
6922,5641
6923,8729
6924,1821
6925,1888
6926,4881
6927,9941
6928,6909
6929,2916
6930,3268
6931,5596
6932,6672
6933,9694
6934,1121
6935,5629
6936,5778
6937,2069
6938,2428
6939,1726
6940,9933
6941,3140
6942,7416
6943,9954
6944,4186
6945,7161
6946,1758
6947,8063
6948,7229
6949,1467
6950,1083
6951,1253
6952,2283
6953,9356
6954,8972
6955,4860
6956,8305
6957,5482
6958,610
6959,3765
6960,4458
6961,5855
6962,1645
6963,3917
6964,5075
6965,8279
6966,7155
6967,4062
6968,6317
6969,6425
6970,8856
6971,4113
6972,1560
6973,3148
6974,191
6975,4026
6976,1328
6977,4428
6978,4452
6979,6297
6980,5195
6981,1977
6982,1514
6983,271
6984,4636
6985,5849
6986,3816
6987,1303
6988,2185
6989,6054
6990,7653
6991,8512
6992,7950
6993,6646
6994,9292
6995,9313
6996,1963
6997,202
6998,1764
6999,6954
7000,6361
7001,104
7002,2076
7003,8851
7004,617
7005,6715
7006,1184
7007,3932
7008,8945
7009,3058
7010,6521
7011,5837
7012,8364
7013,6425
7014,7028
7015,205
7016,6433
7017,815
7018,5855
7019,2093
7020,1728
7021,3583
7022,3164
7023,4918
7024,9389
7025,9627
7026,3405
7027,1016
7028,7026
7029,4902
7030,5489
7031,8197
7032,1204
7033,2127
7034,1463
7035,5365
7036,8172
7037,8590
7038,9578
7039,6659
7040,2721
7041,7497
7042,3767
7043,2692
7044,1963
7045,5193
7046,2707
7047,2595
7048,5893
7049,867
7050,6266
7051,3888
7052,8217
7053,4099
7054,2397
7055,7366
7056,5718
7057,2038
7058,5166
7059,167
7060,3663
7061,9652
7062,6926
7063,1503
7064,3102
7065,3684
7066,2199
7067,7231
7068,5671
7069,4113
7070,3202
7071,9667
7072,8982
7073,4949
7074,6195
7075,5873
7076,3179
7077,112
7078,9074
7079,5895
7080,3612
7081,9565
7082,5365
7083,7539
7084,2566
7085,9097
7086,106
7087,6331
7088,2233
7089,407
7090,3831
7091,3313
7092,2862
7093,9111
7094,8740
7095,7197
7096,8818
7097,1398
7098,5580
7099,701
7100,588
7101,6041
7102,870
7103,9273
7104,2781
7105,679
7106,5621
7107,9656
7108,5944
7109,2053
7110,7966
7111,4849
7112,8162
7113,8271
7114,4116
7115,7092
7116,8142
7117,5753
7118,6848
7119,5015
7120,4419
7121,1186
7122,7477
7123,563
7124,2188
7125,8846
7126,9942
7127,4886
7128,1042
7129,3000
7130,8553
7131,5876
7132,3194
7133,3093
7134,4650
7135,9985
7136,4213
7137,3501
7138,693
7139,971
7140,3769
7141,2843
7142,6473
7143,4575
7144,2885
7145,1618
7146,1265
7147,8864
7148,4980
7149,5939
7150,9149
7151,7352
7152,7136
7153,1219
7154,982
7155,5263
7156,4207
7157,6304
7158,6217
7159,996
7160,8208
7161,6920
7162,6376
7163,7941
7164,8196
7165,8947
7166,1631
7167,6112
7168,8959
7169,4309
7170,5307
7171,4962
7172,5591
7173,9564
7174,5854
7175,3717
7176,6491
7177,3493
7178,4348
7179,7362
7180,8123
7181,3075
7182,236
7183,6748
7184,4336
7185,2508
7186,9042
7187,615
7188,4099
7189,1848
7190,4838
7191,394
7192,615
7193,8041
7194,1813
7195,1379
7196,6094
7197,2442
7198,5105
7199,1745
7200,5040
7201,7047
7202,8470
7203,569
7204,5128
7205,2813
7206,6127
7207,2540
7208,1855
7209,5994
7210,6435
7211,2430
7212,547
7213,8148
7214,4722
7215,5228
7216,3962
7217,5731
7218,9441
7219,8313
7220,6304
7221,2957
7222,6885
7223,5291
7224,5841
7225,2366
7226,4532
7227,627
7228,1155
7229,9401
7230,1398
7231,3623
7232,783
7233,6498
7234,2068
7235,6571
7236,2517
7237,6866
7238,2463
7239,1437
7240,2452
7241,5179
7242,5320
7243,6060
7244,2792
7245,9870
7246,7512
7247,9856
7248,6106
7249,5687
7250,7760
7251,3337
7252,2256
7253,1151
7254,6491
7255,3557
7256,6043
7257,4316
7258,4857
7259,3716
7260,4103
7261,4433
7262,526
7263,5233
7264,5536
7265,595
7266,8909
7267,7763
7268,2375
7269,6613
7270,6909
7271,797
7272,2736
7273,3454
7274,2036
7275,9161
7276,7628
7277,2705
7278,1628
7279,6573
7280,2685
7281,8902
7282,9390
7283,5057
7284,3931
7285,9365
7286,3018
7287,5943
7288,2287
7289,7705
7290,4193
7291,5925
7292,2373
7293,181
7294,6410
7295,1596
7296,2772
7297,9116
7298,6499
7299,9870
7300,8046
7301,7567
7302,9681
7303,8817
7304,2291
7305,1535
7306,6897
7307,8877
7308,6619
7309,9771
7310,1813
7311,3507
7312,6001
7313,7892
7314,6015
7315,9861
7316,1056
7317,1321
7318,7407
7319,175
7320,6092
7321,7616
7322,2939
7323,107
7324,2813
7325,3371
7326,8919
7327,2302
7328,179
7329,7679
7330,1729
7331,7847
7332,4243
7333,9449
7334,663
7335,723
7336,2480
7337,9900
7338,887
7339,1107
7340,7075
7341,122
7342,2799
7343,6731
7344,5470
7345,2601
7346,9387
7347,2783
7348,4157
7349,1874
7350,6989
7351,6669
7352,8682
7353,4921
7354,8789
7355,3794
7356,1862
7357,3042
7358,3520
7359,2246
7360,9803
7361,4933
7362,7063
7363,8358
7364,5517
7365,316
7366,7962
7367,6180
7368,6401
7369,9738
7370,5088
7371,2365
7372,2587
7373,5760
7374,7152
7375,8562
7376,2829
7377,2077
7378,712
7379,7459
7380,3089
7381,123
7382,8826
7383,4291
7384,5339
7385,1329
7386,5683
7387,5791
7388,3939
7389,2529
7390,6513
7391,1195
7392,4870
7393,9143
7394,8939
7395,4864
7396,994
7397,5483
7398,5817
7399,4519
7400,2012
7401,9475
7402,5685
7403,3191
7404,6661
7405,5997
7406,7915
7407,7280
7408,3011
7409,2178
7410,4686
7411,1149
7412,7073
7413,9348
7414,5475
7415,2902
7416,4415
7417,9500
7418,8636
7419,6389
7420,8276
7421,6820
7422,5196
7423,1576
7424,4136
7425,4931
7426,9652
7427,7543
7428,4079
7429,7076
7430,8216
7431,2321
7432,5817
7433,7407
7434,8864
7435,7193
7436,3466
7437,9912
7438,323
7439,5825
7440,7940
7441,8525
7442,8934
7443,4651
7444,1646
7445,1802
7446,8768
7447,7762
7448,9659
7449,335
7450,2759
7451,4572
7452,8011
7453,2817
7454,3539
7455,2302
7456,6362
7457,2572
7458,7871
7459,8436
7460,4285
7461,4478
7462,9056
7463,7310
7464,5918
7465,1360
7466,7909
7467,1205
7468,2356
7469,201
7470,4395
7471,7145
7472,3978
7473,766
7474,6859
7475,8686
7476,4371
7477,4980
7478,5688
7479,661
7480,3965
7481,8933
7482,3073
7483,5184
7484,8973
7485,5750
7486,9989
7487,9817
7488,5803
7489,4793
7490,5940
7491,7653
7492,7344
7493,3026
7494,313
7495,2482
7496,2590
7497,7955
7498,2848
7499,5417
7500,7668
7501,8046
7502,5584
7503,9753
7504,1347
7505,9429
7506,4802
7507,3251
7508,8966
7509,4264
7510,160
7511,3021
7512,4958
7513,9937
7514,156
7515,3949
7516,1915
7517,9688
7518,3602
7519,6499
7520,4914
7521,7484
7522,9339
7523,742
7524,4071
7525,3320
7526,6210
7527,1860
7528,2481
7529,3319
7530,6739
7531,7106
7532,6757
7533,9020
7534,3665
7535,3283
7536,5251
7537,7455
7538,1577
7539,3780
7540,7712
7541,5997
7542,6846
7543,9390
7544,8342
7545,7435
7546,1703
7547,3677
7548,4779
7549,3632
7550,2741
7551,7840
7552,3026
7553,9339
7554,1082
7555,5027
7556,3856
7557,849
7558,4027
7559,3066
7560,2568
7561,2061
7562,5117
7563,1283
7564,7712
7565,3674
7566,332
7567,1857
7568,6188
7569,4753
7570,6465
7571,5324
7572,782
7573,5496
7574,5313
7575,5893
7576,785
7577,769
7578,2796
7579,4980
7580,9520
7581,7864
7582,8613
7583,2654
7584,7079
7585,8984
7586,6862
7587,2720
7588,5652
7589,6339
7590,9778
7591,6031
7592,2568
7593,7470
7594,9547
7595,9007
7596,231
7597,4146
7598,407
7599,9457
7600,1105
7601,681
7602,1651
7603,4446
7604,345
7605,5706
7606,1878
7607,4971
7608,4711
7609,5794
7610,9682
7611,1428
7612,1587
7613,7267
7614,9818
7615,3225
7616,9558
7617,515
7618,9427
7619,4772
7620,8841
7621,6968
7622,1025
7623,5572
7624,1009
7625,9783
7626,3611
7627,6830
7628,4228
7629,1388
7630,1982
7631,1964
7632,6349
7633,9716
7634,5146
7635,4771
7636,7584
7637,7350
7638,5360
7639,3643
7640,516
7641,5315
7642,4350
7643,8299
7644,3372
7645,1976
7646,364
7647,2300
7648,3599
7649,2141
7650,4810
7651,109
7652,3234
7653,2490
7654,4921
7655,5223
7656,5772
7657,7404
7658,2998
7659,840
7660,9586
7661,8185
7662,6424
7663,5895
7664,6754
7665,4457
7666,7774
7667,6776
7668,846
7669,1153
7670,5024
7671,1414
7672,914
7673,3638
7674,3949
7675,3221
7676,6190
7677,3010
7678,1255
7679,4362
7680,4584
7681,8176
7682,1279
7683,2582
7684,1340
7685,7417
7686,7348
7687,2416
7688,483
7689,7098
7690,4034
7691,106
7692,7203
7693,423
7694,2960
7695,6672
7696,4865
7697,6159
7698,4039
7699,4744
7700,404
7701,6336
7702,6984
7703,194
7704,8149
7705,6574
7706,9240
7707,3896
7708,3349
7709,1745
7710,2534
7711,8046
7712,4574
7713,978
7714,7194
7715,4728
7716,3674
7717,8957
7718,8555
7719,6409
7720,6935
7721,6340
7722,9310
7723,9160
7724,9870
7725,5094
7726,5066
7727,7746
7728,2763
7729,2985
7730,421
7731,1167
7732,3474
7733,7228
7734,9895
7735,9227
7736,332
7737,7371
7738,3950
7739,3096
7740,5362
7741,4989
7742,7668
7743,578
7744,1604
7745,2830
7746,4552
7747,3070
7748,7752
7749,8605
7750,1109
7751,6693
7752,6156
7753,5838
7754,7546
7755,8399
7756,4891
7757,8133
7758,4827
7759,4742
7760,5801
7761,9979
7762,2206
7763,9536
7764,4751
7765,5907
7766,6651
7767,7507
7768,1245
7769,8528
7770,784
7771,3208
7772,5533
7773,8410
7774,4784
7775,6348
7776,2743
7777,679
7778,6645
7779,4642
7780,8016
7781,2352
7782,4056
7783,4372
7784,8481
7785,1354
7786,1855
7787,6346
7788,1145
7789,3367
7790,4883
7791,4999
7792,6950
7793,2134
7794,1238
7795,9495
7796,8683
7797,2923
7798,2743
7799,2788
7800,7440
7801,7061
7802,6830
7803,2872
7804,8465
7805,1808
7806,9090
7807,5989
7808,5184
7809,5293
7810,8831
7811,853
7812,7629
7813,1767
7814,6286
7815,9729
7816,9707
7817,2345
7818,9337
7819,5909
7820,4009
7821,6920
7822,4137
7823,3317
7824,7409
7825,6864
7826,8537
7827,9019
7828,8782
7829,1590
7830,528
7831,4657
7832,4649
7833,3828
7834,8301
7835,6910
7836,9965
7837,7935
7838,8974
7839,4782
7840,4142
7841,8714
7842,6556
7843,9910
7844,3361
7845,6975
7846,7931
7847,5231
7848,3380
7849,7106
7850,7470
7851,1580
7852,2537
7853,9101
7854,4083
7855,4525
7856,883
7857,1139
7858,2758
7859,5756
7860,9357
7861,7863
7862,5227
7863,9238
7864,641
7865,9249
7866,9215
7867,1014
7868,1200
7869,8928
7870,8098
7871,345
7872,3346
7873,8462
7874,6715
7875,8400
7876,8581
7877,9078
7878,3089
7879,1555
7880,4272
7881,9573
7882,8346
7883,796
7884,4749
7885,9296
7886,1743
7887,516
7888,7820
7889,4638
7890,477
7891,9501
7892,7154
7893,7889
7894,436
7895,6596
7896,517
7897,6114
7898,4959
7899,9089
7900,2216
7901,210
7902,1942
7903,9302
7904,2864
7905,117
7906,2654
7907,655
7908,2825
7909,9955
7910,205
7911,1498
7912,7781
7913,3143
7914,407
7915,5746
7916,6278
7917,8041
7918,8338
7919,3737
7920,2901
7921,4221
7922,136
7923,5898
7924,8201
7925,5515
7926,2519
7927,7315
7928,8217
7929,7183
7930,857
7931,6024
7932,8276
7933,6380
7934,6887
7935,9816
7936,4200
7937,6595
7938,7531
7939,5591
7940,3903
7941,4085
7942,2052
7943,5302
7944,7900
7945,266
7946,3569
7947,3357
7948,5293
7949,9711
7950,3000
7951,8208
7952,8154
7953,804
7954,2826
7955,9053
7956,1973
7957,4624
7958,550
7959,8887
7960,9891
7961,6395
7962,8454
7963,729
7964,3295
7965,9600
7966,9028
7967,7897
7968,2936
7969,402
7970,4268
7971,1290
7972,855
7973,2044
7974,9817
7975,3735
7976,4153
7977,6510
7978,6183
7979,5789
7980,3679
7981,2112
7982,9092
7983,5944
7984,9521
7985,1409
7986,6262
7987,6046
7988,8797
7989,6926
7990,2091
7991,1715
7992,8645
7993,1392
7994,6032
7995,1250
7996,6421
7997,9378
7998,631
7999,9594
8000,5010
8001,7568
8002,163
8003,6435
8004,2442
8005,293
8006,5972
8007,8283
8008,6292
8009,4055
8010,3803
8011,6147
8012,9783
8013,1976
8014,6172
8015,2450
8016,6688
8017,399
8018,6344
8019,5974
8020,7246
8021,4308
8022,3475
8023,8259
8024,1230
8025,4507
8026,3912
8027,8164
8028,874
8029,425
8030,334
8031,6103
8032,4778
8033,1658
8034,7825
8035,2927
8036,7411
8037,290
8038,3075
8039,8041
8040,7607
8041,6292
8042,7132
8043,3532
8044,1718
8045,6370
8046,292
8047,3566
8048,9241
8049,8527
8050,7277
8051,1992
8052,3568
8053,5589
8054,8286
8055,191
8056,9474
8057,8655
8058,9986
8059,1335
8060,9128
8061,1515
8062,5778
8063,9059
8064,9615
8065,1180
8066,8305
8067,1196
8068,7629
8069,6743
8070,3211
8071,5514
8072,5482
8073,5663
8074,1322
8075,4426
8076,1378
8077,9774
8078,2364
8079,5013
8080,4710
8081,7111
8082,4802
8083,2826
8084,6459
8085,284
8086,660
8087,5043
8088,6225
8089,8513
8090,3448
8091,7483
8092,6182
8093,3771
8094,2146
8095,3922
8096,4075
8097,3661
8098,8703
8099,4641
8100,4947
8101,1297
8102,9331
8103,4927
8104,9030
8105,4246
8106,1570
8107,5555
8108,8791
8109,9195
8110,8452
8111,2533
8112,6338
8113,7641
8114,6300
8115,9192
8116,476
8117,1159
8118,2047
8119,2550
8120,3605
8121,3014
8122,7581
8123,9459
8124,4614
8125,5961
8126,6809
8127,8781
8128,6877
8129,5492
8130,8757
8131,3753
8132,6431
8133,1796
8134,2802
8135,5826
8136,7748
8137,4152
8138,8728
8139,5935
8140,3553
8141,6679
8142,2136
8143,6361
8144,8638
8145,4689
8146,8063
8147,5222
8148,8151
8149,1859
8150,4884
8151,7806
8152,4197
8153,5008
8154,1277
8155,8161
8156,1477
8157,2200
8158,7987
8159,6039
8160,5289
8161,7788
8162,638
8163,5737
8164,9409
8165,1359
8166,7742
8167,4006
8168,2817
8169,6929
8170,843
8171,1789
8172,1646
8173,1502
8174,5727
8175,2781
8176,1494
8177,3320
8178,3483
8179,8795
8180,748
8181,5671
8182,8319
8183,5151
8184,721
8185,775
8186,6665
8187,9404
8188,4969
8189,6421
8190,7554
8191,4283
8192,8184
8193,5929
8194,4819
8195,6820
8196,2245
8197,7323
8198,3457
8199,8552
8200,6142
8201,2285
8202,7517
8203,5669
8204,1372
8205,6420
8206,3886
8207,7286
8208,4546
8209,5421
8210,6411
8211,1953
8212,1866
8213,1894
8214,1024
8215,9822
8216,9876
8217,2206
8218,5124
8219,3206
8220,4704
8221,2605
8222,7030
8223,2757
8224,4494
8225,6253
8226,7231
8227,4178
8228,9715
8229,3475
8230,2464
8231,241
8232,7894
8233,7920
8234,3457
8235,6002
8236,4355
8237,416
8238,5517
8239,1798
8240,8758
8241,6995
8242,1075
8243,2391
8244,9963
8245,8470
8246,2017
8247,6169
8248,1508
8249,6684
8250,802
8251,5575
8252,107
8253,5354
8254,2418
8255,4963
8256,3607
8257,4999
8258,3797
8259,744
8260,3009
8261,9180
8262,6271
8263,4885
8264,8776
8265,1265
8266,5381
8267,6501
8268,1874
8269,3996
8270,2350
8271,6086
8272,1631
8273,9327
8274,1790
8275,4266
8276,759
8277,4655
8278,3753
8279,482
8280,9791
8281,7146
8282,1924
8283,8943
8284,4052
8285,9573
8286,8982
8287,8103
8288,9845
8289,8154
8290,7712
8291,8302
8292,7207
8293,7266
8294,641
8295,2189
8296,6683
8297,6851
8298,2382
8299,3540
8300,9307
8301,7273
8302,5362
8303,1774
8304,2884
8305,3645
8306,1347
8307,1141
8308,8112
8309,4563
8310,2978
8311,6694
8312,1052
8313,4489
8314,833
8315,7822
8316,7556
8317,5772
8318,3265
8319,3436
8320,7514
8321,2191
8322,1072
8323,7860
8324,6905
8325,4428
8326,100
8327,2465
8328,5920
8329,6327
8330,5146
8331,1967
8332,5035
8333,3461
8334,4450
8335,9657
8336,2540
8337,6804
8338,9657
8339,7319
8340,4917
8341,7390
8342,4299
8343,3360
8344,9758
8345,2134
8346,6975
8347,6029
8348,9455
8349,9074
8350,3062
8351,9670
8352,1029
8353,1692
8354,4939
8355,7214
8356,2231
8357,7923
8358,7311
8359,9173
8360,6649
8361,6499
8362,6410
8363,2077
8364,7317
8365,7062
8366,9290
8367,6733
8368,4267
8369,4683
8370,5797
8371,6644
8372,9382
8373,1151
8374,2762
8375,7873
8376,9423
8377,6774
8378,1625
8379,2013
8380,8423
8381,4012
8382,8997
8383,3131
8384,7775
8385,8011
8386,2981
8387,933
8388,4690
8389,9603
8390,908
8391,6106
8392,8152
8393,1860
8394,3225
8395,9016
8396,6318
8397,335
8398,6176
8399,1441
8400,4364
8401,7415
8402,4158
8403,1218
8404,9192
8405,3275
8406,6493
8407,6567
8408,5969
8409,8397
8410,7828
8411,9031
8412,2455
8413,229
8414,5326
8415,735
8416,7802
8417,6909
8418,857
8419,5720
8420,9968
8421,7118
8422,7522
8423,2415
8424,7393
8425,7749
8426,2458
8427,7970
8428,8099
8429,6317
8430,6050
8431,7516
8432,7990
8433,720
8434,6836
8435,4826
8436,7999
8437,7470
8438,8121
8439,9989
8440,7583
8441,4986
8442,795
8443,3953
8444,2453
8445,8592
8446,7912
8447,6616
8448,7679
8449,3067
8450,283
8451,3066
8452,1612
8453,9731
8454,6015
8455,8756
8456,9335
8457,5338
8458,6890
8459,6004
8460,2445
8461,2400
8462,4283
8463,9638
8464,5975
8465,7351
8466,6773
8467,7506
8468,9936
8469,4618
8470,3934
8471,8705
8472,3693
8473,3457
8474,2143
8475,3695
8476,1432
8477,5188
8478,4771
8479,5279
8480,877
8481,8857
8482,2805
8483,7047
8484,436
8485,4221
8486,931
8487,9914
8488,8659
8489,2969
8490,2121
8491,1659
8492,3967
8493,1625
8494,1285
8495,3052
8496,9060
8497,7360
8498,7141
8499,7389
8500,3704
8501,6186
8502,3345
8503,6266
8504,6526
8505,2572
8506,4183
8507,2170
8508,2226
8509,8232
8510,4558
8511,818
8512,2515
8513,944
8514,7850
8515,4039
8516,3574
8517,2734
8518,9119
8519,5996
8520,6523
8521,4451
8522,5284
8523,1316
8524,823
8525,7094
8526,5059
8527,7282
8528,6430
8529,688
8530,1416
8531,3113
8532,4164
8533,3403
8534,2915
8535,3771
8536,1980
8537,1178
8538,7576
8539,3497
8540,9838
8541,6986
8542,8224
8543,1632
8544,3208
8545,9318
8546,6025
8547,7243
8548,8734
8549,4724
8550,8929
8551,5882
8552,3504
8553,3185
8554,4027
8555,4431
8556,2428
8557,1054
8558,4775
8559,3027
8560,1845
8561,7809
8562,463
8563,2321
8564,6574
8565,4824
8566,5729
8567,3112
8568,8312
8569,3360
8570,7024
8571,3991
8572,3719
8573,3321
8574,7342
8575,316
8576,7050
8577,5294
8578,6273
8579,1524
8580,8514
8581,6782
8582,2077
8583,3296
8584,9815
8585,8933
8586,987
8587,2899
8588,7212
8589,6859
8590,6686
8591,4623
8592,8964
8593,4421
8594,6663
8595,4074
8596,5986
8597,4696
8598,3611
8599,2659
8600,3963
8601,1833
8602,7509
8603,4752
8604,4596
8605,2051
8606,2523
8607,5934
8608,6129
8609,6647
8610,1144
8611,6628
8612,9116
8613,701
8614,4016
8615,8000
8616,4883
8617,3755
8618,4322
8619,6116
8620,468
8621,9715
8622,1578
8623,7381
8624,6438
8625,5009
8626,6708
8627,5628
8628,4275
8629,5235
8630,3595
8631,9077
8632,994
8633,3251
8634,740
8635,7710
8636,4635
8637,6830
8638,6466
8639,8777
8640,883
8641,4615
8642,5754
8643,4188
8644,9126
8645,6048
8646,3306
8647,8299
8648,8149
8649,7670
8650,3608
8651,8992
8652,4490
8653,5305
8654,8171
8655,3775
8656,6519
8657,889
8658,4953
8659,4574
8660,5699
8661,3965
8662,9790
8663,3057
8664,4340
8665,8266
8666,5450
8667,7417
8668,4161
8669,2112
8670,7417
8671,1829
8672,6962
8673,2431
8674,1407
8675,8886
8676,8293
8677,8145
8678,3859
8679,1450
8680,5371
8681,8693
8682,6153
8683,3513
8684,9253
8685,2899
8686,1994
8687,7898
8688,5120
8689,3953
8690,6031
8691,3641
8692,7349
8693,4598
8694,6163
8695,1570
8696,5669
8697,5713
8698,2035
8699,391
8700,2263
8701,2227
8702,6597
8703,1302
8704,9779
8705,5496
8706,468
8707,9599
8708,7047
8709,5834
8710,5379
8711,565
8712,2825
8713,2024
8714,7707
8715,720
8716,2937
8717,1138
8718,4606
8719,4468
8720,2268
8721,4020
8722,5887
8723,7069
8724,3880
8725,3955
8726,903
8727,6488
8728,8218
8729,9254
8730,8548
8731,5177
8732,7215
8733,7260
8734,5298
8735,6017
8736,4740
8737,7361
8738,4753
8739,9424
8740,3007
8741,4352
8742,8791
8743,6166
8744,7650
8745,8687
8746,5898
8747,3722
8748,7345
8749,1768
8750,6349
8751,5152
8752,801
8753,4563
8754,8869
8755,2618
8756,6936
8757,855
8758,7156
8759,1171
8760,9937
8761,547
8762,6413
8763,7418
8764,8496
8765,264
8766,9912
8767,3437
8768,3739
8769,2724
8770,4331
8771,7833
8772,7537
8773,240
8774,9043
8775,6339
8776,7242
8777,5330
8778,2168
8779,6987
8780,991
8781,1397
8782,1286
8783,1262
8784,4247
8785,1978
8786,9364
8787,3837
8788,905
8789,4834
8790,2897
8791,8625
8792,7846
8793,1019
8794,732
8795,5733
8796,4117
8797,7687
8798,5384
8799,1740
8800,4303
8801,7523
8802,7670
8803,679
8804,1084
8805,1945
8806,5999
8807,3157
8808,2284
8809,3753
8810,8035
8811,1040
8812,8070
8813,4098
8814,1820
8815,6937
8816,6247
8817,1609
8818,6510
8819,5303
8820,9221
8821,6473
8822,6462
8823,4481
8824,3527
8825,7677
8826,1636
8827,5752
8828,6089
8829,5139
8830,7582
8831,7897
8832,1748
8833,3051
8834,2718
8835,8229
8836,1091
8837,6852
8838,1155
8839,2668
8840,5439
8841,6822
8842,6163
8843,3678
8844,1813
8845,8450
8846,5775
8847,3146
8848,5986
8849,7631
8850,4049
8851,6965
8852,9717
8853,8106
8854,8310
8855,1708
8856,1766
8857,4732
8858,1052
8859,9430
8860,9192
8861,2263
8862,7678
8863,1164
8864,1077
8865,9440
8866,465
8867,3329
8868,4969
8869,8680
8870,1985
8871,8987
8872,8566
8873,608
8874,6031
8875,9903
8876,7633
8877,2091
8878,8585
8879,5639
8880,3944
8881,5644
8882,7046
8883,8117
8884,8104
8885,4222
8886,3141
8887,8250
8888,2762
8889,2591
8890,3101
8891,3874
8892,4977
8893,5105
8894,524
8895,7577
8896,6571
8897,9286
8898,3292
8899,4955
8900,1970
8901,3692
8902,4469
8903,2287
8904,9901
8905,7384
8906,7518
8907,9886
8908,3536
8909,1130
8910,385
8911,4576
8912,8234
8913,3135
8914,8961
8915,4328
8916,1550
8917,207
8918,7734
8919,8106
8920,4687
8921,4911
8922,8157
8923,6247
8924,2723
8925,2662
8926,6899
8927,6721
8928,4759
8929,2881
8930,1183
8931,8014
8932,6740
8933,8862
8934,706
8935,8353
8936,6176
8937,8882
8938,5528
8939,4391
8940,9398
8941,4720
8942,1772
8943,7100
8944,1844
8945,2402
8946,8981
8947,3845
8948,7323
8949,2873
8950,9905
8951,1067
8952,4959
8953,6673
8954,8675
8955,9990
8956,8603
8957,7072
8958,4006
8959,6896
8960,6773
8961,9800
8962,1012
8963,3011
8964,4932
8965,4817
8966,4449
8967,4217
8968,391
8969,4799
8970,3258
8971,1504
8972,4095
8973,5495
8974,2191
8975,7714
8976,6579
8977,4757
8978,5465
8979,206
8980,4737
8981,3441
8982,2839
8983,8898
8984,6383
8985,6664
8986,1360
8987,8528
8988,5205
8989,9017
8990,8439
8991,8842
8992,8354
8993,5768
8994,2060
8995,4033
8996,8770
8997,1646
8998,1341
8999,309
9000,8969
9001,6972
9002,9936
9003,2753
9004,3460
9005,5867
9006,9395
9007,2409
9008,9219
9009,9712
9010,2824
9011,2146
9012,1819
9013,8955
9014,3395
9015,7407
9016,7586
9017,5727
9018,6001
9019,2565
9020,8436
9021,9971
9022,2605
9023,6081
9024,1203
9025,5054
9026,8081
9027,4106
9028,2665
9029,7730
9030,3697
9031,2642
9032,131
9033,7244
9034,5888
9035,5304
9036,652
9037,3993
9038,7848
9039,8778
9040,1961
9041,6213
9042,7164
9043,3162
9044,6956
9045,9254
9046,9665
9047,1834
9048,6013
9049,7579
9050,7282
9051,3719
9052,8492
9053,7423
9054,2824
9055,921
9056,7946
9057,7129
9058,2067
9059,9953
9060,4276
9061,6486
9062,7413
9063,4729
9064,3710
9065,6782
9066,9381
9067,4023
9068,804
9069,4206
9070,8808
9071,5158
9072,2470
9073,2904
9074,3469
9075,2537
9076,917
9077,5745
9078,2767
9079,1476
9080,8147
9081,5484
9082,8952
9083,3481
9084,4849
9085,3969
9086,616
9087,1913
9088,3567
9089,4206
9090,7627
9091,8227
9092,5771
9093,3287
9094,1084
9095,645
9096,2358
9097,5104
9098,6391
9099,8293
9100,6381
9101,5564
9102,684
9103,7400
9104,1035
9105,3028
9106,8030
9107,947
9108,1567
9109,9536
9110,8205
9111,3612
9112,3295
9113,8070
9114,7100
9115,2577
9116,9974
9117,5554
9118,4693
9119,1119
9120,491
9121,7855
9122,7647
9123,2939
9124,1346
9125,1201
9126,9383
9127,1591
9128,8785
9129,9619
9130,9502
9131,6022
9132,3534
9133,3751
9134,5272
9135,4708
9136,2983
9137,2032
9138,4146
9139,9915
9140,7651
9141,8693
9142,4503
9143,3245
9144,5627
9145,4545
9146,4689
9147,4776
9148,5441
9149,2677
9150,7417
9151,7693
9152,9897
9153,434
9154,7772
9155,1090
9156,4343
9157,636
9158,8378
9159,3617
9160,3265
9161,1781
9162,8845
9163,7775
9164,8897
9165,3785
9166,5727
9167,3822
9168,9873
9169,4395
9170,110
9171,5614
9172,6062
9173,1955
9174,2663
9175,2869
9176,4261
9177,3799
9178,8293
9179,4491
9180,5274
9181,8229
9182,2068
9183,5586
9184,9183
9185,7417
9186,2177
9187,9116
9188,6880
9189,5115
9190,523
9191,5033
9192,8637
9193,6479
9194,5612
9195,4991
9196,7334
9197,2261
9198,280
9199,8923
9200,7790
9201,7063
9202,6826
9203,9282
9204,6597
9205,5338
9206,801
9207,7045
9208,8830
9209,2249
9210,7102
9211,759
9212,680
9213,7151
9214,9159
9215,6703
9216,3520
9217,652
9218,2031
9219,3342
9220,4911
9221,3652
9222,5896
9223,5001
9224,4918
9225,5663
9226,7077
9227,8096
9228,2808
9229,6807
9230,9281
9231,9115
9232,1383
9233,8259
9234,1041
9235,3975
9236,7183
9237,7049
9238,1521
9239,3128
9240,3842
9241,9125
9242,3390
9243,9693
9244,1992
9245,168
9246,6458
9247,4211
9248,3935
9249,1600
9250,3787
9251,2987
9252,9899
9253,3184
9254,9032
9255,8184
9256,596
9257,4202
9258,9233
9259,3183
9260,8185
9261,416
9262,9582
9263,3442
9264,7790
9265,4409
9266,9862
9267,7096
9268,4417
9269,1942
9270,9666
9271,9437
9272,5889
9273,3901
9274,1415
9275,385
9276,7076
9277,4943
9278,5051
9279,3036
9280,5990
9281,910
9282,7250
9283,2198
9284,7316
9285,5867
9286,8816
9287,2698
9288,1472
9289,9938
9290,3877
9291,1387
9292,574
9293,1004
9294,4250
9295,6643
9296,7289
9297,8960
9298,7708
9299,1524
9300,847
9301,9382
9302,3854
9303,4889
9304,7427
9305,6482
9306,8885
9307,1336
9308,379
9309,2123
9310,7886
9311,382
9312,311
9313,1224
9314,4176
9315,3913
9316,3272
9317,1269
9318,5395
9319,7231
9320,3521
9321,3265
9322,8718
9323,2616
9324,6216
9325,235
9326,742
9327,1150
9328,277
9329,187
9330,8482
9331,2464
9332,1615
9333,9099
9334,4086
9335,4709
9336,8816
9337,569
9338,4615
9339,5655
9340,4160
9341,4655
9342,1657
9343,9060
9344,4171
9345,744
9346,4358
9347,907
9348,1640
9349,7066
9350,4646
9351,3158
9352,9503
9353,9921
9354,3440
9355,8846
9356,6747
9357,4592
9358,1349
9359,4105
9360,7509
9361,8227
9362,6611
9363,7954
9364,8477
9365,6263
9366,5046
9367,1509
9368,2792
9369,8075
9370,9570
9371,9974
9372,9063
9373,358
9374,2262
9375,9408
9376,7213
9377,2475
9378,7873
9379,6509
9380,1189
9381,1598
9382,584
9383,5079
9384,3502
9385,5917
9386,9274
9387,248
9388,7958
9389,195
9390,5137
9391,6698
9392,3208
9393,3024
9394,1856
9395,9717
9396,975
9397,4372
9398,6185
9399,4349
9400,2316
9401,4601
9402,1247
9403,8651
9404,3791
9405,1845
9406,7118
9407,5006
9408,1920
9409,4277
9410,115
9411,2106
9412,1894
9413,5723
9414,7767
9415,5067
9416,9180
9417,4682
9418,8993
9419,224
9420,7767
9421,6882
9422,4226
9423,6922
9424,8464
9425,6531
9426,1893
9427,5633
9428,2799
9429,4770
9430,1424
9431,9283
9432,8140
9433,4998
9434,6907
9435,5040
9436,3241
9437,1401
9438,5954
9439,400
9440,9697
9441,5612
9442,8016
9443,9344
9444,4230
9445,6668
9446,8221
9447,3753
9448,4624
9449,2603
9450,3445
9451,9445
9452,8253
9453,8388
9454,2978
9455,5488
9456,1517
9457,7974
9458,2090
9459,2444
9460,7659
9461,4167
9462,1092
9463,9091
9464,1085
9465,6615
9466,6761
9467,9872
9468,2520
9469,7952
9470,8345
9471,993
9472,855
9473,1969
9474,4361
9475,4814
9476,4859
9477,9101
9478,8540
9479,1740
9480,2971
9481,9091
9482,1538
9483,3695
9484,6288
9485,785
9486,7954
9487,4303
9488,8009
9489,726
9490,5618
9491,7961
9492,2417
9493,8591
9494,2237
9495,1058
9496,8128
9497,5069
9498,4599
9499,2486
9500,2583
9501,2340
9502,4351
9503,657
9504,2918
9505,1177
9506,8870
9507,3118
9508,9847
9509,8640
9510,4930
9511,6793
9512,1807
9513,7759
9514,9736
9515,4236
9516,5929
9517,1812
9518,6754
9519,9968
9520,8291
9521,5484
9522,8772
9523,9348
9524,4089
9525,8157
9526,1141
9527,3549
9528,6642
9529,1241
9530,9133
9531,4838
9532,2304
9533,3056
9534,4024
9535,2533
9536,3506
9537,9901
9538,5557
9539,5275
9540,1242
9541,1293
9542,6720
9543,4070
9544,8468
9545,9660
9546,3347
9547,7516
9548,3548
9549,1475
9550,6826
9551,8407
9552,3522
9553,2190
9554,6967
9555,973
9556,2130
9557,8079
9558,2524
9559,3393
9560,5391
9561,5806
9562,2053
9563,4353
9564,4074
9565,8318
9566,6611
9567,6390
9568,8536
9569,3743
9570,2971
9571,6432
9572,4061
9573,3909
9574,7465
9575,4254
9576,7628
9577,1795
9578,9106
9579,2916
9580,4988
9581,5960
9582,2668
9583,822
9584,8286
9585,7729
9586,7376
9587,6667
9588,3273
9589,8364
9590,9480
9591,3439
9592,6518
9593,3338
9594,5882
9595,7664
9596,581
9597,5256
9598,8156
9599,3287
9600,9206
9601,4484
9602,1944
9603,3908
9604,3700
9605,8775
9606,5635
9607,4906
9608,695
9609,2189
9610,6326
9611,9138
9612,5521
9613,9350
9614,533
9615,5773
9616,3002
9617,7795
9618,6472
9619,3067
9620,5769
9621,6922
9622,1294
9623,7630
9624,4137
9625,5026
9626,5316
9627,8821
9628,9085
9629,690
9630,5606
9631,1304
9632,6179
9633,5164
9634,4851
9635,9372
9636,5091
9637,219
9638,2944
9639,493
9640,1437
9641,2463
9642,6638
9643,8655
9644,1621
9645,1346
9646,8547
9647,5489
9648,3446
9649,5657
9650,8977
9651,2890
9652,5761
9653,2474
9654,2845
9655,9701
9656,7910
9657,5517
9658,745
9659,9257
9660,683
9661,3065
9662,3404
9663,6878
9664,1133
9665,1452
9666,4149
9667,6162
9668,2550
9669,4067
9670,1146
9671,9255
9672,7580
9673,740
9674,5555
9675,3326
9676,7125
9677,2486
9678,3344
9679,4038
9680,7935
9681,4675
9682,2620
9683,5281
9684,3133
9685,8347
9686,656
9687,2670
9688,1772
9689,4011
9690,6478
9691,8884
9692,1008
9693,7727
9694,5066
9695,766
9696,2861
9697,3958
9698,9527
9699,4346
9700,589
9701,1322
9702,7644
9703,7938
9704,873
9705,6536
9706,6750
9707,688
9708,9380
9709,5487
9710,1908
9711,2411
9712,5516
9713,2991
9714,6211
9715,6634
9716,3126
9717,7208
9718,2792
9719,8989
9720,3446
9721,4236
9722,3788
9723,3406
9724,884
9725,8039
9726,9709
9727,8226
9728,4083
9729,7056
9730,2518
9731,5948
9732,284
9733,9762
9734,1868
9735,4239
9736,2714
9737,6824
9738,5759
9739,7729
9740,6941
9741,3452
9742,8408
9743,6461
9744,9632
9745,7328
9746,3519
9747,9004
9748,9241
9749,4187
9750,1277
9751,4467
9752,3657
9753,8901
9754,2561
9755,3364
9756,216
9757,3864
9758,8263
9759,6807
9760,5613
9761,2749
9762,4990
9763,7018
9764,3113
9765,2558
9766,1821
9767,4807
9768,6218
9769,322
9770,1488
9771,6026
9772,3207
9773,112
9774,2951
9775,6283
9776,549
9777,7087
9778,6922
9779,1494
9780,2690
9781,1075
9782,6446
9783,9140
9784,3503
9785,6556
9786,6296
9787,9145
9788,487
9789,1033
9790,5803
9791,5784
9792,5596
9793,977
9794,3556
9795,2563
9796,209
9797,3358
9798,5310
9799,1259
9800,5143
9801,2785
9802,1877
9803,9799
9804,6918
9805,6213
9806,8057
9807,356
9808,4770
9809,6172
9810,7949
9811,4079
9812,9966
9813,6331
9814,1544
9815,4550
9816,4025
9817,8613
9818,8141
9819,9983
9820,8974
9821,6810
9822,6071
9823,1825
9824,6137
9825,5627
9826,1882
9827,2094
9828,199
9829,1868
9830,5841
9831,5047
9832,2570
9833,1366
9834,7724
9835,4911
9836,3873
9837,5561
9838,1245
9839,4383
9840,835
9841,6681
9842,9378
9843,5695
9844,6076
9845,3752
9846,7487
9847,991
9848,7453
9849,5181
9850,3802
9851,1921
9852,7725
9853,589
9854,3110
9855,4698
9856,6806
9857,247
9858,1060
9859,2985
9860,9738
9861,6586
9862,736
9863,1314
9864,5166
9865,419
9866,1693
9867,9613
9868,1121
9869,3348
9870,792
9871,2897
9872,483
9873,5801
9874,1377
9875,5452
9876,8760
9877,6021
9878,3189
9879,4757
9880,3794
9881,3599
9882,1431
9883,7108
9884,1773
9885,7030
9886,4006
9887,4220
9888,1371
9889,4518
9890,9668
9891,6496
9892,1226
9893,1967
9894,4105
9895,343
9896,8651
9897,5083
9898,9133
9899,2311
9900,9329
9901,1474
9902,4647
9903,4407
9904,2777
9905,3589
9906,7030
9907,511
9908,478
9909,3462
9910,1798
9911,2706
9912,1815
9913,2048
9914,6093
9915,7060
9916,4265
9917,3257
9918,2515
9919,9725
9920,2897
9921,568
9922,3703
9923,4406
9924,2636
9925,3917
9926,9251
9927,5605
9928,8938
9929,9982
9930,7774
9931,7993
9932,5384
9933,7176
9934,9536
9935,7628
9936,542
9937,4337
9938,7911
9939,701
9940,1950
9941,6691
9942,6332
9943,4988
9944,8978
9945,8410
9946,1504
9947,9431
9948,4115
9949,7870
9950,6232
9951,6932
9952,7380
9953,5565
9954,7506
9955,1432
9956,6740
9957,1485
9958,2664
9959,845
9960,3422
9961,7476
9962,819
9963,7595
9964,7073
9965,4597
9966,3285
9967,281
9968,5830
9969,1705
9970,5774
9971,4501
9972,2697
9973,1302
9974,3304
9975,2610
9976,7174
9977,1909
9978,2020
9979,8018
9980,5836
9981,4505
9982,9161
9983,1411
9984,2433
9985,1586
9986,3970
9987,7355
9988,6102
9989,8822
9990,3653
9991,2510
9992,4479
9993,5072
9994,7673
9995,4899
9996,8450
9997,5291
9998,5570
9999,4475
10000,2854
10001,6520
10002,701
10003,8704
10004,7615
10005,1845
10006,9404
10007,5606
10008,1605
10009,5357
10010,3893
10011,9224
10012,2976
10013,7575
10014,7079
10015,2185
10016,717
10017,5193
10018,7659
10019,6089
10020,3785
10021,3114
10022,939
10023,5579
10024,2385
10025,3808
10026,8977
10027,7766
10028,1652
10029,6615
10030,306
10031,783
10032,4213
10033,7238
10034,2708
10035,8921
10036,271
10037,9401
10038,8513
10039,105
10040,565
10041,3570
10042,1409
10043,7441
10044,8201
10045,8651
10046,6743
10047,2379
10048,4102
10049,2026
10050,1545
10051,5494
10052,1837
10053,3033
10054,365
10055,7899
10056,7819
10057,1098
10058,4216
10059,4582
10060,6528
10061,8773
10062,7147
10063,4538
10064,8364
10065,7608
10066,329
10067,664
10068,5086
10069,8507
10070,6495
10071,2708
10072,4606
10073,206
10074,2191
10075,986
10076,7549
10077,5728
10078,1978
10079,5700
10080,5190
10081,475
10082,4120
10083,4031
10084,3519
10085,6019
10086,6087
10087,7413
10088,3743
10089,8983
10090,6649
10091,7819
10092,9054
10093,8379
10094,9464
10095,8487
10096,2143
10097,5967
10098,3544
10099,1497
10100,3508
10101,5673
10102,4775
10103,8592
10104,7837
10105,3823
10106,8591
10107,8391
10108,7499
10109,7463
10110,6221
10111,2504
10112,6497
10113,6801
10114,5255
10115,2750
10116,6323
10117,7027
10118,6923
10119,4172
10120,1500
10121,2391
10122,8678
10123,692
10124,3022
10125,2368
10126,887
10127,8564
10128,8932
10129,779
10130,2380
10131,6582
10132,5835
10133,4524
10134,8782
10135,7402
10136,9685
10137,1560
10138,7555
10139,5995
10140,2057
10141,8894
10142,5973
10143,6724
10144,9419
10145,4658
10146,8357
10147,7814
10148,9950
10149,2278
10150,8522
10151,162
10152,3062
10153,3125
10154,9074
10155,4601
10156,5786
10157,3630
10158,2612
10159,4250
10160,8724
10161,4998
10162,9364
10163,993
10164,9458
10165,217
10166,9085
10167,2966
10168,113
10169,8458
10170,6319
10171,2396
10172,6170
10173,1585
10174,2485
10175,5797
10176,6983
10177,8204
10178,5422
10179,8785
10180,5577
10181,1310
10182,4231
10183,5896
10184,1905
10185,5453
10186,1749
10187,2149
10188,6065
10189,8682
10190,9247
10191,3912
10192,3774
10193,870
10194,9131
10195,4210
10196,9308
10197,5419
10198,1130
10199,5872
10200,587
10201,7755
10202,391
10203,8049
10204,7500
10205,9216
10206,1406
10207,4694
10208,229
10209,2912
10210,178
10211,3279
10212,1974
10213,1698
10214,5599
10215,3617
10216,6004
10217,9805
10218,858
10219,1948
10220,6931
10221,3443
10222,4758
10223,3871
10224,2650
10225,967
10226,7008
10227,3958
10228,6550
10229,3461
10230,9774
10231,8331
10232,5538
10233,7938
10234,9940
10235,214
10236,7556
10237,8721
10238,6878
10239,7644
10240,9840
10241,9895
10242,9110
10243,8388
10244,3350
10245,7056
10246,7705
10247,6427
10248,6621
10249,3529
10250,9035
10251,3512
10252,4381
10253,8490
10254,1451
10255,8531
10256,4230
10257,3571
10258,2254
10259,8943
10260,4228
10261,2410
10262,972
10263,2778
10264,7270
10265,4295
10266,7107
10267,5652
10268,9296
10269,2607
10270,5337
10271,9427
10272,3132
10273,1034
10274,9435
10275,4547
10276,4887
10277,8447
10278,1404
10279,501
10280,573
10281,3312
10282,8307
10283,4269
10284,116
10285,8546
10286,5252
10287,9102
10288,4295
10289,4385
10290,8426
10291,903
10292,3779
10293,9926
10294,7330
10295,2005
10296,6508
10297,3398
10298,5067
10299,8439
10300,1088
10301,5505
10302,9485
10303,1116
10304,9569
10305,7657
10306,222
10307,2958
10308,2380
10309,1400
10310,6042
10311,9569
10312,6996
10313,8495
10314,9175
10315,4080
10316,1788
10317,6601
10318,2048
10319,8401
10320,8102
10321,9145
10322,4946
10323,6334
10324,3106
10325,4646
10326,6408
10327,4597
10328,5062
10329,9748
10330,4078
10331,7434
10332,3388
10333,4889
10334,3004
10335,5728
10336,9237
10337,6998
10338,397
10339,1855
10340,2564
10341,8425
10342,4166
10343,7773
10344,1906
10345,8405
10346,8260
10347,1981
10348,4338
10349,441
10350,1825
10351,6812
10352,8845
10353,8858
10354,7044
10355,7014
10356,1600
10357,6762
10358,7373
10359,5100
10360,3043
10361,4326
10362,1753
10363,3167
10364,3489
10365,8904
10366,757
10367,9655
10368,2121
10369,1889
10370,9328
10371,9286
10372,9967
10373,243
10374,3556
10375,4237
10376,6133
10377,3878
10378,377
10379,7848
10380,4209
10381,6819
10382,4653
10383,1611
10384,1880
10385,4592
10386,3848
10387,2482
10388,4383
10389,3452
10390,704
10391,2968
10392,3517
10393,1080
10394,2129
10395,9273
10396,8267
10397,2931
10398,469
10399,8281
10400,2975
10401,3486
10402,8803
10403,1944
10404,6959
10405,2958
10406,7974
10407,9440
10408,8704
10409,2308
10410,4888
10411,7419
10412,5885
10413,1837
10414,9304
10415,3188
10416,765
10417,9157
10418,5716
10419,9507
10420,3690
10421,4955
10422,7223
10423,8298
10424,3399
10425,3355
10426,457
10427,4563
10428,2607
10429,9025
10430,9110
10431,6315
10432,7239
10433,6349
10434,8408
10435,3945
10436,5546
10437,1391
10438,3909
10439,3694
10440,6494
10441,2818
10442,1942
10443,6891
10444,2295
10445,8493
10446,7791
10447,7006
10448,3787
10449,8072
10450,7912
10451,5902
10452,9774
10453,8125
10454,8809
10455,5924
10456,5184
10457,5429
10458,8444
10459,1113
10460,8842
10461,5319
10462,6230
10463,7142
10464,992
10465,8844
10466,4578
10467,3515
10468,2291
10469,8438
10470,5633
10471,1382
10472,6921
10473,3532
10474,8677
