customer_id,sale_amount
1,1972
2,6372
3,4341
4,1867
5,4441
6,5500
7,5916
8,5876
9,7465
10,9451
11,984
12,3312
13,6187
14,6522
15,4645
16,7954
17,8290
18,7644
19,5048
20,8996
21,1370
22,1005
23,3274
24,7364
25,2616
26,2186
27,2397
28,1255
29,9610
30,4179
31,4377
32,6597
33,1810
34,5990
35,2854
36,4661
37,2610
38,8819
39,3758
40,3535
41,4581
42,1271
43,829
44,9792
45,2464
46,958
47,5206
48,2935
49,406
50,1480
51,3861
52,7745
53,3955
54,633
55,4964
56,6474
57,7500
58,2875
59,740
60,6040
61,8756
62,6815
63,134
64,597
65,6882
66,2986
67,1262
68,2200
69,8075
70,9564
71,8556
72,9296
73,3100
74,5853
75,6275
76,5105
77,6017
78,9445
79,8743
80,4305
81,3659
82,371
83,2806
84,9596
85,1863
86,2448
87,9282
88,7268
89,631
90,5535
91,516
92,7903
93,5272
94,7205
95,3570
96,3645
97,3364
98,3377
99,5195
100,9301
101,9698
102,1222
103,9181
104,3387
105,450
106,137
107,6723
108,8961
109,5620
110,7559
111,5284
112,1293
113,6011
114,8895
115,5395
116,7168
117,7887
118,8461
119,3872
120,1277
121,6166
122,2099
123,6602
124,987
125,9582
126,4724
127,1562
128,7793
129,6458
130,5683
131,3600
132,1021
133,6640
134,4602
135,3678
136,5377
137,7204
138,8488
139,3518
140,4512
141,4419
142,8822
143,6502
144,9866
145,3664
146,151
147,1072
148,5752
149,2671
150,6939
151,3225
152,1933
153,7550
154,3070
155,8851
156,8284
157,3602
158,9989
159,2752
160,1178
161,9430
162,7873
163,9999
164,6648
165,6110
166,7398
167,8969
168,7100
169,6784
170,7167
171,9635
172,1938
173,3068
174,4859
175,1561
176,5018
177,3733
178,5468
179,4572
180,2822
181,3037
182,1220
183,6693
184,3091
185,1334
186,7430
187,927
188,993
189,7568
190,862
191,7004
192,3044
193,9352
194,8818
195,6802
196,6388
197,7854
198,5747
199,384
200,3888
201,8634
202,7635
203,6895
204,3546
205,211
206,4970
207,828
208,1243
209,8078
210,1036
211,9032
212,2964
213,1326
214,9874
215,3214
216,4553
217,3663
218,3194
219,5246
220,438
221,4906
222,3475
223,4904
224,4189
225,7989
226,9871
227,8199
228,9693
229,9057
230,2092
231,9242
232,3252
233,539
234,8481
235,7674
236,784
237,4156
238,5598
239,5141
240,6473
241,3869
242,4726
243,9317
244,5572
245,4317
246,590
247,874
248,8334
249,9851
250,427
251,8236
252,2503
253,2906
254,1794
255,9820
256,7817
257,3708
258,5644
259,4131
260,9203
261,236
262,768
263,3477
264,3212
265,2427
266,2852
267,7983
268,4661
269,2512
270,9879
271,9219
272,4076
273,5677
274,6254
275,5460
276,3294
277,196
278,7388
279,1197
280,8672
281,3205
282,245
283,2051
284,6492
285,656
286,9607
287,9979
288,6913
289,390
290,2957
291,2514
292,117
293,7588
294,6989
295,3573
296,2960
297,1584
298,2604
299,7316
300,383
301,2348
302,561
303,395
304,606
305,3451
306,7876
307,5742
308,2094
309,6884
310,8113
311,2027
312,6320
313,2553
314,4763
315,2927
316,7780
317,5264
318,7919
319,328
320,7589
321,3056
322,1905
323,1467
324,5629
325,8087
326,1982
327,7110
328,9721
329,2680
330,8812
331,6351
332,7258
333,9308
334,5208
335,1831
336,2584
337,5994
338,2611
339,3871
340,4060
341,955
342,1600
343,674
344,4075
345,6459
346,1735
347,8089
348,3651
349,3487
350,6047
351,2481
352,7828
353,686
354,406
355,2568
356,5817
357,7472
358,8712
359,6158
360,1792
361,1464
362,5944
363,6619
364,2067
365,4219
366,519
367,1100
368,1824
369,9858
370,4188
371,7625
372,3024
373,4060
374,4730
375,4187
376,5714
377,1007
378,2413
379,3581
380,2565
381,9302
382,2727
383,1816
384,7571
385,8233
386,3686
387,2611
388,3447
389,954
390,7254
391,8137
392,8918
393,5423
394,5392
395,5634
396,2879
397,3445
398,8182
399,3673
400,6111
401,9346
402,4993
403,8386
404,8175
405,5671
406,4992
407,7182
408,8719
409,9206
410,6754
411,4006
412,9412
413,6486
414,7368
415,5956
416,4429
417,7490
418,2226
419,1570
420,9171
421,531
422,2277
423,2877
424,206
425,9811
426,348
427,4321
428,8235
429,4109
430,9429
431,3267
432,7435
433,3358
434,6473
435,9643
436,7467
437,8437
438,5734
439,6584
440,793
441,9042
442,6299
443,9023
444,2030
445,1020
446,9647
447,6539
448,8501
449,8437
450,5333
451,3392
452,2110
453,1020
454,6576
455,9993
456,5414
457,1518
458,1595
459,1498
460,3499
461,883
462,7723
463,1987
464,5230
465,8970
466,1092
467,5394
468,4835
469,8013
470,7759
471,8725
472,6965
473,8795
474,4091
475,4107
476,9161
477,8678
478,1820
479,6851
480,1694
481,8590
482,3267
483,9941
484,8987
485,5962
486,2569
487,9882
488,6642
489,3653
490,4065
491,4655
492,5696
493,3175
494,2864
495,2742
496,8265
497,8343
498,3371
499,4783
500,4037
501,7847
502,5934
503,8878
504,4109
505,5918
506,4606
507,5061
508,9948
509,5333
510,2326
511,7019
512,7962
513,5057
514,5811
515,9031
516,2035
517,7825
518,7412
519,5712
520,8639
521,8921
522,2470
523,3062
524,6241
525,5123
526,9141
527,8478
528,5182
529,2001
530,2032
531,1174
532,5107
533,2491
534,5034
535,6538
536,8876
537,8078
538,3757
539,6294
540,5330
541,201
542,3857
543,4186
544,8386
545,9679
546,2258
547,7099
548,2528
549,6696
550,7190
551,135
552,884
553,3737
554,6829
555,3268
556,1535
557,1374
558,2356
559,6046
560,7813
561,2589
562,4162
563,3403
564,9504
565,8982
566,6752
567,4558
568,1720
569,3774
570,652
571,3504
572,1318
573,1075
574,1008
575,5094
576,6807
577,9970
578,9408
579,3356
580,1538
581,1276
582,9955
583,3091
584,2594
585,2420
586,6656
587,6303
588,1796
589,7454
590,3981
591,4460
592,5355
593,7337
594,270
595,3577
596,6202
597,3446
598,6312
599,7548
600,4378
601,3981
602,311
603,3277
604,4353
605,2643
606,5672
607,2276
608,2571
609,2925
610,3316
611,9180
612,9306
613,2145
614,3448
615,8150
616,8766
617,1747
618,1358
619,3453
620,7621
621,3270
622,8418
623,8587
624,8682
625,7196
626,1323
627,8432
628,8185
629,5331
630,5870
631,8710
632,1989
633,9672
634,1426
635,9290
636,476
637,9756
638,2386
639,6517
640,1193
641,3791
642,3094
643,9349
644,9666
645,2047
646,3281
647,5256
648,4530
649,3825
650,8034
651,3136
652,8464
653,5870
654,938
655,653
656,1667
657,9209
658,568
659,5665
660,7025
661,2293
662,7119
663,4959
664,3465
665,7567
666,8842
667,5849
668,6436
669,3202
670,7059
671,9902
672,6595
673,9743
674,9008
675,8803
676,9097
677,9777
678,6099
679,9212
680,6937
681,6256
682,5065
683,9368
684,9240
685,9434
686,3098
687,6167
688,6420
689,6501
690,5249
691,5262
692,6614
693,617
694,1249
695,4595
696,4682
697,6171
698,557
699,7476
700,7660
701,590
702,2437
703,5210
704,3448
705,9777
706,6916
707,8335
708,5699
709,1482
710,7396
711,8249
712,6843
713,8061
714,759
715,8855
716,396
717,9097
718,8164
719,1101
720,107
721,7354
722,8132
723,4657
724,3440
725,3449
726,6945
727,8496
728,675
729,9133
730,2023
731,3115
732,1003
733,2915
734,2339
735,5351
736,8456
737,3539
738,8545
739,1817
740,3002
741,2741
742,275
743,7375
744,5736
745,4360
746,6365
747,3948
748,300
749,4449
750,6685
751,9200
752,8251
753,769
754,3758
755,6888
756,5042
757,9489
758,8919
759,4406
760,9407
761,2930
762,6966
763,6385
764,7639
765,7555
766,9995
767,5066
768,3785
769,2512
770,8239
771,3711
772,9764
773,7136
774,8060
775,7150
776,5456
777,1493
778,4443
779,4940
780,9547
781,6796
782,9604
783,7697
784,384
785,9220
786,9598
787,2268
788,5818
789,9839
790,4251
791,7807
792,4114
793,5443
794,4469
795,1067
796,6643
797,5331
798,1793
799,4029
800,7454
801,6102
802,2494
803,854
804,1613
805,3883
806,7247
807,2275
808,6814
809,2310
810,6190
811,9729
812,7128
813,124
814,504
815,5516
816,7975
817,4360
818,1427
819,7168
820,4859
821,2179
822,9950
823,4331
824,8249
825,2929
826,4420
827,3030
828,6635
829,9827
830,2511
831,5786
832,3892
833,7714
834,2123
835,280
836,866
837,6117
838,3178
839,6976
840,7639
841,2348
842,9209
843,4721
844,7275
845,9391
846,7422
847,3765
848,3733
849,1493
850,6841
851,9718
852,3289
853,5197
854,1128
855,4992
856,3026
857,5911
858,4103
859,9756
860,1196
861,9230
862,4451
863,4204
864,191
865,4479
866,1318
867,2690
868,7592
869,9056
870,3423
871,2447
872,4534
873,9351
874,8302
875,6184
876,5752
877,9651
878,6996
879,1872
880,3237
881,7711
882,4573
883,6684
884,6943
885,4063
886,2327
887,2075
888,7998
889,2865
890,6768
891,3468
892,7148
893,7550
894,8591
895,8435
896,5392
897,2199
898,5042
899,6839
900,9153
901,6466
902,7319
903,6085
904,3293
905,3502
906,5210
907,7043
908,7330
909,9461
910,404
911,1244
912,4462
913,6942
914,3445
915,6763
916,7819
917,9860
918,638
919,662
920,4166
921,9395
922,5771
923,8524
924,2008
925,7502
926,6005
927,4577
928,2435
929,7222
930,5237
931,6090
932,4000
933,7781
934,2388
935,377
936,2284
937,2111
938,8291
939,3908
940,7846
941,6529
942,7657
943,3331
944,6542
945,9210
946,4364
947,7145
948,1543
949,253
950,4539
951,8911
952,2615
953,8489
954,9079
955,1905
956,3878
957,2628
958,2106
959,6850
960,3194
961,6589
962,9872
963,751
964,542
965,9586
966,1403
967,6653
968,9088
969,1491
970,8390
971,4566
972,4849
973,5635
974,6041
975,5346
976,1810
977,137
978,8887
979,1100
980,3627
981,3606
982,5062
983,3380
984,8490
985,5047
986,9238
987,161
988,7911
989,1558
990,9367
991,3756
992,1200
993,4732
994,964
995,8431
996,1341
997,8416
998,4182
999,6511
1000,1634
1001,7985
1002,4593
1003,914
1004,3675
1005,5066
1006,8130
1007,6218
1008,4136
1009,5153
1010,2103
1011,3496
1012,7955
1013,8649
1014,9450
1015,7848
1016,7850
1017,4912
1018,2170
1019,4448
1020,2797
1021,6519
1022,2723
1023,4533
1024,8935
1025,4792
1026,7911
1027,7110
1028,3450
1029,3104
1030,836
1031,3181
1032,2550
1033,3417
1034,4977
1035,5789
1036,5017
1037,8974
1038,5400
1039,8684
1040,7643
1041,7438
1042,6120
1043,2485
1044,4778
1045,7105
1046,2921
1047,2396
1048,1706
1049,8359
1050,5544
1051,5891
1052,5333
1053,232
1054,6341
1055,4507
1056,5934
1057,3350
1058,1982
1059,4309
1060,2911
1061,334
1062,2090
1063,3752
1064,5000
1065,7444
1066,9801
1067,6831
1068,7081
1069,1094
1070,792
1071,8182
1072,3389
1073,3564
1074,4479
1075,5273
1076,2388
1077,8290
1078,9932
1079,4935
1080,6260
1081,8486
1082,8438
1083,8683
1084,1389
1085,6968
1086,801
1087,5129
1088,2080
1089,7551
1090,9590
1091,1757
1092,999
1093,3960
1094,6939
1095,3336
1096,8317
1097,6078
1098,1446
1099,8213
1100,1467
1101,1405
1102,2849
1103,7386
1104,411
1105,9383
1106,2284
1107,9851
1108,6387
1109,2562
1110,7903
1111,5377
1112,4441
1113,6797
1114,1336
1115,5018
1116,8317
1117,799
1118,2867
1119,2337
1120,1483
1121,1182
1122,4946
1123,5820
1124,3492
1125,2530
1126,9158
1127,4284
1128,3036
1129,2258
1130,1578
1131,5819
1132,9616
1133,3252
1134,9332
1135,3636
1136,5429
1137,1242
1138,5631
1139,6491
1140,2084
1141,2170
1142,560
1143,4613
1144,346
1145,1397
1146,3122
1147,4432
1148,4856
1149,1291
1150,7841
1151,5098
1152,2492
1153,967
1154,9006
1155,6786
1156,1166
1157,9092
1158,7230
1159,3883
1160,4644
1161,5020
1162,8475
1163,5724
1164,4878
1165,206
1166,6878
1167,9129
1168,8453
1169,8713
1170,3034
1171,567
1172,2494
1173,4171
1174,2026
1175,9938
1176,9018
1177,5311
1178,1157
1179,9246
1180,3440
1181,2404
1182,4404
1183,8404
1184,8518
1185,7325
1186,1637
1187,228
1188,2168
1189,5461
1190,1179
1191,2891
1192,4549
1193,9924
1194,7842
1195,1023
1196,9124
1197,2920
1198,471
1199,1822
1200,7346
1201,6400
1202,2432
1203,9818
1204,8963
1205,3152
1206,5903
1207,814
1208,2602
1209,7632
1210,5814
1211,2610
1212,7638
1213,1852
1214,3935
1215,9611
1216,7533
1217,4311
1218,2343
1219,1342
1220,2210
1221,9487
1222,4570
1223,2943
1224,7455
1225,3900
1226,6663
1227,3597
1228,3697
1229,9400
1230,9577
1231,5241
1232,111
1233,8472
1234,6542
1235,6183
1236,4187
1237,869
1238,2141
1239,9408
1240,3825
1241,7847
1242,6011
1243,2817
1244,7482
1245,2074
1246,5903
1247,3044
1248,6934
1249,4190
1250,9464
1251,9007
1252,4890
1253,2342
1254,7443
1255,9477
1256,9835
1257,8976
1258,3407
1259,4301
1260,7856
1261,816
1262,5096
1263,4231
1264,6988
1265,1543
1266,7651
1267,7838
1268,9033
1269,1226
1270,9393
1271,4919
1272,5995
1273,4825
1274,4424
1275,8932
1276,6986
1277,7808
1278,3365
1279,3456
1280,7447
1281,9594
1282,6913
1283,6504
1284,1659
1285,8578
1286,4687
1287,3133
1288,2986
1289,4975
1290,5133
1291,5327
1292,7187
1293,6333
1294,6148
1295,1208
1296,5248
1297,5736
1298,2916
1299,5768
1300,6704
1301,4166
1302,5673
1303,4180
1304,9571
1305,9672
1306,8878
1307,1434
1308,3351
1309,5662
1310,4690
1311,7816
1312,8670
1313,8655
1314,6675
1315,4149
1316,5875
1317,6515
1318,5542
1319,7677
1320,7852
1321,7098
1322,4264
1323,5518
1324,838
1325,3385
1326,9024
1327,3163
1328,3323
1329,6304
1330,7141
1331,807
1332,8422
1333,2428
1334,7216
1335,9335
1336,6905
1337,3241
1338,8223
1339,4980
1340,1310
1341,5696
1342,6045
1343,3760
1344,5697
1345,6420
1346,5357
1347,2780
1348,5640
1349,6086
1350,7171
1351,5128
1352,7000
1353,6127
1354,8288
1355,9804
1356,7479
1357,1189
1358,8313
1359,3140
1360,9912
1361,626
1362,2882
1363,9236
1364,6963
1365,1220
1366,1667
1367,6186
1368,9979
1369,3705
1370,5528
1371,952
1372,4206
1373,5035
1374,6188
1375,1618
1376,2712
1377,7213
1378,2089
1379,4903
1380,4814
1381,4493
1382,3335
1383,1009
1384,1359
1385,3761
1386,6494
1387,1547
1388,3914
1389,2577
1390,4404
1391,1949
1392,1796
1393,7133
1394,4983
1395,2081
1396,7249
1397,855
1398,9926
1399,5431
1400,4170
1401,7784
1402,9921
1403,5833
1404,9795
1405,4268
1406,8031
1407,8689
1408,8013
1409,6208
1410,5673
1411,8336
1412,5516
1413,465
1414,5205
1415,2404
1416,4336
1417,2693
1418,7510
1419,1064
1420,6003
1421,7171
1422,5295
1423,3878
1424,9533
1425,1686
1426,8986
1427,6828
1428,215
1429,3771
1430,3707
1431,203
1432,5104
1433,1050
1434,8641
1435,6294
1436,4853
1437,3216
1438,725
1439,3395
1440,8629
1441,7991
1442,9933
1443,734
1444,3352
1445,8822
1446,4018
1447,4982
1448,8495
1449,9397
1450,1479
1451,2533
1452,3919
1453,575
1454,6088
1455,178
1456,3745
1457,6731
1458,2604
1459,8517
1460,1653
1461,2357
1462,1875
1463,6251
1464,5853
1465,1601
1466,6488
1467,2584
1468,4192
1469,6845
1470,5923
1471,4451
1472,6356
1473,885
1474,3864
1475,9727
1476,7084
1477,684
1478,4221
1479,4259
1480,3541
1481,3237
1482,8271
1483,6284
1484,7253
1485,5159
1486,8003
1487,5838
1488,5566
1489,4137
1490,2561
1491,2443
1492,6979
1493,3545
1494,8815
1495,5768
1496,7422
1497,8205
1498,2614
1499,867
1500,5625
1501,1813
1502,2016
1503,3321
1504,8324
1505,6682
1506,8609
1507,3467
1508,1504
1509,3259
1510,2305
1511,4611
1512,6979
1513,9995
1514,9640
1515,4782
1516,8150
1517,5969
1518,211
1519,301
1520,2004
1521,4456
1522,7817
1523,1100
1524,4442
1525,3620
1526,4030
1527,5648
1528,4940
1529,5247
1530,4297
1531,5816
1532,8267
1533,5163
1534,7222
1535,9731
1536,7279
1537,5977
1538,9043
1539,4759
1540,4365
1541,4142
1542,4471
1543,786
1544,9591
1545,6587
1546,110
1547,6873
1548,7912
1549,4603
1550,1957
1551,6847
1552,8225
1553,4545
1554,6708
1555,6883
1556,1453
1557,3478
1558,5826
1559,1013
1560,9578
1561,8548
1562,9420
1563,3365
1564,7467
1565,2193
1566,2457
1567,562
1568,8248
1569,2679
1570,4397
1571,4326
1572,3426
1573,2275
1574,4576
1575,4186
1576,6715
1577,6419
1578,279
1579,2903
1580,2184
1581,227
1582,3555
1583,7823
1584,1354
1585,1777
1586,6451
1587,1092
1588,7785
1589,6060
1590,6918
1591,5248
1592,5644
1593,5357
1594,2371
1595,6510
1596,5164
1597,1946
1598,5437
1599,5609
1600,7876
1601,5138
1602,5545
1603,5150
1604,7948
1605,8085
1606,2990
1607,8529
1608,3355
1609,9144
1610,4276
1611,3083
1612,3876
1613,3713
1614,111
1615,9236
1616,4512
1617,3876
1618,8995
1619,2069
1620,7710
1621,1417
1622,5868
1623,2965
1624,5648
1625,4785
1626,9900
1627,8305
1628,8327
1629,1571
1630,6152
1631,8907
1632,9605
1633,4383
1634,3217
1635,2927
1636,6806
1637,1325
1638,4746
1639,4362
1640,6074
1641,382
1642,3766
1643,3169
1644,9490
1645,7019
1646,3944
1647,9686
1648,9527
1649,2485
1650,4264
1651,9828
1652,8612
1653,6285
1654,4062
1655,3941
1656,1425
1657,6433
1658,3308
1659,9611
1660,5044
1661,3606
1662,3766
1663,3773
1664,3647
1665,4165
1666,5316
1667,7320
1668,8014
1669,1381
1670,2713
1671,5129
1672,5817
1673,8859
1674,3082
1675,1780
1676,8434
1677,2115
1678,4684
1679,9183
1680,7749
1681,7312
1682,9537
1683,3692
1684,1249
1685,4009
1686,6977
1687,8381
1688,9721
1689,6131
1690,8816
1691,5659
1692,2063
1693,1795
1694,758
1695,6690
1696,146
1697,7673
1698,3466
1699,1314
1700,5203
1701,8080
1702,8568
1703,4560
1704,1537
1705,986
1706,8472
1707,9639
1708,3694
1709,1174
1710,339
1711,4885
1712,4941
1713,2287
1714,7385
1715,3290
1716,4540
1717,5930
1718,4169
1719,3076
1720,7344
1721,9629
1722,4545
1723,5101
1724,260
1725,7043
1726,1425
1727,2584
1728,1348
1729,9817
1730,5896
1731,5294
1732,9141
1733,5583
1734,5258
1735,5467
1736,8051
1737,3431
1738,7120
1739,6024
1740,2983
1741,6843
1742,5158
1743,8686
1744,4508
1745,7067
1746,5170
1747,2042
1748,1044
1749,7357
1750,6648
1751,5854
1752,7975
1753,7457
1754,9502
1755,7007
1756,7387
1757,6676
1758,4085
1759,2992
1760,1617
1761,1778
1762,4829
1763,5464
1764,2367
1765,6461
1766,8666
1767,2751
1768,106
1769,2260
1770,2527
1771,4404
1772,9182
1773,1728
1774,8481
1775,5312
1776,9701
1777,1464
1778,2933
1779,3412
1780,1909
1781,1741
1782,9661
1783,6733
1784,1833
1785,2623
1786,8013
1787,969
1788,5271
1789,7469
1790,4546
1791,632
1792,5670
1793,9647
1794,6208
1795,1344
1796,4948
1797,3527
1798,4877
1799,7454
1800,6683
1801,2889
1802,8075
1803,9823
1804,4386
1805,7994
1806,3072
1807,2495
1808,1889
1809,5617
1810,9348
1811,4688
1812,3916
1813,1833
1814,5510
1815,7044
1816,2729
1817,5052
1818,988
1819,672
1820,716
1821,1760
1822,7434
1823,8429
1824,6388
1825,356
1826,6303
1827,3689
1828,8718
1829,2817
1830,4458
1831,7745
1832,197
1833,8220
1834,6513
1835,161
1836,7862
1837,7151
1838,455
1839,2671
1840,6782
1841,1906
1842,3797
1843,9469
1844,9670
1845,7607
1846,6056
1847,234
1848,2792
1849,7925
1850,2441
1851,2134
1852,6351
1853,6426
1854,4269
1855,2228
1856,8014
1857,9450
1858,4262
1859,8999
1860,5186
1861,2347
1862,1190
1863,6297
1864,6758
1865,143
1866,4005
1867,6220
1868,5790
1869,3152
1870,354
1871,8000
1872,2474
1873,6005
1874,1949
1875,4424
1876,9044
1877,3708
1878,9849
1879,3679
1880,9476
1881,7407
1882,3680
1883,9350
1884,4335
1885,5342
1886,9595
1887,4708
1888,8111
1889,1361
1890,7808
1891,9360
1892,755
1893,7715
1894,7474
1895,8895
1896,631
1897,3548
1898,9673
1899,4548
1900,5797
1901,1309
1902,4328
1903,8005
1904,464
1905,2599
1906,4639
1907,2963
1908,4540
1909,3826
1910,7895
1911,8124
1912,7437
1913,4863
1914,8428
1915,8054
1916,2061
1917,5689
1918,5811
1919,3102
1920,564
1921,4829
1922,5995
1923,1784
1924,2369
1925,5597
1926,9145
1927,1825
1928,7832
1929,9689
1930,1963
1931,8576
1932,5097
1933,1101
1934,5096
1935,3903
1936,7084
1937,7353
1938,799
1939,8303
1940,5288
1941,4361
1942,9303
1943,9012
1944,6166
1945,3327
1946,5714
1947,2774
1948,9579
1949,2115
1950,1820
1951,1254
1952,3265
1953,1933
1954,8395
1955,3456
1956,5874
1957,9574
1958,6289
1959,1353
1960,7531
1961,3530
1962,9672
1963,5127
1964,6901
1965,8044
1966,8893
1967,6029
1968,1771
1969,8177
1970,8459
1971,7906
1972,483
1973,5621
1974,8983
1975,8188
1976,310
1977,2810
1978,2354
1979,1372
1980,6594
1981,6549
1982,2397
1983,1116
1984,3952
1985,2778
1986,8152
1987,4154
1988,5933
1989,5295
1990,2156
1991,4367
1992,5812
1993,166
1994,2192
1995,9510
1996,2793
1997,1098
1998,7481
1999,6851
2000,2026
2001,9789
2002,5012
2003,3287
2004,6838
2005,5573
2006,362
2007,7122
2008,6113
2009,2357
2010,4432
2011,4005
2012,1906
2013,4968
2014,3261
2015,7336
2016,4800
2017,2280
2018,1045
2019,6818
2020,7302
2021,741
2022,4432
2023,5450
2024,8246
2025,6434
2026,7493
2027,4894
2028,1640
2029,2037
2030,1782
2031,2107
2032,5000
2033,5964
2034,9101
2035,232
2036,9806
2037,6438
2038,5735
2039,6390
2040,8970
2041,9435
2042,8812
2043,675
2044,3951
2045,2688
2046,6131
2047,9378
2048,3105
2049,1473
2050,6131
2051,2523
2052,4424
2053,9958
2054,9069
2055,9840
2056,5668
2057,2940
2058,860
2059,5375
2060,3361
2061,3922
2062,219
2063,7290
2064,2128
2065,8942
2066,4336
2067,4135
2068,4456
2069,846
2070,393
2071,3245
2072,5737
2073,3832
2074,2369
2075,5444
2076,4334
2077,2387
2078,9344
2079,2381
2080,6223
2081,5214
2082,393
2083,2280
2084,9630
2085,3669
2086,4933
2087,9813
2088,8935
2089,5906
2090,2937
2091,3421
2092,7886
2093,5673
2094,390
2095,6839
2096,6690
2097,8564
2098,6417
2099,7381
2100,4854
2101,1791
2102,6654
2103,7658
2104,4343
2105,7270
2106,3591
2107,5104
2108,5007
2109,2916
2110,3927
2111,1582
2112,9646
2113,9968
2114,1131
2115,5494
2116,601
2117,3924
2118,6686
2119,2131
2120,2605
2121,7459
2122,2354
2123,6996
2124,3928
2125,8957
2126,8643
2127,1598
2128,6968
2129,8084
2130,1449
2131,7655
2132,4098
2133,9870
2134,1494
2135,4819
2136,7125
2137,1084
2138,8755
2139,1806
2140,2735
2141,1352
2142,4962
2143,3897
2144,5625
2145,635
2146,3487
2147,3197
2148,8178
2149,9633
2150,9996
2151,4828
2152,5154
2153,4916
2154,7353
2155,5245
2156,5594
2157,5968
2158,3357
2159,5487
2160,7033
2161,8500
2162,9805
2163,5746
2164,6188
2165,5225
2166,3172
2167,262
2168,9057
2169,2386
2170,8994
2171,8260
2172,5558
2173,9807
2174,1461
2175,339
2176,9127
2177,8100
2178,2640
2179,7242
2180,3399
2181,6743
2182,6049
2183,9832
2184,7194
2185,726
2186,9757
2187,7873
2188,9733
2189,5691
2190,204
2191,5483
2192,1587
2193,6401
2194,2169
2195,6672
2196,5135
2197,2852
2198,2740
2199,3496
2200,800
2201,7126
2202,7567
2203,906
2204,6590
2205,5948
2206,6546
2207,1475
2208,7734
2209,5955
2210,6953
2211,2342
2212,9783
2213,1617
2214,5330
2215,9570
2216,1894
2217,1207
2218,8989
2219,1331
2220,6699
2221,9143
2222,2405
2223,3592
2224,870
2225,6443
2226,8470
2227,9961
2228,3263
2229,3805
2230,2996
2231,4170
2232,9047
2233,7581
2234,8147
2235,1767
2236,6690
2237,6329
2238,5295
2239,8798
2240,652
2241,1203
2242,5799
2243,9174
2244,3287
2245,6501
2246,4074
2247,5684
2248,7474
2249,8113
2250,9705
2251,4932
2252,9561
2253,7076
2254,9737
2255,1721
2256,5736
2257,6804
2258,4532
2259,5507
2260,3489
2261,6184
2262,2663
2263,7359
2264,9372
2265,4751
2266,3365
2267,9655
2268,1430
2269,7015
2270,6881
2271,4922
2272,6694
2273,1997
2274,8131
2275,3443
2276,8883
2277,3780
2278,6299
2279,9688
2280,321
2281,4162
2282,8399
2283,379
2284,2954
2285,6072
2286,3353
2287,1126
2288,6138
2289,2751
2290,1912
2291,6498
2292,4217
2293,4310
2294,3278
2295,9656
2296,570
2297,2955
2298,3452
2299,6706
2300,6502
2301,3390
2302,3898
2303,7808
2304,7149
2305,9135
2306,9239
2307,3940
2308,2917
2309,3741
2310,9632
2311,7552
2312,7683
2313,7768
2314,7575
2315,9375
2316,4045
2317,5731
2318,3453
2319,9212
2320,658
2321,4060
2322,3838
2323,8884
2324,6223
2325,943
2326,1665
2327,6380
2328,1028
2329,5060
2330,2916
2331,2198
2332,5746
2333,691
2334,8641
2335,8738
2336,8171
2337,7304
2338,2759
2339,7684
2340,8640
2341,1317
2342,4852
2343,268
2344,286
2345,7129
2346,4493
2347,5517
2348,8317
2349,803
2350,7315
2351,4594
2352,6286
2353,2505
2354,1385
2355,7929
2356,3626
2357,9699
2358,9158
2359,3380
2360,5948
2361,8935
2362,5127
2363,7419
2364,773
2365,6220
2366,3890
2367,3337
2368,1768
2369,5630
2370,5844
2371,7096
2372,1161
2373,7355
2374,7913
2375,6478
2376,4261
2377,3762
2378,2435
2379,2389
2380,3039
2381,6521
2382,3307
2383,2410
2384,7637
2385,1759
2386,6624
2387,5531
2388,4670
2389,3500
2390,4692
2391,8227
2392,5538
2393,4910
2394,2966
2395,3340
2396,3422
2397,6977
2398,8895
2399,7038
2400,7478
2401,337
2402,7335
2403,8439
2404,6584
2405,7589
2406,3417
2407,8006
2408,8474
2409,2246
2410,9812
2411,8716
2412,4468
2413,6880
2414,710
2415,8415
2416,4401
2417,5850
2418,4784
2419,3520
2420,8149
2421,9140
2422,2997
2423,8870
2424,5880
2425,7570
2426,9917
2427,5045
2428,4438
2429,2953
2430,1544
2431,7143
2432,9521
2433,1454
2434,1874
2435,5086
2436,6554
2437,1465
2438,3360
2439,9262
2440,4277
2441,5426
2442,5848
2443,174
2444,9094
2445,3172
2446,8409
2447,5021
2448,6271
2449,8721
2450,3157
2451,7290
2452,9501
2453,1112
2454,4649
2455,8027
2456,4905
2457,6944
2458,2686
2459,8108
2460,657
2461,2628
2462,1109
2463,3557
2464,3101
2465,8609
2466,9682
2467,8373
2468,3412
2469,8201
2470,6147
2471,596
2472,6294
2473,7012
2474,2599
2475,8611
2476,6569
2477,6927
2478,3054
2479,2799
2480,2853
2481,3145
2482,9408
2483,3248
2484,5287
2485,472
2486,6777
2487,249
2488,7258
2489,4930
2490,2811
2491,9122
2492,5996
2493,2545
2494,5875
2495,2433
2496,9779
2497,9962
2498,1017
2499,8715
2500,9627
2501,7960
2502,9584
2503,138
2504,9161
2505,7949
2506,2250
2507,6781
2508,2739
2509,4686
2510,8396
2511,2072
2512,7212
2513,1155
2514,6110
2515,1876
2516,2720
2517,6379
2518,507
2519,9030
2520,8848
2521,1667
2522,8978
2523,1394
2524,3389
2525,6075
2526,8471
2527,880
2528,4504
2529,8094
2530,3916
2531,408
2532,5331
2533,732
2534,1260
2535,4637
2536,6644
2537,6553
2538,7367
2539,742
2540,7033
2541,7326
2542,7196
2543,7010
2544,1330
2545,4026
2546,6713
2547,2622
2548,6945
2549,1682
2550,1754
2551,8534
2552,4179
2553,253
2554,2840
2555,7127
2556,6512
2557,8258
2558,8562
2559,548
2560,6902
2561,562
2562,9360
2563,180
2564,940
2565,2066
2566,8589
2567,6477
2568,5587
2569,603
2570,5652
2571,4662
2572,4579
2573,8420
2574,1823
2575,6643
2576,6139
2577,6922
2578,5255
2579,5801
2580,3013
2581,674
2582,5294
2583,2127
2584,4561
2585,8886
2586,4035
2587,3097
2588,5019
2589,7872
2590,3455
2591,7306
2592,9656
2593,1975
2594,7376
2595,1725
2596,8392
2597,8777
2598,1800
2599,978
2600,5384
2601,8746
2602,8938
2603,4134
2604,9711
2605,4255
2606,7448
2607,5452
2608,7146
2609,9830
2610,3703
2611,2883
2612,6713
2613,5865
2614,1395
2615,3396
2616,2199
2617,4760
2618,161
2619,6571
2620,4785
2621,8642
2622,7938
2623,9121
2624,867
2625,5446
2626,8586
2627,9765
2628,7748
2629,2068
2630,2744
2631,4107
2632,1247
2633,5981
2634,7679
2635,2176
2636,8276
2637,7218
2638,9734
2639,2641
2640,5274
2641,4347
2642,1938
2643,1660
2644,2862
2645,3815
2646,6459
2647,4581
2648,2037
2649,8099
2650,8696
2651,1140
2652,7210
2653,6651
2654,4192
2655,2309
2656,1332
2657,4141
2658,5348
2659,8936
2660,9313
2661,3901
2662,7895
2663,7452
2664,573
2665,9575
2666,540
2667,8740
2668,1484
2669,7092
2670,726
2671,3588
2672,5808
2673,6618
2674,1475
2675,3993
2676,4476
2677,9748
2678,1653
2679,3653
2680,3336
2681,6719
2682,4456
2683,4178
2684,328
2685,3548
2686,1825
2687,1624
2688,9928
2689,8609
2690,1992
2691,6292
2692,8480
2693,1405
2694,2103
2695,2925
2696,6765
2697,5934
2698,2615
2699,9430
2700,5975
2701,6951
2702,8011
2703,6108
2704,2593
2705,8884
2706,3814
2707,1162
2708,8989
2709,856
2710,8958
2711,4867
2712,5424
2713,1758
2714,9174
2715,8123
2716,9887
2717,7560
2718,6848
2719,4210
2720,772
2721,4993
2722,4445
2723,2867
2724,5305
2725,644
2726,6743
2727,3975
2728,7048
2729,4122
2730,9735
2731,8217
2732,8920
2733,1511
2734,8721
2735,7054
2736,5954
2737,5957
2738,3103
2739,6071
2740,8418
2741,764
2742,5354
2743,6764
2744,628
2745,1979
2746,1203
2747,8818
2748,254
2749,2725
2750,7696
2751,4207
2752,2530
2753,9875
2754,2147
2755,6384
2756,5536
2757,4079
2758,3448
2759,3468
2760,9471
2761,3172
2762,7363
2763,3590
2764,9628
2765,4551
2766,2449
2767,2016
2768,1387
2769,7812
2770,1188
2771,5303
2772,2417
2773,536
2774,2117
2775,6197
2776,7077
2777,5106
2778,4115
2779,9652
2780,1439
2781,7437
2782,5749
2783,6427
2784,6747
2785,3927
2786,8200
2787,9341
2788,5554
2789,6493
2790,3736
2791,6593
2792,2455
2793,9514
2794,5893
2795,7832
2796,6486
2797,3970
2798,6538
2799,2937
2800,2849
2801,4486
2802,2503
2803,1554
2804,6649
2805,8148
2806,4221
2807,372
2808,4080
2809,709
2810,685
2811,4527
2812,8070
2813,7001
2814,8577
2815,2637
2816,1761
2817,2070
2818,6213
2819,8623
2820,9762
2821,2170
2822,2146
2823,8541
2824,4006
2825,8518
2826,738
2827,2831
2828,1889
2829,920
2830,8927
2831,4843
2832,5046
2833,8432
2834,9250
2835,8793
2836,4128
2837,9344
2838,9942
2839,6616
2840,7605
2841,2307
2842,6553
2843,5454
2844,6765
2845,9080
2846,4330
2847,7677
2848,4338
2849,2771
2850,3143
2851,6252
2852,9364
2853,9416
2854,5704
2855,5401
2856,8102
2857,1549
2858,8126
2859,7164
2860,2250
2861,7029
2862,8010
2863,4857
2864,4720
2865,6776
2866,5124
2867,6265
2868,2513
2869,5197
2870,866
2871,9017
2872,7780
2873,484
2874,4446
2875,4268
2876,8008
2877,8075
2878,3416
2879,9416
2880,1413
2881,5299
2882,9804
2883,9645
2884,8470
2885,5794
2886,6877
2887,6449
2888,8576
2889,7557
2890,6740
2891,2345
2892,2295
2893,222
2894,5598
2895,8719
2896,8135
2897,9205
2898,1491
2899,8803
2900,8534
2901,3071
2902,7526
2903,3174
2904,2541
2905,1022
2906,952
2907,1681
2908,4191
2909,4468
2910,7214
2911,7815
2912,9881
2913,2656
2914,4505
2915,4945
2916,5519
2917,920
2918,3170
2919,8033
2920,1109
2921,3250
2922,7515
2923,1271
2924,4111
2925,6957
2926,6193
2927,8415
2928,7560
2929,7474
2930,5143
2931,9122
2932,2363
2933,4057
2934,9012
2935,5338
2936,6185
2937,9515
2938,2082
2939,6069
2940,5067
2941,5249
2942,6149
2943,8674
2944,1092
2945,3828
2946,2031
2947,508
2948,622
2949,5772
2950,8650
2951,7670
2952,928
2953,1954
2954,835
2955,6400
2956,2302
2957,4009
2958,1423
2959,5564
2960,4138
2961,7015
2962,5181
2963,631
2964,4898
2965,2414
2966,2838
2967,602
2968,9148
2969,3201
2970,3916
2971,7422
2972,1984
2973,6228
2974,3305
2975,4094
2976,9611
2977,3812
2978,4021
2979,9582
2980,7011
2981,1325
2982,4428
2983,8250
2984,7425
2985,3123
2986,3496
2987,4314
2988,9029
2989,4766
2990,9848
2991,1417
2992,1837
2993,3595
2994,6936
2995,6537
2996,396
2997,9735
2998,178
2999,5222
3000,2385
3001,5759
3002,1478
3003,5693
3004,1568
3005,4680
3006,2771
3007,8311
3008,5141
3009,3986
3010,7034
3011,1800
3012,2771
3013,3600
3014,2305
3015,4854
3016,429
3017,2936
3018,5371
3019,7819
3020,8091
3021,6679
3022,8161
3023,9462
3024,5503
3025,5920
3026,1139
3027,904
3028,5500
3029,3819
3030,1688
3031,386
3032,5681
3033,985
3034,3006
3035,2335
3036,1687
3037,1081
3038,8528
3039,1499
3040,2621
3041,9394
3042,3295
3043,5701
3044,764
3045,9527
3046,708
3047,8057
3048,2274
3049,2086
3050,4136
3051,5141
3052,921
3053,1979
3054,9449
3055,4006
3056,9886
3057,1632
3058,6536
3059,3899
3060,5786
3061,7266
3062,6966
3063,9426
3064,2693
3065,152
3066,3223
3067,9756
3068,3696
3069,834
3070,7328
3071,3591
3072,4954
3073,1309
3074,4731
3075,5902
3076,9656
3077,3620
3078,1470
3079,4797
3080,9661
3081,6876
3082,9306
3083,8856
3084,871
3085,8595
3086,8494
3087,2931
3088,7490
3089,5739
3090,2797
3091,3093
3092,2723
3093,4373
3094,6825
3095,9371
3096,1565
3097,1771
3098,783
3099,9787
3100,4819
3101,4575
3102,5362
3103,4912
3104,3211
3105,1245
3106,7374
3107,140
3108,5485
3109,6433
3110,7538
3111,7404
3112,3509
3113,9520
3114,4898
3115,5832
3116,235
3117,9702
3118,7520
3119,3050
3120,4872
3121,7740
3122,1239
3123,276
3124,1062
3125,2221
3126,7186
3127,9728
3128,4012
3129,3920
3130,9686
3131,1943
3132,8695
3133,5056
3134,1234
3135,7678
3136,5742
3137,6160
3138,6770
3139,8550
3140,5485
3141,2202
3142,6934
3143,4626
3144,7834
3145,2104
3146,7240
3147,1939
3148,2699
3149,3878
3150,715
3151,6907
3152,9987
3153,2552
3154,4536
3155,4045
3156,2321
3157,2216
3158,3028
3159,5280
3160,5488
3161,2517
3162,4870
3163,2686
3164,104
3165,7201
3166,6348
3167,7737
3168,228
3169,3748
3170,4592
3171,4766
3172,4335
3173,7909
3174,6332
3175,818
3176,8631
3177,8873
3178,4591
3179,7875
3180,3361
3181,685
3182,3813
3183,4854
3184,4266
3185,6372
3186,3163
3187,1659
3188,3844
3189,4807
3190,1076
3191,8005
3192,7278
3193,9503
3194,1835
3195,3756
3196,3908
3197,1911
3198,6927
3199,1290
3200,2116
3201,692
3202,2065
3203,3013
3204,1737
3205,2097
3206,1938
3207,5494
3208,3554
3209,5340
3210,2362
3211,8183
3212,8632
3213,4590
3214,541
3215,7425
3216,374
3217,7646
3218,1418
3219,8530
3220,8458
3221,476
3222,9061
3223,1782
3224,6035
3225,2888
3226,1316
3227,5331
3228,7732
3229,470
3230,438
3231,4120
3232,7528
3233,6770
3234,852
3235,5813
3236,7230
3237,6501
3238,9763
3239,7207
3240,1404
3241,848
3242,5056
3243,4614
3244,5195
3245,108
3246,3421
3247,2270
3248,9622
3249,8154
3250,4370
3251,8327
3252,4637
3253,2646
3254,2810
3255,2274
3256,1825
3257,7059
3258,5307
3259,7537
3260,2438
3261,7821
3262,639
3263,2928
3264,1918
3265,9605
3266,8117
3267,5325
3268,9053
3269,2028
3270,2093
3271,6150
3272,3876
3273,2131
3274,915
3275,1460
3276,4606
3277,5864
3278,1037
3279,4619
3280,9131
3281,8232
3282,7184
3283,8112
3284,830
3285,9519
3286,2219
3287,5433
3288,6203
3289,3425
3290,7895
3291,8455
3292,420
3293,2368
3294,4273
3295,7533
3296,6681
3297,9642
3298,6232
3299,2683
3300,2646
3301,197
3302,8982
3303,5722
3304,1471
3305,5838
3306,1381
3307,8844
3308,1442
3309,2905
3310,8691
3311,9883
3312,432
3313,4963
3314,8598
3315,5586
3316,4276
3317,692
3318,1083
3319,3263
3320,733
3321,7855
3322,7063
3323,8029
3324,9214
3325,265
3326,5516
3327,4033
3328,1275
3329,328
3330,1413
3331,9515
3332,9075
3333,5303
3334,873
3335,6884
3336,1989
3337,3000
3338,5503
3339,3554
3340,9751
3341,2391
3342,4571
3343,6803
3344,2148
3345,8130
3346,8876
3347,1477
3348,3253
3349,6324
3350,1261
3351,6038
3352,7410
3353,2641
3354,3118
3355,3286
3356,5093
3357,7790
3358,130
3359,2954
3360,2519
3361,3186
3362,7858
3363,3996
3364,2969
3365,282
3366,4902
3367,2434
3368,9391
3369,7295
3370,136
3371,4643
3372,237
3373,9812
3374,9855
3375,1117
3376,3937
3377,9274
3378,2443
3379,9487
3380,8100
3381,4951
3382,8962
3383,7910
3384,9256
3385,2937
3386,4366
3387,9428
3388,508
3389,2533
3390,3953
3391,4500
3392,6669
3393,4736
3394,939
3395,4758
3396,6275
3397,4264
3398,5311
3399,7601
3400,2729
3401,6671
3402,8500
3403,7915
3404,9449
3405,5200
3406,1838
3407,9426
3408,3072
3409,3196
3410,5410
3411,1351
3412,8039
3413,2358
3414,8218
3415,5371
3416,1300
3417,6426
3418,6940
3419,9015
3420,5691
3421,7195
3422,1185
3423,760
3424,7561
3425,3830
3426,8963
3427,4704
3428,6644
3429,6822
3430,1461
3431,156
3432,589
3433,3271
3434,6534
3435,4614
3436,4055
3437,5899
3438,5007
3439,4787
3440,9424
3441,6683
3442,8465
3443,2891
3444,3564
3445,4535
3446,5879
3447,5914
3448,7234
3449,4052
3450,9253
3451,2235
3452,5161
3453,5868
3454,613
3455,4534
3456,6982
3457,2640
3458,2521
3459,288
3460,2729
3461,1389
3462,4302
3463,4968
3464,6788
3465,7676
3466,9083
3467,5497
3468,5489
3469,452
3470,9827
3471,3792
3472,9336
3473,4251
3474,1487
3475,6327
3476,1381
3477,9133
3478,8640
3479,1729
3480,7484
3481,4423
3482,3481
3483,8815
3484,9487
3485,5928
3486,8624
3487,9502
3488,8001
3489,1627
3490,5318
3491,3078
3492,333
3493,5680
3494,684
3495,8231
3496,2099
3497,9896
3498,6292
3499,8943
3500,4787
3501,6991
3502,3961
3503,6554
3504,4399
3505,9998
3506,6316
3507,655
3508,7837
3509,2623
3510,920
3511,7206
3512,2047
3513,8899
3514,7456
3515,8281
3516,3276
3517,8487
3518,5745
3519,330
3520,2680
3521,7662
3522,2844
3523,6239
3524,5910
3525,8917
3526,5450
3527,1406
3528,4386
3529,7126
3530,8265
3531,3725
3532,4880
3533,6965
3534,9748
3535,2861
3536,7687
3537,5488
3538,9953
3539,5850
3540,2852
3541,7680
3542,1059
3543,5537
3544,5269
3545,1212
3546,6699
3547,3451
3548,1673
3549,495
3550,596
3551,6198
3552,7556
3553,4259
3554,1592
3555,4603
3556,2700
3557,832
3558,1024
3559,313
3560,9123
3561,2240
3562,150
3563,2615
3564,5718
3565,6686
3566,5282
3567,9363
3568,7180
3569,9656
3570,1928
3571,4372
3572,7529
3573,7218
3574,2263
3575,6000
3576,3380
3577,1738
3578,7910
3579,9855
3580,6705
3581,1978
3582,8125
3583,1374
3584,6248
3585,6445
3586,908
3587,7274
3588,1975
3589,8970
3590,8193
3591,4631
3592,4886
3593,6721
3594,9585
3595,8832
3596,8348
3597,1524
3598,373
3599,6232
3600,8851
3601,9134
3602,8464
3603,2188
3604,4184
3605,7769
3606,6696
3607,4661
3608,8392
3609,9389
3610,6176
3611,3430
3612,409
3613,7517
3614,3707
3615,2915
3616,5454
3617,8867
3618,4904
3619,9822
3620,1901
3621,4453
3622,6529
3623,7056
3624,9597
3625,8239
3626,2005
3627,7928
3628,1061
3629,2929
3630,506
3631,2394
3632,1991
3633,9386
3634,5575
3635,1857
3636,1714
3637,7902
3638,6320
3639,5632
3640,6776
3641,1031
3642,6204
3643,3180
3644,8485
3645,8318
3646,4155
3647,370
3648,6943
3649,8286
3650,7376
3651,6237
3652,5557
3653,6132
3654,4582
3655,472
3656,3824
3657,9715
3658,2916
3659,996
3660,5267
3661,9327
3662,2663
3663,376
3664,8370
3665,4765
3666,2629
3667,5372
3668,1678
3669,1566
3670,4869
3671,7955
3672,2122
3673,397
3674,7294
3675,6189
3676,707
3677,400
3678,4636
3679,5664
3680,8518
3681,8716
3682,7001
3683,4210
3684,9083
3685,4423
3686,6870
3687,6572
3688,6374
3689,4319
3690,3767
3691,2381
3692,989
3693,5815
3694,2018
3695,2408
3696,1250
3697,6559
3698,8559
3699,1092
3700,8413
3701,1351
3702,3725
3703,3592
3704,6215
3705,465
3706,3907
3707,8307
3708,7656
3709,1149
3710,2619
3711,1958
3712,6709
3713,324
3714,9803
3715,5105
3716,2192
3717,3232
3718,6077
3719,5676
3720,2930
3721,4562
3722,3344
3723,5054
3724,6908
3725,9106
3726,5400
3727,2484
3728,1296
3729,9826
3730,9007
3731,2128
3732,2990
3733,7529
3734,8050
3735,9064
3736,3490
3737,9605
3738,3128
3739,1896
3740,3956
3741,9976
3742,567
3743,3970
3744,5620
3745,8770
3746,2383
3747,4961
3748,4068
3749,4537
3750,2214
3751,4789
3752,7873
3753,1059
3754,3826
3755,8127
3756,6735
3757,7797
3758,3403
3759,5495
3760,2202
3761,6847
3762,2364
3763,8531
3764,9684
3765,4514
3766,2638
3767,1850
3768,5473
3769,3133
3770,8428
3771,4148
3772,6268
3773,3293
3774,8208
3775,1710
3776,2287
3777,4718
3778,8688
3779,4341
3780,3017
3781,5490
3782,7977
3783,1395
3784,6969
3785,1672
3786,8429
3787,2744
3788,9659
3789,8763
3790,6162
3791,5298
3792,5262
3793,5322
3794,5884
3795,7574
3796,1799
3797,5471
3798,8385
3799,7673
3800,6131
3801,4305
3802,9438
3803,3955
3804,5281
3805,3780
3806,7611
3807,5671
3808,3560
3809,5810
3810,8343
3811,2110
3812,1918
3813,2122
3814,8868
3815,5394
3816,2922
3817,1167
3818,3626
3819,7794
3820,788
3821,2439
3822,333
3823,4822
3824,9204
3825,5445
3826,8227
3827,6188
3828,955
3829,9136
3830,4684
3831,7609
3832,5182
3833,6295
3834,9266
3835,7095
3836,4769
3837,1757
3838,2940
3839,134
3840,2701
3841,4779
3842,1805
3843,7489
3844,7212
3845,1482
3846,6569
3847,6298
3848,1883
3849,4690
3850,7995
3851,6773
3852,5786
3853,2256
3854,7579
3855,5606
3856,5546
3857,5268
3858,3328
3859,3023
3860,9745
3861,1720
3862,2813
3863,131
3864,9798
3865,7366
3866,4779
3867,5226
3868,6669
3869,6202
3870,2257
3871,5159
3872,7172
3873,7131
3874,2593
3875,3494
3876,9684
3877,6221
3878,588
3879,3335
3880,929
3881,5666
3882,8213
3883,6483
3884,2012
3885,9480
3886,5447
3887,7602
3888,7170
3889,4902
3890,5503
3891,7518
3892,3569
3893,3246
3894,4648
3895,6143
3896,3044
3897,3478
3898,7516
3899,2369
3900,1766
3901,7699
3902,6882
3903,6182
3904,8397
3905,2308
3906,4673
3907,2716
3908,4515
3909,4677
3910,5345
3911,1747
3912,4910
3913,6425
3914,2027
3915,7922
3916,7800
3917,6954
3918,7548
3919,3761
3920,3989
3921,3074
3922,3280
3923,8228
3924,2909
3925,2027
3926,1227
3927,5474
3928,547
3929,683
3930,6137
3931,9799
3932,4452
3933,9972
3934,6774
3935,8223
3936,5457
3937,8649
3938,3406
3939,8480
3940,4885
3941,2136
3942,8565
3943,6838
3944,1662
3945,1625
3946,6987
3947,3519
3948,3435
3949,8543
3950,8639
3951,4658
3952,5029
3953,2845
3954,4329
3955,4794
3956,4368
3957,4164
3958,2485
3959,1341
3960,4641
3961,446
3962,3223
3963,853
3964,3246
3965,9191
3966,4464
3967,6470
3968,2550
3969,7090
3970,8070
3971,5737
3972,2084
3973,1972
3974,9732
3975,9882
3976,2464
3977,3811
3978,1637
3979,7170
3980,2673
3981,7647
3982,7666
3983,7395
3984,6616
3985,8825
3986,664
3987,3536
3988,134
3989,9424
3990,6313
3991,9212
3992,5392
3993,6678
3994,853
3995,4312
3996,3217
3997,6250
3998,5111
3999,517
4000,8906
4001,541
4002,8591
4003,9092
4004,6708
4005,8018
4006,6491
4007,2044
4008,2469
4009,6254
4010,5767
4011,292
4012,1949
4013,8203
4014,1263
4015,9774
4016,3203
4017,8980
4018,6563
4019,5021
4020,9276
4021,1511
4022,8035
4023,8767
4024,2893
4025,941
4026,9379
4027,5888
4028,2781
4029,2361
4030,2511
4031,4026
4032,2348
4033,7695
4034,8963
4035,8009
4036,4797
4037,6420
4038,8688
4039,7708
4040,2548
4041,2632
4042,1683
4043,6775
4044,871
4045,1236
4046,165
4047,4783
4048,188
4049,1756
4050,8296
4051,2705
4052,1529
4053,1687
4054,2252
4055,3274
4056,1916
4057,282
4058,7264
4059,9068
4060,7282
4061,8580
4062,9414
4063,3491
4064,6427
4065,3248
4066,7770
4067,9490
4068,2402
4069,3590
4070,1941
4071,1939
4072,7527
4073,7658
4074,5562
4075,2961
4076,4182
4077,2442
4078,8818
4079,3284
4080,6362
4081,6178
4082,2019
4083,2565
4084,7690
4085,6084
4086,5484
4087,1412
4088,4017
4089,571
4090,1473
4091,4388
4092,7242
4093,4172
4094,1994
4095,2554
4096,1942
4097,7652
4098,4153
4099,7069
4100,920
4101,3003
4102,9170
4103,4375
4104,6480
4105,2770
4106,2013
4107,1290
4108,7396
4109,2163
4110,4980
4111,5222
4112,1657
4113,2400
4114,8850
4115,2856
4116,6457
4117,7131
4118,7853
4119,986
4120,570
4121,1185
4122,2464
4123,750
4124,8845
4125,8203
4126,1530
4127,1094
4128,7550
4129,4296
4130,3259
4131,5726
4132,4801
4133,7706
4134,2218
4135,407
4136,695
4137,3251
4138,3697
4139,3475
4140,156
4141,3782
4142,4326
4143,8236
4144,7318
4145,6288
4146,8750
4147,2464
4148,4387
4149,5700
4150,7046
4151,2088
4152,5760
4153,5587
4154,3475
4155,1492
4156,3706
4157,6668
4158,3890
4159,1118
4160,3714
4161,7967
4162,1582
4163,8973
4164,422
4165,5528
4166,6289
4167,4106
4168,1183
4169,6184
4170,6618
4171,7980
4172,1287
4173,3113
4174,5963
4175,2303
4176,6386
4177,3076
4178,5962
4179,8784
4180,3321
4181,9958
4182,6286
4183,9084
4184,5219
4185,5411
4186,3798
4187,9955
4188,6317
4189,9275
4190,8041
4191,6200
4192,2826
4193,2302
4194,9173
4195,9615
4196,1491
4197,7831
4198,6302
4199,2487
4200,3564
4201,468
4202,5559
4203,7500
4204,5118
4205,5709
4206,6871
4207,8449
4208,5147
4209,7445
4210,7243
4211,6780
4212,5347
4213,4843
4214,2152
4215,6832
4216,4776
4217,4417
4218,5356
4219,9005
4220,3017
4221,3918
4222,812
4223,2645
4224,2055
4225,2795
4226,4050
4227,691
4228,6048
4229,4697
4230,6781
4231,2445
4232,6214
4233,1049
4234,8313
4235,4479
4236,6124
4237,4688
4238,1994
4239,7892
4240,3981
4241,8937
4242,2083
4243,3610
4244,1990
4245,4059
4246,7764
4247,3364
4248,1676
4249,9794
4250,8179
4251,3862
4252,3601
4253,1644
4254,7528
4255,6334
4256,1293
4257,417
4258,4593
4259,1635
4260,2136
4261,1734
4262,7158
4263,6515
4264,4478
4265,2135
4266,3747
4267,2376
4268,721
4269,8131
4270,5605
4271,7374
4272,2359
4273,9377
4274,9949
4275,8350
4276,2854
4277,2768
4278,3801
4279,7299
4280,8002
4281,1995
4282,557
4283,1105
4284,6893
4285,1123
4286,4732
4287,475
4288,9687
4289,1666
4290,101
4291,6889
4292,7451
4293,5955
4294,1619
4295,3306
4296,6004
4297,7678
4298,7043
4299,4919
4300,8843
4301,4754
4302,9692
4303,1801
4304,6623
4305,6938
4306,242
4307,1399
4308,2210
4309,5085
4310,5028
4311,7567
4312,3740
4313,563
4314,9395
4315,9715
4316,9359
4317,8168
4318,7671
4319,4646
4320,3295
4321,8804
4322,4628
4323,9767
4324,7179
4325,1378
4326,6096
4327,4959
4328,7731
4329,9714
4330,4591
4331,5505
4332,7216
4333,5634
4334,114
4335,8894
4336,9404
4337,3317
4338,3561
4339,4173
4340,2670
4341,3687
4342,779
4343,9312
4344,8029
4345,1610
4346,1483
4347,7776
4348,2683
4349,8069
4350,8208
4351,6295
4352,1213
4353,8571
4354,2085
4355,7995
4356,8186
4357,829
4358,8505
4359,3391
4360,7135
4361,7239
4362,9127
4363,3952
4364,2064
4365,6423
4366,6286
4367,9883
4368,5236
4369,8795
4370,4825
4371,6477
4372,1563
4373,7016
4374,4293
4375,6129
4376,9939
4377,5343
4378,5061
4379,5930
4380,876
4381,2520
4382,9622
4383,5271
4384,7808
4385,6529
4386,5882
4387,1917
4388,8307
4389,3056
4390,2447
4391,9996
4392,6801
4393,4402
4394,403
4395,1557
4396,8469
4397,6549
4398,5625
4399,4815
4400,8637
4401,5785
4402,2698
4403,2331
4404,7729
4405,3565
4406,3399
4407,8104
4408,4468
4409,1135
4410,7912
4411,8664
4412,8795
4413,3647
4414,7360
4415,901
4416,3975
4417,7772
4418,6431
4419,4866
4420,8181
4421,9176
4422,3879
4423,5478
4424,2335
4425,9027
4426,4222
4427,3747
4428,7249
4429,4790
4430,3128
4431,1762
4432,7679
4433,2883
4434,9353
4435,4859
4436,9188
4437,7278
4438,7614
4439,2430
4440,3061
4441,5747
4442,3239
4443,1381
4444,6823
4445,5353
4446,4621
4447,405
4448,6596
4449,7508
4450,2294
4451,2447
4452,4072
4453,3500
4454,5602
4455,3789
4456,8173
4457,4427
4458,8087
4459,4627
4460,3000
4461,2367
4462,1779
4463,9405
4464,7913
4465,6811
4466,6618
4467,1095
4468,9556
4469,2057
4470,6747
4471,2207
4472,2832
4473,4597
4474,6837
4475,1019
4476,3929
4477,744
4478,9939
4479,6816
4480,8720
4481,9838
4482,345
4483,6156
4484,9413
4485,1392
4486,8942
4487,2014
4488,5276
4489,2119
4490,768
4491,1214
4492,1668
4493,7905
4494,7372
4495,4059
4496,2178
4497,8874
4498,3171
4499,1628
4500,2037
4501,9063
4502,3059
4503,2578
4504,4158
4505,9937
4506,4254
4507,4065
4508,6141
4509,1477
4510,4161
4511,1275
4512,3642
4513,8728
4514,4880
4515,9582
4516,693
4517,6207
4518,2260
4519,3313
4520,138
4521,5410
4522,918
4523,2840
4524,8904
4525,3750
4526,5032
4527,5143
4528,8955
4529,692
4530,2809
4531,7994
4532,9933
4533,4881
4534,5528
4535,6369
4536,6930
4537,5780
4538,4512
4539,9220
4540,9940
4541,1401
4542,7432
4543,2007
4544,2445
4545,9478
4546,5887
4547,9958
4548,1441
4549,716
4550,1472
4551,3378
4552,1509
4553,3849
4554,4777
4555,2270
4556,7431
4557,2252
4558,3907
4559,4199
4560,6862
4561,7362
4562,5997
4563,9700
4564,1695
4565,3387
4566,4215
4567,6861
4568,648
4569,7313
4570,8538
4571,3627
4572,5694
4573,9615
4574,7977
4575,9213
4576,1274
4577,7062
4578,1445
4579,9315
4580,3981
4581,2005
4582,5871
4583,3818
4584,3483
4585,7989
4586,6232
4587,6184
4588,5800
4589,6703
4590,7080
4591,1915
4592,985
4593,4651
4594,1814
4595,6988
4596,496
4597,6361
4598,3699
4599,1475
4600,6065
4601,6307
4602,2783
4603,107
4604,2681
4605,5274
4606,3639
4607,9054
4608,8579
4609,8318
4610,5355
4611,5174
4612,4351
4613,7188
4614,7815
4615,8063
4616,3884
4617,1528
4618,7296
4619,1124
4620,390
4621,7955
4622,1765
4623,5275
4624,8159
4625,5396
4626,5937
4627,296
4628,2466
4629,9371
4630,2604
4631,5453
4632,3021
4633,2397
4634,2827
4635,3242
4636,222
4637,3599
4638,152
4639,6977
4640,6276
4641,7059
4642,7750
4643,1696
4644,6680
4645,641
4646,2538
4647,2370
4648,1511
4649,2861
4650,9594
4651,411
4652,2287
4653,1495
4654,8043
4655,8798
4656,8207
4657,828
4658,8472
4659,9278
4660,3364
4661,414
4662,1007
4663,8708
4664,5997
4665,5710
4666,4611
4667,593
4668,7619
4669,4957
4670,3806
4671,7498
4672,6209
4673,6566
4674,4436
4675,3234
4676,3133
4677,3851
4678,6425
4679,225
4680,8054
4681,3993
4682,9871
4683,718
4684,2217
4685,5700
4686,1620
4687,2968
4688,4618
4689,2090
4690,3052
4691,4676
4692,2145
4693,4083
4694,8428
4695,9655
4696,7394
4697,4500
4698,1400
4699,7687
4700,4964
4701,4515
4702,1969
4703,1658
4704,4772
4705,9332
4706,2065
4707,7876
4708,9755
4709,393
4710,6978
4711,5322
4712,2364
4713,327
4714,3949
4715,2068
4716,9740
4717,5725
4718,8116
4719,3913
4720,9194
4721,9993
4722,6114
4723,7427
4724,433
4725,3327
4726,6026
4727,910
4728,9234
4729,6833
4730,7505
4731,932
4732,2758
4733,275
4734,229
4735,5557
4736,7203
4737,6053
4738,7531
4739,3753
4740,5860
4741,389
4742,3390
4743,6084
4744,8361
4745,1844
4746,2225
4747,6513
4748,1744
4749,5216
4750,5331
4751,9044
4752,2234
4753,3243
4754,5168
4755,6935
4756,4538
4757,695
4758,4630
4759,2235
4760,6022
4761,6916
4762,4524
4763,8871
4764,5866
4765,1034
4766,6355
4767,2630
4768,194
4769,5192
4770,5406
4771,4457
4772,1855
4773,4643
4774,1537
4775,9875
4776,6270
4777,5868
4778,4949
4779,8023
4780,5089
4781,5301
4782,3291
4783,4359
4784,5182
4785,5582
4786,2224
4787,2530
4788,2912
4789,9481
4790,7968
4791,9626
4792,9282
4793,2448
4794,9430
4795,8548
4796,6699
4797,6810
4798,2084
4799,6950
4800,6858
4801,3996
4802,4388
4803,5326
4804,7209
4805,7388
4806,8782
4807,7324
4808,2259
4809,686
4810,9394
4811,1127
4812,2086
4813,7890
4814,6877
4815,3374
4816,4155
4817,6901
4818,9288
4819,2501
4820,6571
4821,5824
4822,2091
4823,743
4824,8821
4825,9586
4826,2932
4827,7810
4828,442
4829,1211
4830,4196
4831,3259
4832,9283
4833,9872
4834,5418
4835,9488
4836,7930
4837,4177
4838,9502
4839,4886
4840,6351
4841,380
4842,5694
4843,8908
4844,5735
4845,4150
4846,3383
4847,3906
4848,8026
4849,7128
4850,7732
4851,1193
4852,8148
4853,7844
4854,2731
4855,9860
4856,6360
4857,6417
4858,1475
4859,8422
4860,2835
4861,9655
4862,6100
4863,5485
4864,6593
4865,8420
4866,629
4867,2094
4868,7152
4869,2694
4870,5955
4871,6735
4872,6668
4873,5428
4874,3740
4875,9529
4876,1396
4877,6875
4878,1212
4879,7205
4880,3793
4881,8778
4882,2834
4883,6341
4884,8629
4885,326
4886,2046
4887,121
4888,5770
4889,1874
4890,4833
4891,1325
4892,4827
4893,2018
4894,6539
4895,8512
4896,4708
4897,8916
4898,1199
4899,5625
4900,1721
4901,2055
4902,807
4903,2349
4904,9215
4905,8291
4906,4072
4907,513
4908,9999
4909,7713
4910,915
4911,4788
4912,3583
4913,4127
4914,5674
4915,2291
4916,3067
4917,4664
4918,9831
4919,5601
4920,8324
4921,1027
4922,8146
4923,7309
4924,5072
4925,1944
4926,4623
4927,3881
4928,4377
4929,7190
4930,1567
4931,9206
4932,1087
4933,4525
4934,3297
4935,9615
4936,2833
4937,4395
4938,5141
4939,6975
4940,6201
4941,7687
4942,8796
4943,1623
4944,5287
4945,8258
4946,6715
4947,3296
4948,4547
4949,633
4950,7291
4951,4087
4952,3886
4953,7411
4954,7895
4955,674
4956,7723
4957,6095
4958,1364
4959,4775
4960,7495
4961,3176
4962,2553
4963,1317
4964,7056
4965,6247
4966,1542
4967,9525
4968,1874
4969,9849
4970,8895
4971,9947
4972,8962
4973,3209
4974,1264
4975,6178
4976,6596
4977,3780
4978,8757
4979,537
4980,8985
4981,9896
4982,3999
4983,9116
4984,9818
4985,5714
4986,7446
4987,9072
4988,1130
4989,5837
4990,876
4991,5250
4992,3918
4993,6218
4994,5511
4995,676
4996,5519
4997,3587
4998,4305
4999,1690
5000,4250
5001,1246
5002,6775
5003,6401
5004,3896
5005,7951
5006,8457
5007,8356
5008,4326
5009,5614
5010,3817
5011,9882
5012,3284
5013,1936
5014,3493
5015,9922
5016,5952
5017,9496
5018,6511
5019,9634
5020,6020
5021,5393
5022,2192
5023,9699
5024,866
5025,5678
5026,3116
5027,9625
5028,4423
5029,5342
5030,9543
5031,8876
5032,5518
5033,3432
5034,8071
5035,9454
5036,8992
5037,3052
5038,2025
5039,909
5040,3388
5041,3498
5042,1614
5043,836
5044,5232
5045,9589
5046,9085
5047,4249
5048,6123
5049,6907
5050,9537
5051,6176
5052,9697
5053,7545
5054,6299
5055,5143
5056,3627
5057,5501
5058,1112
5059,6979
5060,2772
5061,4466
5062,146
5063,6319
5064,111
5065,4141
5066,9180
5067,706
5068,2721
5069,1766
5070,1829
5071,8402
5072,5220
5073,4882
5074,2910
5075,4705
5076,4730
5077,2574
5078,9726
5079,1859
5080,2652
5081,8336
5082,2701
5083,3328
5084,5704
5085,8746
5086,6769
5087,2555
5088,653
5089,445
5090,8442
5091,9310
5092,8580
5093,2797
5094,395
5095,384
5096,6495
5097,7812
5098,5544
5099,1903
5100,561
5101,7818
5102,2120
5103,7813
5104,8132
5105,2379
5106,6836
5107,8252
5108,9205
5109,4644
5110,3577
5111,8991
5112,8580
5113,2270
5114,8553
5115,7735
5116,1255
5117,4058
5118,3943
5119,2633
5120,2277
5121,2290
5122,1102
5123,6846
5124,1989
5125,1504
5126,2658
5127,6250
5128,1914
5129,4561
5130,1071
5131,2124
5132,645
5133,7057
5134,5917
5135,984
5136,8413
5137,4193
5138,623
5139,1712
5140,9385
5141,2096
5142,9742
5143,5488
5144,9897
5145,4110
5146,621
5147,8741
5148,2863
5149,3509
5150,5955
5151,5898
5152,2366
5153,8053
5154,4092
5155,3034
5156,1066
5157,1740
5158,5557
5159,5770
5160,6552
5161,6500
5162,7426
5163,4808
5164,484
5165,6515
5166,2227
5167,9275
5168,652
5169,2809
5170,7661
5171,4394
5172,4500
5173,5039
5174,1683
5175,1613
5176,4395
5177,1454
5178,4131
5179,5506
5180,2826
5181,564
5182,9750
5183,5941
5184,484
5185,5811
5186,4974
5187,309
5188,7042
5189,3752
5190,3678
5191,9584
5192,9097
5193,3321
5194,4620
5195,8266
5196,1223
5197,5829
5198,228
5199,781
5200,4770
5201,9845
5202,6356
5203,320
5204,6435
5205,1667
5206,2787
5207,789
5208,1826
5209,149
5210,4468
5211,3317
5212,8619
5213,1076
5214,8239
5215,6056
5216,4769
5217,241
5218,1158
5219,1259
5220,4138
5221,2029
5222,3365
5223,7706
5224,1343
5225,3446
5226,1778
5227,6502
5228,4333
5229,447
5230,5255
5231,7652
5232,9159
5233,5891
5234,2182
5235,2752
5236,2467
5237,5207
5238,6393
5239,6069
5240,5384
5241,6293
5242,2430
5243,8289
5244,1183
5245,3648
5246,108
5247,4772
5248,3733
5249,4868
5250,3669
5251,3703
5252,585
5253,4384
5254,9758
5255,8921
5256,2828
5257,778
5258,8036
5259,4288
5260,243
5261,8970
5262,2008
5263,7329
5264,6982
5265,7863
5266,7628
5267,1775
5268,752
5269,322
5270,7033
5271,8785
5272,239
5273,7042
5274,5691
5275,7217
5276,1472
5277,2114
5278,2222
5279,9108
5280,3214
5281,2193
5282,4017
5283,2600
5284,5853
5285,1653
5286,9970
5287,3840
5288,547
5289,9767
5290,456
5291,9408
5292,9219
5293,7922
5294,900
5295,2638
5296,911
5297,5742
5298,6678
5299,1676
5300,4082
5301,255
5302,6982
5303,963
5304,7270
5305,3811
5306,1501
5307,8243
5308,2668
5309,351
5310,1492
5311,260
5312,4288
5313,6664
5314,8085
5315,5847
5316,8092
5317,1698
5318,5221
5319,6845
5320,9326
5321,2124
5322,6428
5323,5552
5324,8253
5325,8407
5326,5975
5327,3497
5328,5047
5329,6358
5330,552
5331,1917
5332,2216
5333,3339
5334,5049
5335,1451
5336,439
5337,7542
5338,1123
5339,4139
5340,1051
5341,7753
5342,3509
5343,4685
5344,5263
5345,8540
5346,9016
5347,2753
5348,5537
5349,4686
5350,5842
5351,9444
5352,8321
5353,8149
5354,8230
5355,7208
5356,7745
5357,7637
5358,5304
5359,1898
5360,8948
5361,6514
5362,696
5363,8527
5364,5678
5365,693
5366,3856
5367,2927
5368,2873
5369,5860
5370,9114
5371,8347
5372,5400
5373,5270
5374,6909
5375,9301
5376,5604
5377,8912
5378,6654
5379,7007
5380,6978
5381,2624
5382,3621
5383,8032
5384,703
5385,4371
5386,5248
5387,2490
5388,3847
5389,5721
5390,3241
5391,2245
5392,2424
5393,4775
5394,8677
5395,3651
5396,2200
5397,1390
5398,4666
5399,3984
5400,2558
5401,5459
5402,8378
5403,9125
5404,8603
5405,2829
5406,5131
5407,3421
5408,2240
5409,4436
5410,1260
5411,9826
5412,2200
5413,3237
5414,4681
5415,9276
5416,8814
5417,6408
5418,1020
5419,9072
5420,8374
5421,8802
5422,7464
5423,3715
5424,316
5425,4398
5426,8349
5427,7106
5428,9519
5429,9826
5430,2024
5431,9497
5432,9338
5433,1027
5434,4969
5435,9638
5436,6387
5437,1010
5438,8649
5439,8374
5440,2481
5441,3561
5442,2618
5443,6337
5444,4223
5445,3056
5446,978
5447,8045
5448,3682
5449,8926
5450,4529
5451,8543
5452,786
5453,1670
5454,1943
5455,3226
5456,4717
5457,4997
5458,5214
5459,573
5460,4753
5461,9570
5462,7588
5463,8712
5464,2153
5465,7998
5466,1224
5467,5298
5468,9450
5469,2228
5470,9912
5471,2457
5472,5305
5473,9292
5474,3028
5475,6961
5476,832
5477,4408
5478,1514
5479,2564
5480,7171
5481,4530
5482,9015
5483,4987
5484,8541
5485,4461
5486,7086
5487,9367
5488,492
5489,4186
5490,1427
5491,1759
5492,4172
5493,1036
5494,9766
5495,6183
5496,8193
5497,3304
5498,9951
5499,3192
5500,9156
5501,310
5502,9722
5503,6672
5504,9387
5505,2084
5506,7807
5507,482
5508,2894
5509,3704
5510,6339
5511,4771
5512,2007
5513,5468
5514,579
5515,3564
5516,9914
5517,8887
5518,6655
5519,887
5520,3715
5521,4345
5522,7894
5523,6608
5524,203
5525,4051
5526,4671
5527,406
5528,6159
5529,236
5530,1940
5531,509
5532,9038
5533,9345
5534,1946
5535,9493
5536,3204
5537,536
5538,9117
5539,4899
5540,4060
5541,837
5542,7234
5543,8024
5544,2255
5545,545
5546,9746
5547,6325
5548,8681
5549,7525
5550,8708
5551,881
5552,7681
5553,3168
5554,226
5555,1891
5556,2894
5557,474
5558,1684
5559,2987
5560,4634
5561,459
5562,9802
5563,7743
5564,1226
5565,3491
5566,543
5567,7845
5568,4725
5569,9222
5570,4089
5571,8522
5572,9259
5573,8416
5574,8412
5575,6991
5576,4242
5577,2615
5578,8674
5579,6344
5580,2997
5581,1785
5582,4661
5583,3238
5584,4775
5585,4418
5586,3616
5587,9683
5588,405
5589,9711
5590,3302
5591,362
5592,3545
5593,2230
5594,9069
5595,5646
5596,1293
5597,6504
5598,1176
5599,156
5600,307
5601,2487
5602,711
5603,6599
5604,9433
5605,5903
5606,8897
5607,6361
5608,5905
5609,7187
5610,4208
5611,4941
5612,3195
5613,5703
5614,6860
5615,5088
5616,9188
5617,2993
5618,3706
5619,2354
5620,2183
5621,1396
5622,4963
5623,8888
5624,5331
5625,780
5626,7758
5627,589
5628,3226
5629,2360
5630,7815
5631,1791
5632,4901
5633,5671
5634,257
5635,8317
5636,7243
5637,9277
5638,6934
5639,2649
5640,835
5641,9593
5642,9840
5643,5700
5644,4996
5645,8355
5646,2605
5647,573
5648,9222
5649,2243
5650,5923
5651,1623
5652,2898
5653,4890
5654,4435
5655,4155
5656,989
5657,2566
5658,3097
5659,530
5660,9087
5661,9387
5662,301
5663,1048
5664,9313
5665,6537
5666,383
5667,4416
5668,3697
5669,8569
5670,1300
5671,7355
5672,6651
5673,2928
5674,2523
5675,3331
5676,9064
5677,4160
5678,9872
5679,8066
5680,5396
5681,1910
5682,2022
5683,4079
5684,7350
5685,8357
5686,3305
5687,8925
5688,4777
5689,3259
5690,3925
5691,4502
5692,5319
5693,7696
5694,4786
5695,7733
5696,7152
5697,7591
5698,6028
5699,2925
5700,8937
5701,3657
5702,2977
5703,3409
5704,1154
5705,8344
5706,8309
5707,1304
5708,3883
5709,2107
5710,3098
5711,5382
5712,744
5713,6686
5714,4441
5715,8366
5716,9246
5717,4785
5718,7035
5719,6348
5720,5351
5721,3512
5722,6657
5723,2436
5724,5903
5725,618
5726,7102
5727,9403
5728,9275
5729,7613
5730,3525
5731,6461
5732,8515
5733,5439
5734,1478
5735,603
5736,6234
5737,7919
5738,1913
5739,3019
5740,5982
5741,2915
5742,8905
5743,8635
5744,4472
5745,365
5746,5835
5747,2910
5748,5966
5749,7314
5750,9768
5751,5372
5752,2263
5753,2448
5754,8424
5755,2665
5756,4469
5757,1889
5758,5429
5759,9596
5760,2958
5761,4682
5762,4601
5763,374
5764,4900
5765,4277
5766,576
5767,8706
5768,9865
5769,7703
5770,3924
5771,234
5772,4557
5773,2997
5774,5828
5775,691
5776,9254
5777,4144
5778,9857
5779,5774
5780,3552
5781,9800
5782,5409
5783,5438
5784,3483
5785,5868
5786,4099
5787,9555
5788,7997
5789,8615
5790,1776
5791,254
5792,5578
5793,538
5794,9238
5795,8589
5796,6594
5797,7195
5798,2310
5799,7775
5800,240
5801,4346
5802,1462
5803,2823
5804,3564
5805,9601
5806,817
5807,8531
5808,6000
5809,4486
5810,2993
5811,8525
5812,5124
5813,4389
5814,8678
5815,1383
5816,4282
5817,5720
5818,677
5819,5478
5820,2730
5821,7672
5822,1015
5823,9063
5824,5317
5825,8046
5826,5217
5827,4064
5828,9408
5829,9685
5830,5174
5831,2336
5832,7658
5833,3275
5834,1015
5835,4930
5836,5320
5837,3623
5838,1273
5839,4359
5840,1322
5841,425
5842,403
5843,8285
5844,9664
5845,3070
5846,1991
5847,6661
5848,1070
5849,6158
5850,7895
5851,9910
5852,8272
5853,6751
5854,2082
5855,3916
5856,7682
5857,725
5858,9160
5859,3524
5860,4412
5861,8745
5862,4601
5863,1133
5864,1717
5865,5639
5866,9432
5867,6239
5868,6747
5869,9991
5870,1452
5871,3788
5872,4091
5873,9922
5874,3839
5875,9266
5876,6038
5877,4788
5878,5933
5879,8371
5880,795
5881,2170
5882,3592
5883,9019
5884,5387
5885,1180
5886,2803
5887,3048
5888,3618
5889,5350
5890,7754
5891,8688
5892,9414
5893,7019
5894,7971
5895,5256
5896,9973
5897,6129
5898,5741
5899,4316
5900,8636
5901,2893
5902,3288
5903,185
5904,8826
5905,8184
5906,330
5907,8523
5908,7030
5909,3372
5910,2699
5911,2209
5912,6795
5913,3460
5914,5121
5915,2575
5916,7476
5917,3497
5918,8289
5919,9245
5920,6108
5921,2656
5922,6477
5923,4692
5924,199
5925,683
5926,2598
5927,775
5928,8466
5929,3040
5930,657
5931,5561
5932,2144
5933,6772
5934,1926
5935,3563
5936,596
5937,2213
5938,8052
5939,7327
5940,8308
5941,7061
5942,3523
5943,297
5944,4589
5945,9567
5946,3435
5947,7758
5948,4098
5949,7749
5950,4903
5951,4924
5952,5395
5953,5028
5954,729
5955,4362
5956,2248
5957,8873
5958,6789
5959,7119
5960,5472
5961,1575
5962,4414
5963,2000
5964,1563
5965,8761
5966,5104
5967,3890
5968,6033
5969,3466
5970,8459
5971,8460
5972,2743
5973,2746
5974,710
5975,8674
5976,7556
5977,9287
5978,9884
5979,6750
5980,7304
5981,5598
5982,6373
5983,503
5984,1411
5985,1003
5986,5789
5987,3984
5988,1413
5989,6211
5990,1607
5991,859
5992,1688
5993,3279
5994,2713
5995,5272
5996,3722
5997,9910
5998,1779
5999,9020
6000,3653
6001,2029
6002,3072
6003,2870
6004,3079
6005,5643
6006,662
6007,5737
6008,2679
6009,4941
6010,8087
6011,7673
6012,7671
6013,6075
6014,6075
6015,1064
6016,8789
6017,6832
6018,9027
6019,1026
6020,4815
6021,2062
6022,6044
6023,8671
6024,1439
6025,3735
6026,1563
6027,6009
6028,3519
6029,4672
6030,1784
6031,456
6032,4636
6033,234
6034,8993
6035,9559
6036,6091
6037,8670
6038,5466
6039,8842
6040,5683
6041,3752
6042,376
6043,3773
6044,3311
6045,867
6046,8165
6047,5843
6048,9849
6049,3896
6050,1180
6051,7828
6052,3529
6053,8484
6054,8586
6055,5769
6056,6366
6057,6435
6058,6021
6059,4904
6060,3683
6061,5378
6062,9407
6063,5019
6064,1068
6065,3259
6066,4480
6067,6667
6068,898
6069,6589
6070,2959
6071,7567
6072,8417
6073,914
6074,8182
6075,4367
6076,3899
6077,5516
6078,4200
6079,9025
6080,3617
6081,4217
6082,2854
6083,1532
6084,3216
6085,9425
6086,9789
6087,1536
6088,2401
6089,9989
6090,8521
6091,4250
6092,6795
6093,9235
6094,1903
6095,1061
6096,5147
6097,7167
6098,3032
6099,5542
6100,3791
6101,4351
6102,8240
6103,1503
6104,7838
6105,5399
6106,3663
6107,5721
6108,9293
6109,2937
6110,5393
6111,1252
6112,8715
6113,9769
6114,6758
6115,7099
6116,5581
6117,9944
6118,9997
6119,5220
6120,8943
6121,8144
6122,2140
6123,1322
6124,3618
6125,1025
6126,3117
6127,681
6128,7253
6129,5846
6130,1301
6131,5264
6132,9051
6133,9463
6134,2739
6135,760
6136,977
6137,150
6138,7126
6139,8543
6140,1102
6141,3297
6142,5545
6143,366
6144,9311
6145,1584
6146,9686
6147,2242
6148,4485
6149,3076
6150,4047
6151,5672
6152,125
6153,5965
6154,8915
6155,2136
6156,7239
6157,467
6158,6406
6159,8571
6160,2618
6161,2916
6162,2374
6163,2183
6164,9580
6165,5475
6166,2149
6167,660
6168,1450
6169,259
6170,5970
6171,3907
6172,8459
6173,4757
6174,6164
6175,1928
6176,5790
6177,3976
6178,718
6179,8229
6180,6744
6181,1447
6182,6983
6183,1966
6184,9404
6185,5493
6186,2498
6187,3810
6188,8627
6189,207
6190,5917
6191,9506
6192,3050
6193,8652
6194,2224
6195,1939
6196,6633
6197,9535
6198,9210
6199,297
6200,2788
6201,2330
6202,9806
6203,8969
6204,2494
6205,457
6206,5999
6207,6695
6208,8552
6209,808
6210,4766
6211,8879
6212,3113
6213,3240
6214,7845
6215,4385
6216,7663
6217,4936
6218,3853
6219,5487
6220,8305
6221,8902
6222,8089
6223,6287
6224,2393
6225,8373
6226,9711
6227,9118
6228,6842
6229,8790
6230,4018
6231,9632
6232,1783
6233,8422
6234,3736
6235,195
6236,7321
6237,4527
6238,2810
6239,3005
6240,1616
6241,8443
6242,2148
6243,5298
6244,7311
6245,1516
6246,5174
6247,6476
6248,9634
6249,4843
6250,3870
6251,9332
6252,4520
6253,7190
6254,691
6255,4963
6256,3029
6257,2541
6258,9066
6259,9031
6260,9327
6261,4703
6262,1801
6263,6012
6264,4150
6265,2931
6266,9532
6267,4972
6268,2045
6269,4470
6270,9693
6271,8434
6272,5116
6273,4016
6274,9563
6275,1510
6276,3305
6277,9088
6278,5716
6279,6322
6280,4583
6281,9677
6282,8710
6283,8418
6284,7706
6285,3935
6286,9628
6287,2601
6288,4041
6289,2279
6290,3768
6291,304
6292,8884
6293,9100
6294,5924
6295,6970
6296,8571
6297,5649
6298,4189
6299,258
6300,4173
6301,2011
6302,3246
6303,5408
6304,2748
6305,115
6306,8270
6307,6396
6308,2090
6309,1448
6310,2082
6311,1179
6312,9061
6313,6294
6314,8936
6315,2676
6316,634
6317,7880
6318,5077
6319,8325
6320,5231
6321,6900
6322,6892
6323,6350
6324,775
6325,9024
6326,8340
6327,8818
6328,6882
6329,8145
6330,1859
6331,9170
6332,9771
6333,2894
6334,4877
6335,4481
6336,5114
6337,667
6338,364
6339,3419
6340,3953
6341,4397
6342,7592
6343,4377
6344,4692
6345,931
6346,2625
6347,2027
6348,2222
6349,9394
6350,2032
6351,9232
6352,1831
6353,6690
6354,9808
6355,8780
6356,1174
6357,1745
6358,1789
6359,164
6360,8743
6361,5562
6362,6049
6363,5154
6364,4002
6365,3168
6366,7136
6367,2071
6368,4973
6369,6250
6370,6313
6371,4413
6372,4859
6373,4820
6374,1124
6375,1819
6376,635
6377,7352
6378,5374
6379,9674
6380,9210
6381,4548
6382,4768
6383,8299
6384,596
6385,7464
6386,7551
6387,4974
6388,4331
6389,2730
6390,7820
6391,3091
6392,8389
6393,9934
6394,9270
6395,6254
6396,4012
6397,9547
6398,4253
6399,8663
6400,6196
6401,3363
6402,2767
6403,9695
6404,6702
6405,6331
6406,644
6407,8253
6408,794
6409,852
6410,2254
6411,2252
6412,3195
6413,6525
6414,3163
6415,3934
6416,4313
6417,1782
6418,3620
6419,4993
6420,5264
6421,4588
6422,6958
6423,390
6424,5489
6425,6279
6426,558
6427,4706
6428,6965
6429,6397
6430,1775
6431,5733
6432,1482
6433,8259
6434,6071
6435,8724
6436,3664
6437,7726
6438,6956
6439,4537
6440,8167
6441,6498
6442,1430
6443,4227
6444,5738
6445,4015
6446,7090
6447,3779
6448,6463
6449,7651
6450,5938
6451,1164
6452,7404
6453,3877
6454,8703
6455,7525
6456,6426
6457,9890
6458,785
6459,6832
6460,4672
6461,2059
6462,754
6463,3876
6464,5892
6465,7191
6466,6127
6467,7164
6468,1191
6469,7981
6470,3580
6471,320
6472,625
6473,8852
6474,6695
6475,5416
6476,6224
6477,2201
6478,374
6479,4555
6480,7608
6481,7314
6482,6118
6483,1439
6484,2737
6485,6343
6486,794
6487,296
6488,742
6489,725
6490,9866
6491,7002
6492,7136
6493,9714
6494,608
6495,8653
6496,3992
6497,8117
6498,2610
6499,3112
6500,822
6501,6702
6502,4634
6503,1340
6504,3366
6505,5504
6506,3234
6507,3658
6508,8719
6509,7930
6510,9261
6511,3335
6512,1548
6513,8609
6514,147
6515,3690
6516,7311
6517,2385
6518,2251
6519,4305
6520,3143
6521,6459
6522,9712
6523,1017
6524,7099
6525,5263
6526,782
6527,8436
6528,4777
6529,8792
6530,8597
6531,6759
6532,9473
6533,1339
6534,1812
6535,8870
6536,6797
6537,8375
6538,125
6539,592
6540,4569
6541,6802
6542,3975
6543,4837
6544,7946
6545,7666
6546,382
6547,2174
6548,1545
6549,1804
6550,2905
6551,3529
6552,354
6553,7816
6554,9417
6555,7200
6556,6327
6557,7791
6558,938
6559,9607
6560,5505
6561,2264
6562,7620
6563,170
6564,6076
6565,1488
6566,9144
6567,8895
6568,4272
6569,3305
6570,2971
6571,1956
6572,1047
6573,3457
6574,3155
6575,1864
6576,1332
6577,5730
6578,5028
6579,4550
6580,3473
6581,6648
6582,9296
6583,7736
6584,3400
6585,1646
6586,3021
6587,9310
6588,9910
6589,4629
6590,7557
6591,2516
6592,3572
6593,8981
6594,4507
6595,9847
6596,9587
6597,7066
6598,1139
6599,2892
6600,885
6601,3060
6602,8018
6603,6992
6604,6271
6605,6333
6606,3466
6607,3809
6608,8723
6609,5974
6610,8481
6611,1495
6612,3187
6613,8579
6614,3910
6615,5783
6616,4066
6617,377
6618,5298
6619,8302
6620,5817
6621,9756
6622,289
6623,1971
6624,9052
6625,8270
6626,5821
6627,7891
6628,1217
6629,8121
6630,3784
6631,4830
6632,2900
6633,3818
6634,8573
6635,7306
6636,2805
6637,8171
6638,3404
6639,135
6640,1979
6641,2816
6642,6006
6643,5550
6644,7032
6645,6942
6646,4625
6647,2953
6648,5777
6649,2796
6650,9786
6651,1251
6652,448
6653,7860
6654,5935
6655,5070
6656,7756
6657,9278
6658,7135
6659,642
6660,1676
6661,277
6662,2543
6663,5275
6664,305
6665,6667
6666,3539
6667,2532
6668,5360
6669,8633
6670,3933
6671,3772
6672,8212
6673,7525
6674,692
6675,5334
6676,6171
6677,6874
6678,5821
6679,4982
6680,3557
6681,5964
6682,496
6683,5331
6684,6976
6685,7709
6686,5154
6687,4342
6688,653
6689,9783
6690,4209
6691,7855
6692,8309
6693,1648
6694,2446
6695,8205
6696,8425
6697,891
6698,7309
6699,8978
6700,8391
6701,1521
6702,7046
6703,5049
6704,8060
6705,2188
6706,4610
6707,7828
6708,5053
6709,7459
6710,8182
6711,5259
6712,7744
6713,1303
6714,2667
6715,4812
6716,3937
6717,2695
6718,8662
6719,2613
6720,8661
6721,985
6722,2218
6723,5990
6724,4557
6725,3209
6726,8182
6727,2217
6728,967
6729,4859
6730,1546
6731,8434
6732,6214
6733,3980
6734,5111
6735,567
6736,2556
6737,6107
6738,9296
6739,5612
6740,3321
6741,3999
6742,1899
6743,9899
6744,9114
6745,6538
6746,352
6747,4785
6748,6871
6749,5806
6750,1575
6751,2436
6752,8795
6753,6426
6754,3014
6755,392
6756,4628
6757,9964
6758,2764
6759,4571
6760,163
6761,2681
6762,5579
6763,6757
6764,1054
6765,2795
6766,4177
6767,2156
6768,2219
6769,7275
6770,4427
6771,5639
6772,8943
6773,2102
6774,2009
6775,8635
6776,180
6777,9001
6778,2031
6779,9895
6780,9293
6781,7628
6782,7544
6783,7419
6784,4625
6785,5455
6786,8607
6787,6705
6788,7622
6789,4278
6790,7328
6791,6106
6792,7120
6793,5592
6794,3585
6795,5741
6796,7196
6797,5466
6798,1699
6799,9851
6800,1867
6801,5556
6802,1354
6803,9672
6804,3693
6805,4337
6806,4901
6807,2264
6808,4256
6809,173
6810,3147
6811,2678
6812,8226
6813,3981
6814,8679
6815,3002
6816,2863
6817,189
6818,758
6819,4725
6820,719
6821,3576
6822,6348
6823,6825
6824,5397
6825,7690
6826,8867
6827,8090
6828,3505
6829,9935
6830,2812
6831,2081
6832,7912
6833,7905
6834,9029
6835,1263
6836,1323
6837,5880
6838,1525
6839,1639
6840,6636
6841,4677
6842,7384
6843,2833
6844,7696
6845,246
6846,8186
6847,2714
6848,3334
6849,5080
6850,2591
6851,9748
6852,4820
6853,5781
6854,9115
6855,4015
6856,8915
6857,5391
6858,9075
6859,7086
6860,7975
6861,4050
6862,7046
6863,5915
6864,3745
6865,7348
6866,9067
6867,621
6868,9635
6869,5160
6870,8061
6871,8379
6872,3732
6873,5752
6874,7721
6875,8918
6876,496
6877,2209
6878,6844
6879,3310
6880,4226
6881,684
6882,5802
6883,4397
6884,896
6885,7693
6886,219
6887,1268
6888,4814
6889,3421
6890,234
6891,2558
6892,3513
6893,902
6894,9280
6895,9735
6896,8739
6897,8514
6898,594
6899,5391
6900,6241
6901,2158
6902,396
6903,6766
6904,9589
6905,7755
6906,9238
6907,6239
6908,1496
6909,8296
6910,8037
6911,6224
6912,3467
6913,6459
6914,5267
6915,2671
6916,3648
6917,8608
6918,8382
6919,483
6920,121
6921,7460
6922,9131
6923,4986
6924,5237
6925,6447
6926,7302
6927,7253
6928,8732
6929,2391
6930,4059
6931,2503
6932,1516
6933,6074
6934,5130
6935,1393
6936,5201
6937,4860
6938,7455
6939,316
6940,6937
6941,1086
6942,7607
6943,4062
6944,5230
6945,3477
6946,6971
6947,8522
6948,122
6949,565
6950,3028
6951,6056
6952,4214
6953,8115
6954,779
6955,7299
6956,9910
6957,2075
6958,4397
6959,2831
6960,5908
6961,3211
6962,827
6963,7196
6964,3940
6965,3700
6966,2466
6967,4438
6968,2048
6969,218
6970,5402
6971,8129
6972,9451
6973,7221
6974,5907
6975,8512
6976,5747
6977,673
6978,250
6979,2144
6980,6338
6981,7777
6982,1501
6983,7390
6984,3661
6985,2237
6986,5388
6987,6642
6988,9832
6989,6822
6990,5667
6991,9141
6992,7727
6993,6907
6994,1087
6995,542
6996,4902
6997,4709
6998,1224
6999,3479
7000,3424
7001,3260
7002,3667
7003,9684
7004,7564
7005,9076
7006,8035
7007,4037
7008,353
7009,5033
7010,6624
7011,5158
7012,1577
7013,188
7014,1083
7015,9480
7016,1789
7017,7223
7018,5292
7019,5858
7020,3765
7021,9040
7022,2609
7023,5764
7024,2079
7025,418
7026,2870
7027,857
7028,3632
7029,6347
7030,4622
7031,1918
7032,4253
7033,6384
7034,5367
7035,4330
7036,9033
7037,3223
7038,8048
7039,526
7040,9246
7041,1126
7042,2123
7043,399
7044,3275
7045,3515
7046,2885
7047,6022
7048,5413
7049,6116
7050,2389
7051,5878
7052,9997
7053,7046
7054,3720
7055,7262
7056,565
7057,7666
7058,6712
7059,6894
7060,168
7061,993
7062,7356
7063,2163
7064,9475
7065,5035
7066,2484
7067,6774
7068,4553
7069,6288
7070,8073
7071,1820
7072,2137
7073,925
7074,5781
7075,9068
7076,5954
7077,8613
7078,514
7079,7102
7080,1887
7081,2066
7082,3858
7083,8128
7084,6819
7085,3062
7086,8138
7087,6951
7088,7585
7089,6739
7090,8484
7091,8747
7092,7202
7093,3926
7094,5842
7095,4675
7096,5570
7097,2128
7098,169
7099,3360
7100,6472
7101,5901
7102,2055
7103,4015
7104,6908
7105,2352
7106,1325
7107,3107
7108,289
7109,8965
7110,8427
7111,9968
7112,487
7113,986
7114,8358
7115,4752
7116,7843
7117,3416
7118,6351
7119,8089
7120,3091
7121,8294
7122,4455
7123,4321
7124,888
7125,9810
7126,2916
7127,5022
7128,8373
7129,128
7130,9484
7131,6797
7132,4179
7133,8854
7134,8597
7135,9226
7136,4523
7137,1292
7138,3796
7139,5434
7140,119
7141,8668
7142,8496
7143,8278
7144,773
7145,3324
7146,2891
7147,9833
7148,9608
7149,3668
7150,2904
7151,4117
7152,3216
7153,7607
7154,6330
7155,9269
7156,3696
7157,5250
7158,4957
7159,2148
7160,1010
7161,4823
7162,1168
7163,1373
7164,8892
7165,1391
7166,5568
7167,4959
7168,2066
7169,2683
7170,5159
7171,6743
7172,2087
7173,9596
7174,4296
7175,5040
7176,7742
7177,4583
7178,4704
7179,1549
7180,2307
7181,5336
7182,4854
7183,3569
7184,5723
7185,9258
7186,9477
7187,344
7188,9008
7189,6781
7190,5033
7191,791
7192,1567
7193,8441
7194,8225
7195,5542
7196,9651
7197,1404
7198,9489
7199,3248
7200,9422
7201,3618
7202,5875
7203,2243
7204,6012
7205,6010
7206,4759
7207,5779
7208,427
7209,1665
7210,1117
7211,5666
7212,1450
7213,4673
7214,591
7215,1200
7216,5433
7217,5554
7218,9681
7219,7690
7220,6688
7221,5386
7222,5835
7223,9433
7224,4386
7225,6841
7226,6903
7227,7740
7228,7713
7229,3882
7230,7718
7231,5243
7232,3793
7233,1995
7234,1443
7235,5070
7236,1746
7237,855
7238,8179
7239,7219
7240,5494
7241,5289
7242,4764
7243,6446
7244,4762
7245,5639
7246,6504
7247,5163
7248,8600
7249,5290
7250,6718
7251,3901
7252,8472
7253,6413
7254,6641
7255,9146
7256,4657
7257,3005
7258,6747
7259,3253
7260,7614
7261,8392
7262,3522
7263,5856
7264,7160
7265,3023
7266,7173
7267,4759
7268,8646
7269,9270
7270,4951
7271,690
7272,4367
7273,8171
7274,9590
7275,9701
7276,4981
7277,864
7278,9409
7279,6777
7280,6141
7281,3071
7282,1240
7283,148
7284,4977
7285,7102
7286,5111
7287,9317
7288,3629
7289,4360
7290,8738
7291,4230
7292,6895
7293,7029
7294,365
7295,2786
7296,3248
7297,3850
7298,8418
7299,8619
7300,445
7301,9658
7302,5406
7303,1909
7304,9648
7305,6860
7306,8503
7307,4384
7308,8359
7309,243
7310,9000
7311,6774
7312,7222
7313,3843
7314,1438
7315,5732
7316,4206
7317,8675
7318,5500
7319,4583
7320,6209
7321,2075
7322,2716
7323,7437
7324,2963
7325,4461
7326,6157
7327,568
7328,6331
7329,5372
7330,7248
7331,8588
7332,440
7333,3320
7334,8814
7335,8967
7336,7716
7337,8670
7338,7578
7339,3827
7340,9194
7341,4139
7342,1420
7343,8650
7344,7635
7345,3428
7346,2264
7347,1720
7348,4776
7349,6136
7350,4294
7351,9593
7352,4329
7353,2368
7354,1067
7355,5427
7356,3287
7357,1934
7358,891
7359,5203
7360,4270
7361,7509
7362,2644
7363,8576
7364,6073
7365,6881
7366,907
7367,9464
7368,4045
7369,6237
7370,2705
7371,1405
7372,141
7373,9988
7374,5086
7375,9538
7376,6188
7377,7027
7378,3930
7379,1912
7380,5404
7381,3803
7382,7699
7383,1681
7384,6672
7385,6994
7386,7980
7387,2549
7388,6331
7389,566
7390,4020
7391,158
7392,9978
7393,3489
7394,8828
7395,9010
7396,9198
7397,5501
7398,3957
7399,8319
7400,5488
7401,4174
7402,426
7403,8531
7404,8381
7405,9802
7406,1160
7407,3224
7408,8208
7409,2572
7410,1662
7411,7461
7412,3461
7413,2721
7414,2598
7415,8067
7416,1780
7417,9554
7418,8998
7419,7810
7420,6353
7421,8689
7422,4591
7423,8672
7424,2915
7425,2419
7426,7337
7427,2485
7428,9739
7429,2019
7430,3228
7431,7509
7432,8402
7433,3521
7434,4886
7435,9965
7436,5329
7437,3345
7438,6120
7439,2345
7440,4555
7441,9575
7442,1891
7443,7234
7444,5552
7445,4414
7446,5900
7447,4963
7448,5916
7449,9834
7450,4919
7451,9083
7452,6277
7453,3849
7454,1520
7455,1886
7456,9583
7457,1790
7458,9983
7459,1518
7460,595
7461,6201
7462,1511
7463,4191
7464,8476
7465,2441
7466,5083
7467,3163
7468,3798
7469,8575
7470,1102
7471,6901
7472,6585
7473,5016
7474,144
7475,8281
7476,5464
7477,9520
7478,7229
7479,2605
7480,4548
7481,9146
7482,5332
7483,2885
7484,8749
7485,3244
7486,4583
7487,1183
7488,6165
7489,5193
7490,4805
7491,2467
7492,5627
7493,2842
7494,2168
7495,7597
7496,6460
7497,6364
7498,4971
7499,9098
7500,5508
7501,5295
7502,2311
7503,7216
7504,627
7505,1559
7506,465
7507,2201
7508,7367
7509,3420
7510,610
7511,374
7512,5429
7513,4928
7514,8226
7515,457
7516,2032
7517,6640
7518,3264
7519,7153
7520,8941
7521,7218
7522,9972
7523,3472
7524,3277
7525,3903
7526,9806
7527,7412
7528,6885
7529,7924
7530,7243
7531,2615
7532,5063
7533,8819
7534,4847
7535,7400
7536,2414
7537,6870
7538,2230
7539,2111
7540,6939
7541,1962
7542,3159
7543,7160
7544,1617
7545,2448
7546,4197
7547,4623
7548,1666
7549,8131
7550,4030
7551,7094
7552,1228
7553,7600
7554,7936
7555,2028
7556,1032
7557,2570
7558,7290
7559,2790
7560,6090
7561,7512
7562,4012
7563,694
7564,792
7565,5918
7566,8532
7567,8233
7568,2320
7569,6144
7570,5984
7571,8525
7572,2122
7573,7447
7574,1175
7575,894
7576,5165
7577,6979
7578,2127
7579,3890
7580,524
7581,6204
7582,1991
7583,4922
7584,5454
7585,3008
7586,2385
7587,9075
7588,5230
7589,3077
7590,8584
7591,2687
7592,912
7593,7469
7594,7088
7595,8774
7596,5898
7597,7841
7598,913
7599,1448
7600,4887
7601,7168
7602,3494
7603,7876
7604,580
7605,5889
7606,1805
7607,2964
7608,9015
7609,9488
7610,1626
7611,9888
7612,5064
7613,1600
7614,549
7615,7361
7616,1701
7617,3246
7618,323
7619,5351
7620,8070
7621,9921
7622,9181
7623,6225
7624,4523
7625,1642
7626,3651
7627,5750
7628,6781
7629,3362
7630,9445
7631,5123
7632,8959
7633,5333
7634,5636
7635,4261
7636,6186
7637,5537
7638,6636
7639,5692
7640,3218
7641,2133
7642,9526
7643,801
7644,4681
7645,5565
7646,7992
7647,1600
7648,8222
7649,2268
7650,7344
7651,2793
7652,9983
7653,9950
7654,8214
7655,5080
7656,6997
7657,2430
7658,6473
7659,2832
7660,2068
7661,9082
7662,5819
7663,3510
7664,9532
7665,4719
7666,5143
7667,8171
7668,2367
7669,1277
7670,6348
7671,7833
7672,3930
7673,8440
7674,5512
7675,675
7676,6957
7677,5551
7678,2114
7679,364
7680,983
7681,5297
7682,475
7683,3760
7684,8687
7685,4328
7686,4463
7687,7153
7688,362
7689,4720
7690,1650
7691,1086
7692,485
7693,3722
7694,5037
7695,6569
7696,1731
7697,6901
7698,2955
7699,7050
7700,5662
7701,8012
7702,5440
7703,7005
7704,3380
7705,6527
7706,5222
7707,5910
7708,9481
7709,8407
7710,1139
7711,5052
7712,2692
7713,7406
7714,2161
7715,4322
7716,7864
7717,1484
7718,9751
7719,6695
7720,2021
7721,8837
7722,9985
7723,2326
7724,7133
7725,6969
7726,2735
7727,828
7728,7208
7729,1493
7730,3032
7731,1583
7732,2904
7733,8530
7734,8207
7735,8252
7736,7282
7737,7444
7738,3320
7739,5933
7740,5355
7741,1525
7742,1560
7743,8531
7744,2012
7745,6823
7746,2314
7747,2669
7748,1566
7749,2684
7750,4412
7751,7031
7752,6267
7753,4016
7754,5451
7755,3456
7756,8062
7757,9040
7758,6628
7759,2487
7760,6565
7761,1751
7762,5508
7763,3036
7764,5032
7765,2818
7766,9776
7767,1550
7768,4482
7769,1416
7770,3736
7771,4088
7772,4517
7773,3120
7774,4393
7775,7393
7776,2681
7777,5731
7778,5051
7779,9114
7780,4737
7781,1360
7782,1489
7783,3232
7784,1696
7785,221
7786,1038
7787,3328
7788,5241
7789,6886
7790,4129
7791,5429
7792,2416
7793,5863
7794,9681
7795,5686
7796,7066
7797,9311
7798,6975
7799,9028
7800,9101
7801,5797
7802,9465
7803,6602
7804,8245
7805,5584
7806,256
7807,7947
7808,3545
7809,2455
7810,3109
7811,2432
7812,2941
7813,4710
7814,5833
7815,9053
7816,2803
7817,9986
7818,526
7819,9010
7820,5930
7821,2869
7822,8619
7823,8210
7824,5453
7825,4602
7826,4929
7827,367
7828,944
7829,559
7830,6529
7831,1070
7832,403
7833,3373
7834,8523
7835,2179
7836,5285
7837,9624
7838,9087
7839,2162
7840,8907
7841,3762
7842,9671
7843,8779
7844,1751
7845,2543
7846,9599
7847,4860
7848,1964
7849,8474
7850,1735
7851,3462
7852,8294
7853,2583
7854,3971
7855,561
7856,5037
7857,8450
7858,3484
7859,9479
7860,7705
7861,6912
7862,3854
7863,920
7864,935
7865,6381
7866,7166
7867,3117
7868,5064
7869,4724
7870,7266
7871,5089
7872,3508
7873,1954
7874,4673
7875,3864
7876,4929
7877,5201
7878,599
7879,9569
7880,847
7881,9834
7882,9169
7883,2792
7884,247
7885,1440
7886,673
7887,4975
7888,9532
7889,5640
7890,4778
7891,8489
7892,1429
7893,8232
7894,9053
7895,4619
7896,1285
7897,5030
7898,5974
7899,1520
7900,3140
7901,3322
7902,1326
7903,3654
7904,8491
7905,1626
7906,9566
7907,6578
7908,9086
7909,5990
7910,6578
7911,1753
7912,3038
7913,2219
7914,3947
7915,5553
7916,1784
7917,8041
7918,3269
7919,769
7920,5246
7921,653
7922,7685
7923,9368
7924,1669
7925,7366
7926,6629
7927,4587
7928,8927
7929,5701
7930,8576
7931,6887
7932,5748
7933,6481
7934,4085
7935,2143
7936,3318
7937,8784
7938,506
7939,4528
7940,5172
7941,6138
7942,4552
7943,9580
7944,3663
7945,4641
7946,7431
7947,5967
7948,6704
7949,9522
7950,3150
7951,721
7952,4192
7953,4700
7954,252
7955,4837
7956,841
7957,8531
7958,9028
7959,1926
7960,1287
7961,2964
7962,4334
7963,946
7964,8590
7965,4059
7966,2497
7967,8481
7968,8793
7969,4859
7970,4010
7971,9278
7972,1380
7973,6586
7974,6111
7975,6284
7976,5645
7977,2930
7978,6767
7979,8727
7980,6473
7981,9390
7982,8245
7983,8134
7984,4334
7985,6148
7986,8374
7987,5617
7988,932
7989,8820
7990,4846
7991,7935
7992,1082
7993,3804
7994,1187
7995,6920
7996,358
7997,5831
7998,1032
7999,8911
8000,9470
8001,9338
8002,4500
8003,8460
8004,612
8005,1312
8006,5314
8007,5435
8008,9052
8009,6817
8010,3196
8011,9624
8012,7446
8013,2213
8014,4222
8015,5284
8016,2640
8017,7718
8018,2980
8019,2992
8020,8991
8021,3292
8022,2183
8023,919
8024,2231
8025,8203
8026,6635
8027,2715
8028,664
8029,8627
8030,1270
8031,4029
8032,2801
8033,2110
8034,9444
8035,6120
8036,9142
8037,4054
8038,7104
8039,2476
8040,9894
8041,1212
8042,6510
8043,9467
8044,5437
8045,7923
8046,5283
8047,7898
8048,4664
8049,9564
8050,5958
8051,7188
8052,7483
8053,922
8054,755
8055,9975
8056,3150
8057,714
8058,9143
8059,5430
8060,3144
8061,9079
8062,1588
8063,9821
8064,7965
8065,5061
8066,6092
8067,8716
8068,6367
8069,1511
8070,7578
8071,8453
8072,930
8073,7686
8074,8091
8075,3678
8076,803
8077,4852
8078,1356
8079,887
8080,8319
8081,6637
8082,3095
8083,5591
8084,9316
8085,1472
8086,8206
8087,2928
8088,4995
8089,5997
8090,4558
8091,4092
8092,1912
8093,1249
8094,6387
8095,2512
8096,5261
8097,8812
8098,3773
8099,2449
8100,3439
8101,5946
8102,5048
8103,1958
8104,926
8105,9008
8106,2261
8107,3566
8108,6553
8109,2916
8110,873
8111,5906
8112,610
8113,8718
8114,3903
8115,2897
8116,6345
8117,4921
8118,2107
8119,5790
8120,9546
8121,1244
8122,2894
8123,9812
8124,2475
8125,2600
8126,8856
8127,4070
8128,9235
8129,6747
8130,1571
8131,7837
8132,5311
8133,467
8134,356
8135,6357
8136,7511
8137,1967
8138,2490
8139,1828
8140,3104
8141,8295
8142,3589
8143,2897
8144,1294
8145,8329
8146,7402
8147,7709
8148,7158
8149,2129
8150,7587
8151,8358
8152,7237
8153,5675
8154,3149
8155,3366
8156,3140
8157,7727
8158,8130
8159,8058
8160,3160
8161,9987
8162,8465
8163,5069
8164,1918
8165,6731
8166,4135
8167,7070
8168,9814
8169,1204
8170,6414
8171,5008
8172,7426
8173,673
8174,226
8175,1244
8176,7429
8177,7961
8178,1338
8179,2070
8180,8805
8181,6182
8182,2277
8183,9607
8184,7783
8185,6232
8186,6456
8187,2376
8188,9985
8189,825
8190,6121
8191,1775
8192,229
8193,8757
8194,2570
8195,8961
8196,2448
8197,729
8198,4243
8199,9442
8200,9732
8201,6751
8202,7233
8203,6099
8204,7185
8205,8439
8206,4205
8207,7130
8208,4169
8209,6383
8210,9020
8211,5004
8212,2948
8213,9595
8214,2060
8215,2295
8216,7686
8217,2249
8218,8885
8219,2297
8220,4318
8221,4481
8222,6412
8223,5364
8224,8894
8225,5757
8226,213
8227,919
8228,4725
8229,562
8230,8220
8231,6709
8232,6598
8233,984
8234,5988
8235,2302
8236,5530
8237,2850
8238,9644
8239,1954
8240,4667
8241,8941
8242,9434
8243,6640
8244,2960
8245,1716
8246,7949
8247,6421
8248,1698
8249,6978
8250,9704
8251,4743
8252,4767
8253,6377
8254,5589
8255,9600
8256,5179
8257,7452
8258,2608
8259,9530
8260,7413
8261,9765
8262,5701
8263,8248
8264,7000
8265,8575
8266,7634
8267,4630
8268,2197
8269,9475
8270,7409
8271,6412
8272,6929
8273,1288
8274,7262
8275,1844
8276,641
8277,9394
8278,8743
8279,4532
8280,2979
8281,3826
8282,5329
8283,4141
8284,7894
8285,8696
8286,4935
8287,4668
8288,8310
8289,825
8290,8659
8291,1190
8292,6996
8293,3431
8294,9309
8295,4012
8296,8536
8297,9988
8298,3540
8299,1623
8300,5792
8301,4953
8302,3013
8303,3367
8304,8105
8305,4688
8306,7734
8307,1025
8308,5384
8309,8156
8310,4998
8311,7726
8312,1792
8313,1865
8314,3727
8315,691
8316,3561
8317,5473
8318,4722
8319,6985
8320,1649
8321,2727
8322,9019
8323,3986
8324,4953
8325,6937
8326,656
8327,6208
8328,9831
8329,5789
8330,9463
8331,1385
8332,9771
8333,4068
8334,2423
8335,4353
8336,1803
8337,1616
8338,4058
8339,1497
8340,4082
8341,3696
8342,9733
8343,7112
8344,6421
8345,1539
8346,6446
8347,2041
8348,5069
8349,7114
8350,4292
8351,5556
8352,7662
8353,6762
8354,6717
8355,8892
8356,9573
8357,6322
8358,1101
8359,7188
8360,220
8361,6899
8362,8829
8363,4497
8364,1444
8365,1643
8366,9932
8367,468
8368,3983
8369,5718
8370,6212
8371,3706
8372,1059
8373,7451
8374,4868
8375,7143
8376,6867
8377,5354
8378,6132
8379,2431
8380,1962
8381,1775
8382,360
8383,3322
8384,4775
8385,3740
8386,6645
8387,2860
8388,3742
8389,2998
8390,8421
8391,4097
8392,5968
8393,3614
8394,7397
8395,4142
8396,5983
8397,2028
8398,2414
8399,7477
8400,683
8401,9709
8402,6611
8403,5838
8404,5563
8405,2748
8406,8883
8407,4196
8408,6805
8409,1298
8410,3308
8411,2470
8412,9094
8413,7427
8414,7332
8415,4082
8416,1728
8417,8255
8418,1411
8419,8286
8420,8645
8421,2611
8422,5613
8423,3915
8424,6524
8425,3025
8426,5276
8427,2858
8428,1386
8429,4145
8430,5643
8431,6841
8432,9805
8433,4442
8434,8963
8435,5560
8436,1360
8437,1851
8438,1009
8439,1411
8440,7182
8441,4653
8442,3092
8443,2709
8444,147
8445,2300
8446,6052
8447,4302
8448,3027
8449,7768
8450,3077
8451,1502
8452,6518
8453,5786
8454,7306
8455,5322
8456,2709
8457,3962
8458,2904
8459,9491
8460,5792
8461,8505
8462,693
8463,888
8464,9619
8465,9123
8466,7578
8467,2800
8468,1193
8469,5812
8470,2839
8471,4687
8472,2824
8473,8029
8474,5781
8475,233
8476,4413
8477,8650
8478,2860
8479,2912
8480,9142
8481,3703
8482,2193
8483,6602
8484,9537
8485,7806
8486,6158
8487,8978
8488,7494
8489,6876
8490,2733
8491,3823
8492,1872
8493,2008
8494,6963
8495,9271
8496,5529
8497,639
8498,4739
8499,8940
8500,739
8501,4045
8502,3491
8503,3523
8504,8326
8505,3176
8506,8622
8507,1288
8508,2193
8509,6207
8510,2269
8511,1284
8512,3611
8513,7674
8514,8121
8515,4729
8516,475
8517,186
8518,5424
8519,8696
8520,372
8521,8403
8522,7576
8523,4835
8524,1328
8525,4415
8526,1476
8527,6174
8528,7989
8529,5187
8530,8971
8531,5222
8532,135
8533,8353
8534,2258
8535,5333
8536,446
8537,3841
8538,1687
8539,4664
8540,2653
8541,7124
8542,7356
8543,2875
8544,3817
8545,2861
8546,4618
8547,5302
8548,4938
8549,9652
8550,4254
8551,9565
8552,3734
8553,7297
8554,7197
8555,9055
8556,2180
8557,2776
8558,4172
8559,746
8560,6214
8561,9743
8562,4148
8563,9201
8564,5691
8565,7632
8566,6105
8567,4709
8568,9142
8569,1177
8570,2036
8571,1364
8572,7321
8573,8842
8574,3251
8575,3988
8576,5597
8577,8885
8578,6354
8579,1415
8580,3547
8581,5832
8582,9852
8583,8184
8584,1644
8585,4176
8586,7632
8587,6421
8588,4672
8589,8342
8590,5185
8591,5275
8592,2724
8593,1914
8594,5326
8595,6918
8596,2122
8597,8802
8598,202
8599,8148
8600,4660
8601,6629
8602,5489
8603,3074
8604,2943
8605,406
8606,2681
8607,8292
8608,2687
8609,959
8610,3362
8611,3134
8612,9228
8613,7594
8614,3638
8615,296
8616,8579
8617,3374
8618,1889
8619,9033
8620,5209
8621,8579
8622,7517
8623,9037
8624,6219
8625,5052
8626,7599
8627,2030
8628,2755
8629,3752
8630,6643
8631,1021
8632,7550
8633,7836
8634,5698
8635,378
8636,1569
8637,7176
8638,8433
8639,3956
8640,205
8641,8528
8642,6330
8643,2501
8644,3816
8645,6862
8646,6917
8647,1268
8648,9656
8649,289
8650,7540
8651,3369
8652,9270
8653,4507
8654,333
8655,1441
8656,8810
8657,5866
8658,3129
8659,6802
8660,963
8661,9422
8662,3995
8663,9029
8664,7333
8665,544
8666,2554
8667,4268
8668,6112
8669,9516
8670,6660
8671,6683
8672,4194
8673,2402
8674,7492
8675,318
8676,5772
8677,4571
8678,2188
8679,5819
8680,2956
8681,1606
8682,8729
8683,3636
8684,1225
8685,9147
8686,653
8687,6427
8688,9484
8689,4662
8690,4877
8691,6192
8692,4901
8693,6429
8694,7921
8695,7008
8696,3210
8697,4765
8698,9572
8699,5503
8700,4111
8701,4940
8702,2594
8703,1591
8704,5961
8705,8530
8706,218
8707,2994
8708,1471
8709,6121
8710,6243
8711,8506
8712,4107
8713,9582
8714,7218
8715,3960
8716,3242
8717,7967
8718,8488
8719,2168
8720,2129
8721,3971
8722,2638
8723,7370
8724,9137
8725,5878
8726,1188
8727,8857
8728,6839
8729,3323
8730,4759
8731,9008
8732,4162
8733,2787
8734,924
8735,8987
8736,4645
8737,7090
8738,1615
8739,2055
8740,3302
8741,9704
8742,4650
8743,6312
8744,9513
8745,1939
8746,6923
8747,4415
8748,8309
8749,165
8750,9230
8751,4860
8752,6909
8753,9307
8754,4877
8755,2345
8756,5368
8757,2041
8758,211
8759,345
8760,4021
8761,6944
8762,2530
8763,4952
8764,4790
8765,903
8766,7852
8767,6257
8768,5321
8769,1523
8770,5604
8771,1601
8772,3487
8773,3438
8774,2562
8775,3685
8776,2918
8777,6889
8778,1504
8779,7164
8780,4715
8781,5606
8782,9523
8783,4905
8784,4356
8785,4998
8786,1313
8787,9148
8788,2709
8789,1058
8790,9376
8791,148
8792,2005
8793,3000
8794,1726
8795,532
8796,3636
8797,3394
8798,6422
8799,4396
8800,1210
8801,9579
8802,1789
8803,5893
8804,6512
8805,4302
8806,2182
8807,6781
8808,8677
8809,2746
8810,787
8811,4142
8812,7786
8813,4803
8814,1960
8815,2274
8816,4562
8817,2968
8818,7131
8819,2255
8820,8937
8821,4686
8822,1120
8823,5856
8824,2006
8825,703
8826,2506
8827,244
8828,1578
8829,1645
8830,5617
8831,8880
8832,8909
8833,4558
8834,2910
8835,6093
8836,8036
8837,5096
8838,4338
8839,5162
8840,9641
8841,9189
8842,9410
8843,9581
8844,1759
8845,3490
8846,1880
8847,8054
8848,3198
8849,8767
8850,8722
8851,6815
8852,6331
8853,1590
8854,4517
8855,3057
8856,8562
8857,5511
8858,2339
8859,5592
8860,9802
8861,3324
8862,4893
8863,322
8864,1118
8865,297
8866,2865
8867,3738
8868,3043
8869,9845
8870,6944
8871,1127
8872,6369
8873,739
8874,2007
8875,9472
8876,2180
8877,5473
8878,106
8879,8350
8880,6541
8881,6201
8882,5637
8883,238
8884,2092
8885,7108
8886,2787
8887,894
8888,1642
8889,2145
8890,9144
8891,9751
8892,7369
8893,620
8894,8729
8895,1485
8896,8428
8897,251
8898,2341
8899,233
8900,9202
8901,1170
8902,9379
8903,6031
8904,4087
8905,9224
8906,4502
8907,6749
8908,3191
8909,828
8910,2144
8911,9712
8912,517
8913,1964
8914,1795
8915,9132
8916,8894
8917,8542
8918,540
8919,3619
8920,2449
8921,7982
8922,7358
8923,7957
8924,906
8925,9472
8926,5101
8927,1691
8928,134
8929,881
8930,6029
8931,4198
8932,9379
8933,7887
8934,9577
8935,7092
8936,101
8937,4919
8938,7654
8939,3300
8940,1874
8941,5894
8942,9267
8943,9596
8944,3707
8945,409
8946,7001
8947,9080
8948,1146
8949,8159
8950,8656
8951,7824
8952,2575
8953,315
8954,4674
8955,7620
8956,6786
8957,9443
8958,6261
8959,5084
8960,3840
8961,437
8962,8017
8963,4142
8964,9338
8965,9299
8966,3511
8967,9233
8968,308
8969,6124
8970,4615
8971,3929
8972,6922
8973,7912
8974,1340
8975,5688
8976,9378
8977,7718
8978,4686
8979,9664
8980,5011
8981,9631
8982,504
8983,1789
8984,3295
8985,1901
8986,6787
8987,8708
8988,9018
8989,2569
8990,3708
8991,955
8992,8673
8993,6647
8994,8945
8995,8350
8996,3994
8997,436
8998,2429
8999,8367
9000,3729
9001,4306
9002,1145
9003,7170
9004,3544
9005,3690
9006,2394
9007,9757
9008,2788
9009,7725
9010,3812
9011,3120
9012,153
9013,8980
9014,8791
9015,8209
9016,9219
9017,1549
9018,1327
9019,7449
9020,770
9021,6179
9022,4835
9023,3253
9024,3667
9025,8093
9026,3936
9027,8206
9028,3672
9029,5906
9030,1976
9031,3455
9032,9662
9033,947
9034,9184
9035,6626
9036,3228
9037,8191
9038,447
9039,2713
9040,5749
9041,1282
9042,9272
9043,9402
9044,9025
9045,2873
9046,4668
9047,6318
9048,5584
9049,7759
9050,2768
9051,3523
9052,4694
9053,593
9054,493
9055,540
9056,2596
9057,8913
9058,8125
9059,585
9060,2348
9061,9611
9062,2254
9063,1304
9064,674
9065,3442
9066,6910
9067,9166
9068,4073
9069,5969
9070,2903
9071,8734
9072,1321
9073,2602
9074,7835
9075,3406
9076,5242
9077,7410
9078,2118
9079,2574
9080,9061
9081,3257
9082,9175
9083,5432
9084,5707
9085,6018
9086,5974
9087,1719
9088,5986
9089,9001
9090,6244
9091,250
9092,9533
9093,8866
9094,1359
9095,7591
9096,8163
9097,7389
9098,2232
9099,752
9100,7591
9101,1314
9102,1882
9103,9322
9104,7070
9105,4045
9106,374
9107,5450
9108,355
9109,4933
9110,2304
9111,7318
9112,9352
9113,2492
9114,2610
9115,9581
9116,5151
9117,2745
9118,4849
9119,4759
9120,9699
9121,9827
9122,6933
9123,5190
9124,796
9125,9769
9126,6881
9127,964
9128,4230
9129,6339
9130,4668
9131,3359
9132,9111
9133,8957
9134,5174
9135,5557
9136,9696
9137,9213
9138,8467
9139,8570
9140,2678
9141,6033
9142,8493
9143,2567
9144,6590
9145,1507
9146,2479
9147,8531
9148,9707
9149,9404
9150,8862
9151,1192
9152,1892
9153,655
9154,1210
9155,1351
9156,4423
9157,721
9158,8771
9159,8346
9160,828
9161,753
9162,3205
9163,6846
9164,7131
9165,946
9166,8540
9167,7303
9168,5871
9169,4262
9170,901
9171,6346
9172,6342
9173,7553
9174,6319
9175,8241
9176,7626
9177,7935
9178,9229
9179,825
9180,4031
9181,6964
9182,5311
9183,3167
9184,3584
9185,8661
9186,6145
9187,1139
9188,8254
9189,9846
9190,4237
9191,1381
9192,887
9193,7770
9194,3273
9195,5726
9196,6386
9197,9816
9198,9515
9199,7683
9200,5561
9201,8223
9202,9316
9203,3453
9204,7034
9205,9000
9206,1711
9207,6486
9208,1519
9209,4000
9210,9484
9211,8067
9212,1689
9213,9965
9214,9886
9215,1795
9216,502
9217,8281
9218,4355
9219,3414
9220,8134
9221,6957
9222,1391
9223,6572
9224,3113
9225,4336
9226,9906
9227,5801
9228,1270
9229,1623
9230,2723
9231,1383
9232,6395
9233,5787
9234,9596
9235,472
9236,2516
9237,2216
9238,3833
9239,815
9240,8584
9241,2189
9242,7877
9243,8820
9244,7159
9245,8511
9246,9263
9247,3210
9248,2010
9249,9045
9250,9114
9251,2818
9252,7145
9253,9436
9254,559
9255,2665
9256,2158
9257,2590
9258,6106
9259,3700
9260,9127
9261,9677
9262,7456
9263,8421
9264,9195
9265,5998
9266,4639
9267,361
9268,1191
9269,5421
9270,2148
9271,5047
9272,477
9273,7573
9274,1036
9275,984
9276,9120
9277,2717
9278,2825
9279,6922
9280,3770
9281,7190
9282,9362
9283,907
9284,6185
9285,300
9286,3835
9287,4008
9288,6830
9289,6209
9290,6172
9291,6100
9292,2467
9293,8106
9294,5553
9295,7807
9296,7546
9297,1922
9298,5150
9299,7516
9300,3238
9301,2548
9302,5612
9303,6197
9304,8142
9305,3766
9306,3019
9307,849
9308,5769
9309,6920
9310,8271
9311,7877
9312,4818
9313,1610
9314,8529
9315,1851
9316,3175
9317,1486
9318,6177
9319,2820
9320,857
9321,3127
9322,8908
9323,8176
9324,693
9325,4241
9326,8915
9327,8368
9328,1608
9329,1876
9330,5443
9331,3309
9332,3075
9333,6149
9334,5679
9335,1808
9336,9009
9337,6857
9338,1485
9339,8085
9340,9323
9341,6902
9342,8511
9343,2046
9344,5061
9345,5841
9346,5876
9347,3206
9348,8693
9349,452
9350,1276
9351,8143
9352,3415
9353,7696
9354,1702
9355,9612
9356,9079
9357,6315
9358,8203
9359,8467
9360,4875
9361,1980
9362,290
9363,340
9364,7843
9365,4277
9366,9357
9367,122
9368,1798
9369,5449
9370,9558
9371,7964
9372,9442
9373,547
9374,3947
9375,5157
9376,4126
9377,1315
9378,9166
9379,7841
9380,8690
9381,5774
9382,9847
9383,5181
9384,5407
9385,7276
9386,6605
9387,748
9388,7984
9389,3630
9390,1176
9391,2405
9392,8805
9393,3242
9394,1003
9395,303
9396,8034
9397,2947
9398,3762
9399,2212
9400,4055
9401,9795
9402,7420
9403,1910
9404,6103
9405,7346
9406,930
9407,6848
9408,6204
9409,3747
9410,1396
9411,6901
9412,6194
9413,1946
9414,6199
9415,6181
9416,3331
9417,5755
9418,2429
9419,935
9420,2994
9421,4563
9422,3265
9423,3585
9424,2561
9425,3564
9426,6244
9427,5964
9428,8402
9429,7352
9430,8954
9431,9223
9432,2187
9433,1699
9434,3091
9435,203
9436,6440
9437,9584
9438,1748
9439,4076
9440,2960
9441,465
9442,5962
9443,9986
9444,5376
9445,9224
9446,5759
9447,3082
9448,3661
9449,8390
9450,4276
9451,5896
9452,1254
9453,2464
9454,4025
9455,9075
9456,9019
9457,3972
9458,4699
9459,5689
9460,7024
9461,2465
9462,5931
9463,9097
9464,2529
9465,4917
9466,2681
9467,9641
9468,7924
9469,8657
9470,8793
9471,302
9472,6630
9473,2500
9474,6691
9475,9442
9476,6219
9477,1787
9478,7483
9479,2710
9480,311
9481,3868
9482,9611
9483,7677
9484,1195
9485,9683
9486,6880
9487,8915
9488,4569
9489,1973
9490,2758
9491,3692
9492,9029
9493,9503
9494,7220
9495,1220
9496,6534
9497,7026
9498,7652
9499,938
9500,3341
9501,9916
9502,3470
9503,8868
9504,4512
9505,5937
9506,1376
9507,8636
9508,5602
9509,7845
9510,1947
9511,4064
9512,1663
9513,1061
9514,9702
9515,466
9516,1387
9517,7140
9518,8062
9519,8518
9520,3752
9521,4351
9522,1701
9523,7793
9524,9308
9525,7043
9526,758
9527,221
9528,6141
9529,2089
9530,1634
9531,8312
9532,7861
9533,5178
9534,4613
9535,2463
9536,2123
9537,8315
9538,9457
9539,3846
9540,5923
9541,5663
9542,1420
9543,6016
9544,3264
9545,6598
9546,8352
9547,3074
9548,639
9549,6210
9550,1815
9551,6912
9552,7077
9553,8065
9554,2534
9555,9493
9556,316
9557,925
9558,1747
9559,7072
9560,3089
9561,2761
9562,8463
9563,2438
9564,2039
9565,9543
9566,2080
9567,6660
9568,1240
9569,8485
9570,3807
9571,1493
9572,135
9573,1016
9574,866
9575,8211
9576,6244
9577,4461
9578,8714
9579,7931
9580,2547
9581,8322
9582,6844
9583,5313
9584,5884
9585,5228
9586,497
9587,4297
9588,6407
9589,6640
9590,868
9591,3354
9592,8943
9593,8950
9594,8822
9595,7800
9596,7372
9597,2600
9598,6362
9599,2730
9600,7049
9601,8094
9602,6296
9603,2574
9604,9797
9605,7709
9606,4815
9607,6937
9608,7904
9609,9638
9610,3476
9611,1664
9612,9577
9613,420
9614,211
9615,5271
9616,9490
9617,8927
9618,8445
9619,9067
9620,2634
9621,7317
9622,6557
9623,6396
9624,8725
9625,1967
9626,3646
9627,148
9628,8601
9629,9163
9630,9222
9631,5550
9632,6138
9633,5259
9634,3060
9635,2185
9636,712
9637,2756
9638,7087
9639,2528
9640,3686
9641,3382
9642,3953
9643,6289
9644,9990
9645,3319
9646,8912
9647,1050
9648,320
9649,9999
9650,1085
9651,8069
9652,1545
9653,9253
9654,7254
9655,3269
9656,7254
9657,8757
9658,7607
9659,5113
9660,2305
9661,8309
9662,1000
9663,3356
9664,930
9665,3416
9666,6306
9667,7108
9668,7049
9669,2495
9670,5289
9671,8794
9672,7828
9673,4950
9674,6010
9675,3993
9676,864
9677,5460
9678,872
9679,8534
9680,8237
9681,750
9682,6564
9683,3382
9684,1235
9685,8159
9686,7229
9687,7832
9688,5162
9689,737
9690,9281
9691,5459
9692,472
9693,9260
9694,3917
9695,1419
9696,6562
9697,5455
9698,9140
9699,2347
9700,8557
9701,3956
9702,7445
9703,1670
9704,8439
9705,3573
9706,4127
9707,5848
9708,371
9709,8102
9710,141
9711,356
9712,637
9713,9573
9714,3969
9715,152
9716,349
9717,2118
9718,3904
9719,1419
9720,9967
9721,5530
9722,5645
9723,7293
9724,9233
9725,6836
9726,2734
9727,1942
9728,9619
9729,429
9730,2547
9731,1430
9732,5578
9733,6971
9734,3412
9735,8397
9736,369
9737,6154
9738,9182
9739,6826
9740,8299
9741,8287
9742,6743
9743,3338
9744,8116
9745,143
9746,7903
9747,1575
9748,2197
9749,9948
9750,8199
9751,7330
9752,3570
9753,5901
9754,2330
9755,4948
9756,8734
9757,7930
9758,1867
9759,8240
9760,5263
9761,6452
9762,2859
9763,7450
9764,7842
9765,9545
9766,4557
9767,613
9768,7337
9769,993
9770,5461
9771,6652
9772,2310
9773,1641
9774,8874
9775,3174
9776,861
9777,3159
9778,5381
9779,9578
9780,3110
9781,1593
9782,5618
9783,9687
9784,5599
9785,5244
9786,1783
9787,486
9788,872
9789,6396
9790,1253
9791,5054
9792,1967
9793,6808
9794,4037
9795,3416
9796,5775
9797,1196
9798,8610
9799,3001
9800,8292
9801,844
9802,4155
9803,9703
9804,9252
9805,8635
9806,1035
9807,6013
9808,3494
9809,238
9810,6116
9811,3424
9812,1030
9813,2497
9814,9747
9815,8623
9816,2736
9817,9008
9818,7130
9819,6478
9820,2764
9821,3235
9822,2549
9823,5831
9824,5419
9825,6564
9826,3869
9827,1980
9828,8308
9829,9707
9830,6367
9831,6440
9832,8156
9833,5597
9834,2296
9835,4256
9836,2023
9837,8759
9838,6267
9839,5146
9840,5462
9841,7197
9842,5029
9843,6581
9844,6467
9845,5542
9846,7395
9847,7068
9848,4904
9849,3934
9850,3912
9851,9455
9852,6272
9853,5917
9854,1287
9855,5526
9856,5881
9857,5202
9858,4696
9859,8624
9860,3904
9861,9649
9862,8023
9863,6384
9864,2115
9865,380
9866,3115
9867,5987
9868,5003
9869,3084
9870,4660
9871,8322
9872,8697
9873,8514
9874,5547
9875,8392
9876,5131
9877,684
9878,3631
9879,7771
9880,7768
9881,7917
9882,9055
9883,9732
9884,3138
9885,6669
9886,4611
9887,8800
9888,3371
9889,2633
9890,3694
9891,1536
9892,8756
9893,8653
9894,7248
9895,5572
9896,501
9897,4856
9898,4940
9899,689
9900,9546
9901,5936
9902,608
9903,7107
9904,6234
9905,6271
9906,2194
9907,7186
9908,1116
9909,1819
9910,2193
9911,9642
9912,8535
9913,2059
9914,5596
9915,1931
9916,9232
9917,3054
9918,3965
9919,7264
9920,6666
9921,6133
9922,9715
9923,7955
9924,5974
9925,6991
9926,6759
9927,6702
9928,2831
9929,2960
9930,975
9931,471
9932,5529
9933,5718
9934,2394
9935,2716
9936,775
9937,9576
9938,244
9939,7716
9940,7662
9941,6775
9942,967
9943,1249
9944,306
9945,2576
9946,8087
9947,3490
9948,7904
9949,3164
9950,401
9951,2357
9952,9891
9953,2382
9954,7116
9955,4756
9956,6573
9957,8089
9958,4350
9959,495
9960,5615
9961,1040
9962,4394
9963,1391
9964,593
9965,7985
9966,7097
9967,9427
9968,7440
9969,1503
9970,1206
9971,143
9972,9677
9973,582
9974,9611
9975,1036
9976,4067
9977,2552
9978,7493
9979,6170
9980,584
9981,4736
9982,5599
9983,732
9984,2341
9985,6294
9986,3340
9987,9784
9988,275
9989,7960
9990,5163
9991,8752
9992,1928
9993,8038
9994,7651
9995,5372
9996,6020
9997,9600
9998,8354
9999,8574
10000,7249
10001,4218
10002,5119
10003,1938
10004,5615
10005,3977
10006,7221
10007,4592
10008,7699
10009,1817
10010,5353
10011,4433
10012,3433
10013,3689
10014,579
10015,4216
10016,7452
10017,7743
10018,595
10019,9898
10020,4286
10021,2691
10022,3243
10023,4086
10024,3387
10025,8017
10026,7693
10027,7620
10028,8166
10029,3078
10030,2403
10031,770
10032,9174
10033,967
10034,4214
10035,2908
10036,1844
10037,1419
10038,1989
10039,7312
10040,3352
10041,1939
10042,6592
10043,989
10044,8001
10045,7557
10046,3609
10047,8477
10048,8229
10049,5659
10050,4740
10051,9229
10052,3204
10053,5791
10054,8173
10055,4681
10056,843
10057,8496
10058,9890
10059,6681
10060,4127
10061,8522
10062,6803
10063,7031
10064,8641
10065,8013
10066,9014
10067,791
10068,1246
10069,1410
10070,994
10071,5259
10072,7970
10073,7665
10074,8390
10075,7754
10076,2618
10077,7711
10078,9312
10079,789
10080,5225
10081,6194
10082,4779
10083,4173
10084,8702
10085,5406
10086,7696
10087,6424
10088,1830
10089,5773
10090,2096
10091,1461
10092,3168
10093,5450
10094,9097
10095,3771
10096,4185
10097,4399
10098,4329
10099,5675
10100,2204
10101,8796
10102,5779
10103,4401
10104,7027
10105,7380
10106,3310
10107,8745
10108,9875
10109,9308
10110,1752
10111,2495
10112,5874
10113,9473
10114,8275
10115,6448
10116,9641
10117,7909
10118,5568
10119,7935
10120,2065
10121,9540
10122,6708
10123,7804
10124,1872
10125,8261
10126,2993
10127,1311
10128,8607
10129,7238
10130,1728
10131,3338
10132,6932
10133,3963
10134,721
10135,9215
10136,1825
10137,310
10138,8247
10139,9345
10140,1426
10141,3309
10142,1349
10143,5453
10144,9679
10145,3921
10146,3906
10147,1675
10148,6753
10149,7960
10150,6688
10151,2510
10152,8210
10153,9278
10154,3945
10155,8421
10156,6859
10157,3607
10158,7010
10159,5253
10160,1524
10161,4271
10162,6490
10163,2805
10164,9530
10165,2207
10166,5614
10167,2324
10168,4464
10169,307
10170,3445
10171,9635
10172,8292
10173,9992
10174,7475
10175,3037
10176,9223
10177,338
10178,5294
10179,1097
10180,2990
10181,378
10182,8011
10183,3042
10184,4603
10185,7400
10186,9963
10187,1267
10188,1757
10189,3359
10190,9982
10191,9808
10192,8815
10193,3369
10194,9699
10195,6181
10196,443
10197,6399
10198,4440
10199,6769
10200,575
10201,2978
10202,9920
10203,8439
10204,9164
10205,8051
10206,2144
10207,3607
10208,728
10209,1643
10210,3915
10211,6378
10212,7955
10213,6034
10214,9656
10215,8676
10216,1190
10217,8265
10218,9916
10219,1107
10220,4606
10221,4006
10222,3568
10223,3231
10224,571
10225,1079
10226,1725
10227,8896
10228,3581
10229,8717
10230,8329
10231,9720
10232,4608
10233,8450
10234,7834
10235,2546
10236,3481
10237,5608
10238,7371
10239,9095
10240,869
10241,1528
10242,4231
10243,3962
10244,4522
10245,2083
10246,3361
10247,4101
10248,264
10249,7581
10250,1168
10251,597
10252,9742
10253,4089
10254,9948
10255,6657
10256,2264
10257,6824
10258,9915
10259,7971
10260,6183
10261,3214
10262,1839
10263,8945
10264,3763
10265,971
10266,5596
10267,1657
10268,5242
10269,8738
10270,7606
10271,2146
10272,6345
10273,2948
10274,8931
10275,6815
10276,9398
10277,8064
10278,3837
10279,2563
10280,6859
10281,2235
10282,1036
10283,836
10284,1544
10285,5409
10286,5339
10287,4251
10288,6703
10289,3406
10290,2128
10291,6263
10292,7223
10293,1553
10294,9236
10295,4783
10296,8058
10297,2571
10298,5868
10299,2741
10300,5399
10301,6130
10302,8504
10303,529
10304,6316
10305,5075
10306,8243
10307,2943
10308,4488
10309,3280
10310,5109
10311,4422
10312,677
10313,2948
10314,4280
10315,1953
10316,3469
10317,637
10318,2517
10319,5077
10320,2720
10321,9913
10322,1972
10323,9537
10324,526
10325,7666
10326,2748
10327,1583
10328,8295
10329,5032
10330,8342
10331,3163
10332,580
10333,8056
10334,7414
10335,553
10336,3579
10337,1866
10338,1325
10339,9698
10340,665
10341,9480
10342,5689
10343,5732
10344,5991
10345,4150
10346,7879
10347,6736
10348,5138
10349,7505
10350,4740
10351,1642
10352,9980
10353,3163
10354,1350
10355,9141
10356,6935
10357,7149
10358,1041
10359,5304
10360,6483
10361,2905
10362,4266
10363,3237
10364,7276
10365,1902
10366,1824
10367,969
10368,9568
10369,7966
10370,8723
10371,1625
10372,1563
10373,1993
10374,288
10375,8072
10376,1093
10377,3379
10378,2234
10379,4601
10380,4043
10381,7877
10382,8542
10383,5345
10384,5734
10385,7035
10386,9173
10387,7080
10388,7446
10389,4823
10390,7156
10391,5996
10392,4285
10393,9820
10394,4457
10395,9186
10396,6047
10397,6545
10398,5667
10399,564
10400,6203
10401,5819
10402,7609
10403,1132
10404,4673
10405,2996
10406,3251
10407,6545
10408,5261
10409,9583
10410,1657
10411,6444
10412,6468
10413,1784
10414,4288
10415,1981
10416,2172
10417,447
10418,4708
10419,6193
10420,3606
10421,2774
10422,8072
10423,7613
10424,4397
10425,791
10426,3683
10427,9427
10428,1985
10429,6055
10430,8316
10431,3991
10432,1048
10433,629
10434,6054
10435,9827
10436,2709
10437,7620
10438,565
10439,1646
10440,6269
10441,3791
10442,5457
10443,1426
10444,678
10445,4843
10446,2113
10447,9153
10448,5798
10449,5482
10450,9091
10451,9460
10452,1928
10453,6988
10454,5412
10455,7820
10456,5413
10457,1470
10458,4023
10459,4596
10460,7298
10461,3214
10462,8918
10463,9711
10464,2968
10465,5509
10466,1233
10467,7519
10468,2336
10469,3157
10470,9660
10471,236
10472,8795
10473,2408
10474,6706
