customer_id,sale_amount
1,6638
2,8273
3,9808
4,154
5,8844
6,1382
7,4772
8,4285
9,7473
10,8889
11,2331
12,8511
13,7311
14,1038
15,5366
16,9849
17,4332
18,9823
19,6739
20,1343
21,6456
22,7809
23,4244
24,8544
25,3883
26,7642
27,8708
28,7194
29,7321
30,3611
31,3791
32,504
33,8180
34,6759
35,6678
36,2063
37,533
38,6532
39,6357
40,8413
41,1463
42,6732
43,5840
44,8890
45,7313
46,3713
47,5902
48,7341
49,5651
50,8915
51,1121
52,9140
53,6882
54,2660
55,8005
56,6223
57,2382
58,414
59,9938
60,7859
61,2647
62,4913
63,3151
64,5364
65,4443
66,4387
67,2819
68,942
69,3163
70,8716
71,210
72,9813
73,1981
74,1244
75,4335
76,1641
77,7806
78,8321
79,3685
80,803
81,5538
82,1967
83,1949
84,1028
85,2590
86,3680
87,4745
88,1386
89,8351
90,7257
91,1954
92,8082
93,7380
94,6632
95,5389
96,9394
97,6109
98,9570
99,570
100,3963
101,6430
102,4046
103,1296
104,814
105,5824
106,9732
107,7345
108,3764
109,8842
110,431
111,1725
112,7615
113,2795
114,365
115,3612
116,1297
117,4630
118,4384
119,9162
120,5070
121,1017
122,1729
123,2923
124,8992
125,5271
126,1793
127,6432
128,5906
129,6356
130,335
131,8285
132,4376
133,1206
134,3558
135,5925
136,9119
137,3235
138,7579
139,3810
140,1224
141,901
142,5380
143,7869
144,9551
145,9200
146,8362
147,4857
148,9512
149,6524
150,2823
151,5512
152,3258
153,9503
154,2502
155,933
156,1240
157,9398
158,7759
159,3710
160,5493
161,3319
162,2410
163,8048
164,2572
165,1908
166,561
167,247
168,8384
169,2705
170,7599
171,393
172,6269
173,8763
174,7385
175,155
176,2881
177,6512
178,2639
179,6151
180,9149
181,2880
182,8232
183,7400
184,551
185,5624
186,6257
187,367
188,8401
189,5405
190,7116
191,3823
192,4700
193,5823
194,9423
195,5605
196,4775
197,952
198,5300
199,7296
200,6367
201,7562
202,5547
203,9620
204,1296
205,2998
206,9272
207,8390
208,2323
209,829
210,6684
211,7794
212,5703
213,2472
214,557
215,6631
216,2939
217,3756
218,4913
219,722
220,7739
221,2331
222,4562
223,8945
224,7125
225,1228
226,1329
227,712
228,5862
229,9551
230,6252
231,2679
232,8188
233,3124
234,1574
235,5459
236,6837
237,4752
238,8872
239,514
240,7230
241,5967
242,2523
243,463
244,2481
245,207
246,8194
247,5504
248,2525
249,7516
250,877
251,7833
252,5261
253,3996
254,6074
255,3634
256,7732
257,4880
258,4487
259,867
260,1586
261,7781
262,3928
263,4659
264,8233
265,9906
266,2100
267,2268
268,4248
269,9001
270,1122
271,610
272,2715
273,8750
274,5798
275,8995
276,2755
277,7113
278,847
279,4016
280,6821
281,5690
282,9083
283,640
284,5075
285,9247
286,9042
287,2439
288,8717
289,5969
290,9283
291,1802
292,7066
293,4559
294,1046
295,6586
296,9328
297,952
298,802
299,4392
300,3793
301,9528
302,2755
303,3266
304,873
305,2143
306,710
307,3897
308,1364
309,6541
310,4041
311,8430
312,1715
313,8504
314,5509
315,7187
316,9214
317,3459
318,545
319,1904
320,2903
321,9812
322,6229
323,4846
324,1082
325,7086
326,1150
327,1551
328,4786
329,674
330,4629
331,3082
332,7050
333,9619
334,8273
335,8767
336,8632
337,6205
338,1079
339,549
340,8760
341,4359
342,1244
343,7289
344,5795
345,8500
346,6588
347,7920
348,9829
349,1411
350,2866
351,4756
352,9892
353,3767
354,869
355,8427
356,8483
357,6024
358,8463
359,9372
360,7017
361,3362
362,3238
363,5215
364,2605
365,8777
366,1550
367,3309
368,3192
369,109
370,1578
371,6615
372,4219
373,5138
374,8005
375,6485
376,9657
377,131
378,9362
379,5454
380,9439
381,3442
382,2352
383,8118
384,7852
385,5476
386,2864
387,2551
388,787
389,3435
390,5574
391,1080
392,805
393,4121
394,5079
395,286
396,3593
397,2643
398,2891
399,8785
400,8297
401,1405
402,3538
403,4115
404,6644
405,3082
406,2957
407,9363
408,2736
409,8761
410,1547
411,9580
412,7358
413,4002
414,4052
415,4741
416,1493
417,1578
418,9338
419,8932
420,5274
421,6837
422,3714
423,9462
424,9706
425,5997
426,3507
427,4795
428,4226
429,3010
430,7815
431,6658
432,4327
433,7938
434,3173
435,8331
436,2010
437,6418
438,9431
439,904
440,8746
441,3367
442,6715
443,3217
444,7791
445,3434
446,537
447,6829
448,9646
449,9289
450,4787
451,2055
452,4131
453,4425
454,1002
455,7711
456,2196
457,5252
458,867
459,8769
460,5678
461,3429
462,7752
463,8421
464,8806
465,661
466,108
467,6898
468,6722
469,2623
470,5435
471,3964
472,5664
473,3045
474,9516
475,7184
476,6269
477,3073
478,8012
479,3153
480,5597
481,1032
482,9466
483,741
484,4013
485,8126
486,4033
487,467
488,7499
489,6692
490,1874
491,2407
492,3067
493,1221
494,7389
495,4207
496,377
497,658
498,9520
499,1764
500,8343
501,5060
502,2163
503,3477
504,7733
505,8240
506,1571
507,8949
508,8151
509,9918
510,2439
511,4260
512,761
513,7492
514,1603
515,3602
516,496
517,7220
518,2346
519,3880
520,7023
521,6862
522,734
523,8674
524,5497
525,8649
526,9462
527,7652
528,8186
529,8212
530,8426
531,6123
532,5025
533,1796
534,1706
535,7400
536,3895
537,6617
538,5406
539,3883
540,5802
541,3056
542,8627
543,9863
544,9452
545,6007
546,3125
547,7555
548,5268
549,5393
550,5079
551,8956
552,7084
553,4678
554,1305
555,3160
556,418
557,7741
558,7470
559,3217
560,3317
561,6293
562,4763
563,967
564,2712
565,6115
566,5947
567,5700
568,2838
569,1723
570,1439
571,9247
572,6130
573,2191
574,3083
575,3575
576,3866
577,5081
578,2057
579,5649
580,3937
581,8090
582,9755
583,1521
584,1610
585,947
586,5798
587,2319
588,3804
589,7981
590,4861
591,9479
592,4008
593,3482
594,3892
595,6719
596,4772
597,2011
598,8970
599,7693
600,9503
601,9202
602,2624
603,3293
604,7309
605,3461
606,6444
607,4986
608,5211
609,7577
610,9922
611,5687
612,3054
613,6889
614,3475
615,6231
616,4481
617,6922
618,5658
619,1554
620,9258
621,4920
622,4134
623,1208
624,1633
625,8368
626,322
627,4793
628,7752
629,9789
630,6660
631,1288
632,7058
633,4322
634,4443
635,9075
636,6985
637,8230
638,3632
639,5153
640,6723
641,7748
642,2259
643,6415
644,100
645,5232
646,3637
647,4422
648,342
649,1613
650,2359
651,3714
652,5729
653,3076
654,3954
655,8827
656,9108
657,9331
658,3841
659,5180
660,766
661,2657
662,455
663,745
664,269
665,1344
666,3132
667,964
668,4725
669,9282
670,6610
671,1293
672,3757
673,6627
674,9546
675,4683
676,3297
677,6806
678,3225
679,9714
680,5478
681,8465
682,6335
683,8600
684,6018
685,7582
686,4763
687,7799
688,2413
689,9731
690,1644
691,4757
692,7088
693,1688
694,4145
695,4259
696,8371
697,8492
698,7183
699,6722
700,7896
701,5028
702,2116
703,3115
704,2510
705,8323
706,9469
707,8765
708,2224
709,457
710,2114
711,2814
712,1042
713,7634
714,1768
715,5924
716,5550
717,4738
718,3972
719,8631
720,6534
721,8541
722,8583
723,1524
724,5445
725,167
726,2956
727,5035
728,3387
729,7573
730,4831
731,8718
732,4450
733,1707
734,2853
735,8273
736,1674
737,3812
738,2242
739,9325
740,1105
741,7706
742,6027
743,8420
744,1986
745,4412
746,1776
747,3000
748,7500
749,2610
750,8538
751,6407
752,2609
753,1813
754,2814
755,1446
756,2400
757,764
758,4632
759,8090
760,3776
761,379
762,6904
763,7540
764,6422
765,8682
766,1137
767,6505
768,1120
769,4517
770,3423
771,7234
772,6989
773,2359
774,6094
775,4269
776,1140
777,5769
778,4486
779,6532
780,5686
781,4252
782,2359
783,2555
784,5650
785,4364
786,7522
787,895
788,8668
789,6431
790,8606
791,8299
792,7171
793,7485
794,4629
795,9191
796,4465
797,2740
798,2721
799,996
800,2418
801,1656
802,2552
803,3284
804,9537
805,3321
806,2467
807,4262
808,4393
809,5813
810,5249
811,9949
812,7012
813,3815
814,2295
815,2584
816,5611
817,6530
818,5685
819,607
820,1002
821,4418
822,8985
823,8051
824,5749
825,682
826,3861
827,316
828,6038
829,2848
830,8176
831,2771
832,3930
833,6999
834,7762
835,3800
836,5071
837,9398
838,2106
839,5251
840,6018
841,8537
842,4462
843,6990
844,2919
845,6933
846,1595
847,8511
848,8397
849,8482
850,9691
851,5037
852,9607
853,7391
854,5608
855,1329
856,4550
857,3517
858,7841
859,2749
860,7078
861,9013
862,3918
863,1834
864,4297
865,6430
866,1304
867,7995
868,6715
869,1299
870,4880
871,9159
872,3546
873,6704
874,4125
875,988
876,364
877,5476
878,1484
879,972
880,5048
881,7456
882,3501
883,315
884,8111
885,722
886,140
887,4196
888,1821
889,9509
890,1917
891,5317
892,1577
893,8305
894,7113
895,8858
896,7988
897,1375
898,7821
899,3640
900,2090
901,9096
902,4658
903,7017
904,6931
905,4802
906,6737
907,4597
908,5056
909,2315
910,8959
911,5386
912,4006
913,6822
914,4088
915,1251
916,4771
917,5955
918,502
919,3735
920,1293
921,5133
922,7004
923,7783
924,1373
925,4394
926,2707
927,9059
928,4192
929,8812
930,7354
931,9477
932,4307
933,3048
934,1484
935,853
936,2965
937,7150
938,6326
939,2627
940,974
941,6114
942,4902
943,7283
944,2313
945,4007
946,3667
947,4999
948,3221
949,4056
950,1814
951,678
952,2071
953,4323
954,5416
955,2454
956,778
957,1668
958,7744
959,5452
960,7423
961,4828
962,3710
963,6092
964,9135
965,1003
966,7032
967,9071
968,7306
969,5456
970,4819
971,3094
972,2711
973,955
974,1022
975,3835
976,2526
977,678
978,8562
979,5520
980,5555
981,206
982,9646
983,5174
984,9165
985,7757
986,9940
987,8796
988,1978
989,4634
990,8986
991,7092
992,6712
993,7513
994,9292
995,2394
996,2474
997,9810
998,4430
999,5662
1000,5400
1001,3514
1002,4633
1003,6431
1004,3381
1005,3904
1006,4836
1007,8867
1008,1857
1009,7313
1010,9826
1011,5525
1012,5874
1013,5365
1014,938
1015,1949
1016,3723
1017,426
1018,2032
1019,5782
1020,8555
1021,6039
1022,708
1023,7396
1024,1433
1025,9011
1026,2927
1027,5324
1028,7699
1029,9783
1030,3107
1031,1281
1032,4253
1033,5121
1034,2147
1035,3041
1036,5816
1037,1860
1038,2229
1039,2375
1040,8943
1041,8463
1042,1893
1043,7099
1044,9449
1045,3613
1046,9523
1047,3375
1048,9888
1049,3449
1050,1645
1051,8848
1052,749
1053,513
1054,2828
1055,6031
1056,7697
1057,3152
1058,3047
1059,186
1060,8499
1061,1169
1062,8216
1063,9083
1064,549
1065,7144
1066,3818
1067,2746
1068,3936
1069,9600
1070,8175
1071,4106
1072,1239
1073,3279
1074,719
1075,1138
1076,3436
1077,6292
1078,4427
1079,4883
1080,7033
1081,6185
1082,8372
1083,6847
1084,1715
1085,2454
1086,9812
1087,8272
1088,9151
1089,5047
1090,3314
1091,2867
1092,7266
1093,2865
1094,5757
1095,436
1096,7211
1097,1288
1098,109
1099,8218
1100,9884
1101,6169
1102,4305
1103,1039
1104,1911
1105,2755
1106,6942
1107,8597
1108,115
1109,1473
1110,6932
1111,3045
1112,4897
1113,6367
1114,1338
1115,8332
1116,6059
1117,780
1118,4274
1119,8620
1120,208
1121,617
1122,2863
1123,4448
1124,4732
1125,9260
1126,3061
1127,1693
1128,5549
1129,9678
1130,2707
1131,5127
1132,6582
1133,8592
1134,4538
1135,6740
1136,6294
1137,3707
1138,5912
1139,3450
1140,3273
1141,8046
1142,203
1143,3074
1144,4574
1145,665
1146,6350
1147,387
1148,7072
1149,8427
1150,4326
1151,5752
1152,4719
1153,7057
1154,1277
1155,3729
1156,2213
1157,4507
1158,3881
1159,7709
1160,8855
1161,9013
1162,6031
1163,7627
1164,5847
1165,6985
1166,831
1167,872
1168,6331
1169,8715
1170,4567
1171,9471
1172,7496
1173,8215
1174,6218
1175,9161
1176,8362
1177,2411
1178,408
1179,1226
1180,1093
1181,714
1182,2286
1183,4716
1184,3903
1185,6892
1186,873
1187,5332
1188,3488
1189,4477
1190,4632
1191,1643
1192,748
1193,278
1194,2757
1195,4475
1196,602
1197,6223
1198,3517
1199,3417
1200,2087
1201,1371
1202,7020
1203,5813
1204,4260
1205,9338
1206,3052
1207,9631
1208,8173
1209,6464
1210,2749
1211,1694
1212,5784
1213,6884
1214,7566
1215,4935
1216,2937
1217,6071
1218,3838
1219,232
1220,6841
1221,4755
1222,2058
1223,7546
1224,6172
1225,9308
1226,2455
1227,9992
1228,727
1229,7725
1230,4871
1231,3782
1232,2626
1233,4560
1234,6593
1235,7174
1236,1592
1237,8222
1238,1567
1239,9042
1240,2209
1241,2554
1242,8411
1243,8668
1244,2396
1245,9800
1246,3310
1247,2394
1248,7601
1249,2699
1250,400
1251,1805
1252,1311
1253,4404
1254,7982
1255,293
1256,4401
1257,5590
1258,2851
1259,8222
1260,1995
1261,3487
1262,5506
1263,1416
1264,4668
1265,3863
1266,5225
1267,7688
1268,707
1269,184
1270,1167
1271,7688
1272,8976
1273,1124
1274,7601
1275,4944
1276,6180
1277,6162
1278,7778
1279,1189
1280,9887
1281,5206
1282,5800
1283,5934
1284,4677
1285,8071
1286,6639
1287,8761
1288,9851
1289,2437
1290,6715
1291,2651
1292,3375
1293,2615
1294,4680
1295,5628
1296,6618
1297,9399
1298,158
1299,807
1300,5422
1301,5468
1302,2631
1303,2975
1304,8727
1305,169
1306,4609
1307,1951
1308,6918
1309,2751
1310,4076
1311,2947
1312,2540
1313,3940
1314,3954
1315,154
1316,7246
1317,5583
1318,2114
1319,2410
1320,1000
1321,9548
1322,9798
1323,1933
1324,306
1325,9072
1326,5128
1327,3138
1328,2875
1329,9281
1330,5748
1331,7476
1332,9946
1333,2049
1334,4680
1335,7197
1336,6131
1337,6809
1338,1339
1339,6197
1340,1704
1341,623
1342,1373
1343,4319
1344,6558
1345,8182
1346,3280
1347,8287
1348,8104
1349,5008
1350,9282
1351,8008
1352,850
1353,5664
1354,7102
1355,448
1356,626
1357,8226
1358,716
1359,5022
1360,5406
1361,6006
1362,2269
1363,2450
1364,8220
1365,4301
1366,2601
1367,9113
1368,7981
1369,7469
1370,5716
1371,2815
1372,8812
1373,3366
1374,7248
1375,1453
1376,1073
1377,6955
1378,8318
1379,7495
1380,334
1381,9390
1382,7848
1383,3695
1384,4160
1385,2191
1386,8843
1387,9794
1388,2050
1389,5868
1390,821
1391,8978
1392,873
1393,9720
1394,7076
1395,9207
1396,6554
1397,4789
1398,9239
1399,434
1400,251
1401,3288
1402,8246
1403,8908
1404,2077
1405,727
1406,8967
1407,7890
1408,5655
1409,4144
1410,2472
1411,1231
1412,9292
1413,5238
1414,5713
1415,8517
1416,7719
1417,7675
1418,8042
1419,1494
1420,858
1421,5982
1422,3805
1423,1325
1424,812
1425,8414
1426,5572
1427,133
1428,9857
1429,1262
1430,6185
1431,6688
1432,7013
1433,8625
1434,2452
1435,7834
1436,7674
1437,206
1438,3322
1439,8608
1440,4203
1441,1062
1442,1027
1443,5455
1444,6963
1445,997
1446,1651
1447,1311
1448,8000
1449,7629
1450,4577
1451,2036
1452,6981
1453,3853
1454,4612
1455,3318
1456,6750
1457,3358
1458,8323
1459,6180
1460,8272
1461,2983
1462,2603
1463,5479
1464,7488
1465,3010
1466,5625
1467,7717
1468,5115
1469,8634
1470,3825
1471,1304
1472,8041
1473,312
1474,4164
1475,5423
1476,8864
1477,9786
1478,5792
1479,2486
1480,1539
1481,5583
1482,8106
1483,9810
1484,3633
1485,7017
1486,1515
1487,1951
1488,1381
1489,743
1490,436
1491,7212
1492,5017
1493,3889
1494,4501
1495,2388
1496,6289
1497,5934
1498,9908
1499,2116
1500,6113
1501,106
1502,1396
1503,9106
1504,8047
1505,4761
1506,3622
1507,5317
1508,1179
1509,4336
1510,7136
1511,8257
1512,4776
1513,8643
1514,379
1515,9576
1516,649
1517,288
1518,3967
1519,2255
1520,9242
1521,4911
1522,6494
1523,5075
1524,3838
1525,5877
1526,7169
1527,4565
1528,9576
1529,9802
1530,1879
1531,5013
1532,9314
1533,9139
1534,5128
1535,2061
1536,8367
1537,7392
1538,7672
1539,159
1540,3753
1541,2160
1542,1959
1543,8352
1544,3282
1545,7752
1546,3036
1547,3886
1548,3379
1549,3974
1550,2735
1551,7446
1552,1777
1553,6688
1554,1358
1555,7439
1556,7631
1557,9638
1558,3251
1559,7946
1560,7453
1561,2726
1562,7703
1563,8838
1564,5479
1565,4406
1566,159
1567,7038
1568,2636
1569,5284
1570,4933
1571,4370
1572,8634
1573,6881
1574,7312
1575,2224
1576,294
1577,9915
1578,3903
1579,3535
1580,9520
1581,1119
1582,4098
1583,8087
1584,9305
1585,3604
1586,5055
1587,8861
1588,481
1589,6245
1590,7628
1591,2930
1592,8310
1593,3109
1594,526
1595,4409
1596,3449
1597,4390
1598,7240
1599,3993
1600,1184
1601,6277
1602,771
1603,8839
1604,8059
1605,6450
1606,8474
1607,4817
1608,9027
1609,5588
1610,9885
1611,5324
1612,5182
1613,3361
1614,2890
1615,278
1616,5525
1617,6543
1618,1810
1619,253
1620,3591
1621,5433
1622,4994
1623,4507
1624,8956
1625,3251
1626,8488
1627,2227
1628,7093
1629,1801
1630,7284
1631,8334
1632,6934
1633,2139
1634,6139
1635,2786
1636,4329
1637,3711
1638,6497
1639,1423
1640,4608
1641,9779
1642,5680
1643,7981
1644,3773
1645,3094
1646,7029
1647,2635
1648,7586
1649,4547
1650,7446
1651,3887
1652,6305
1653,9582
1654,8682
1655,1484
1656,5013
1657,1026
1658,5278
1659,3631
1660,1823
1661,7193
1662,343
1663,914
1664,1775
1665,5703
1666,476
1667,7550
1668,9737
1669,4695
1670,6636
1671,4263
1672,4540
1673,6385
1674,8966
1675,2447
1676,1047
1677,4338
1678,2456
1679,4927
1680,6064
1681,1346
1682,6952
1683,3540
1684,211
1685,1453
1686,3432
1687,8729
1688,1737
1689,7326
1690,2550
1691,9736
1692,9227
1693,5473
1694,2529
1695,6825
1696,5943
1697,6786
1698,6440
1699,8803
1700,1230
1701,9608
1702,7233
1703,9564
1704,3535
1705,1520
1706,1956
1707,5620
1708,2053
1709,5456
1710,2758
1711,5616
1712,8650
1713,7991
1714,5800
1715,9861
1716,9348
1717,1092
1718,451
1719,7121
1720,4305
1721,393
1722,8360
1723,7700
1724,8471
1725,5487
1726,933
1727,9708
1728,9157
1729,3709
1730,4080
1731,2931
1732,4698
1733,4174
1734,8659
1735,5725
1736,7344
1737,7978
1738,2146
1739,6363
1740,3145
1741,1980
1742,2701
1743,2137
1744,3469
1745,206
1746,8067
1747,9743
1748,4420
1749,8608
1750,1365
1751,7607
1752,5156
1753,6220
1754,9158
1755,652
1756,1906
1757,268
1758,3848
1759,4026
1760,6175
1761,6906
1762,2510
1763,3175
1764,5822
1765,1173
1766,9295
1767,522
1768,9874
1769,9509
1770,3532
1771,7128
1772,6026
1773,3651
1774,7527
1775,2933
1776,937
1777,2621
1778,9836
1779,1317
1780,4598
1781,8435
1782,5134
1783,3554
1784,3280
1785,9686
1786,108
1787,9279
1788,1654
1789,8557
1790,6451
1791,6326
1792,8428
1793,7621
1794,8127
1795,8897
1796,4120
1797,5244
1798,2292
1799,4272
1800,6743
1801,8297
1802,3267
1803,7984
1804,7552
1805,2024
1806,1765
1807,4058
1808,4618
1809,5008
1810,4315
1811,2869
1812,2592
1813,8273
1814,9797
1815,7138
1816,2644
1817,5861
1818,9242
1819,3809
1820,3240
1821,5965
1822,344
1823,9152
1824,579
1825,5476
1826,3353
1827,6914
1828,6753
1829,2168
1830,6323
1831,2880
1832,7559
1833,3026
1834,7371
1835,5271
1836,7865
1837,5567
1838,5013
1839,6527
1840,4129
1841,898
1842,962
1843,2075
1844,1289
1845,6255
1846,818
1847,6454
1848,7863
1849,5293
1850,5362
1851,1928
1852,3921
1853,6855
1854,2435
1855,7935
1856,2956
1857,8319
1858,1502
1859,2514
1860,347
1861,4729
1862,1832
1863,5188
1864,9449
1865,9305
1866,3029
1867,732
1868,6816
1869,5846
1870,7328
1871,653
1872,2777
1873,7152
1874,1435
1875,6559
1876,1243
1877,6442
1878,2753
1879,3992
1880,2574
1881,7323
1882,5895
1883,6605
1884,1411
1885,7538
1886,3831
1887,6873
1888,5282
1889,9055
1890,9239
1891,7329
1892,2974
1893,1458
1894,8679
1895,7899
1896,7868
1897,9768
1898,5837
1899,2242
1900,7657
1901,8210
1902,4736
1903,1131
1904,7469
1905,6229
1906,8128
1907,4357
1908,3290
1909,6822
1910,1627
1911,3535
1912,8375
1913,2910
1914,9682
1915,8073
1916,161
1917,2520
1918,896
1919,9872
1920,163
1921,3649
1922,5223
1923,5696
1924,1014
1925,2486
1926,9158
1927,9156
1928,6974
1929,5107
1930,3999
1931,8847
1932,2207
1933,5181
1934,8001
1935,1401
1936,1242
1937,5096
1938,3723
1939,3411
1940,812
1941,5117
1942,1111
1943,8926
1944,8322
1945,696
1946,5147
1947,3512
1948,6601
1949,3286
1950,8604
1951,2725
1952,6168
1953,920
1954,7375
1955,3975
1956,514
1957,929
1958,2956
1959,9597
1960,1808
1961,1911
1962,1844
1963,5352
1964,5850
1965,4899
1966,9288
1967,8776
1968,9569
1969,6344
1970,6949
1971,9725
1972,7095
1973,2290
1974,9199
1975,7066
1976,8322
1977,5845
1978,1822
1979,9509
1980,1584
1981,7702
1982,318
1983,212
1984,8244
1985,4718
1986,499
1987,1731
1988,6859
1989,1260
1990,7817
1991,6716
1992,8581
1993,9520
1994,3907
1995,3583
1996,4670
1997,7908
1998,437
1999,292
2000,6210
2001,7774
2002,9437
2003,1612
2004,107
2005,3862
2006,1663
2007,2544
2008,8724
2009,1334
2010,9323
2011,8985
2012,881
2013,3000
2014,8567
2015,7373
2016,5680
2017,869
2018,5170
2019,7256
2020,4209
2021,2877
2022,7980
2023,2862
2024,3137
2025,392
2026,7307
2027,9626
2028,9959
2029,1520
2030,2907
2031,7602
2032,1662
2033,4360
2034,6753
2035,3701
2036,3863
2037,5934
2038,464
2039,5951
2040,7284
2041,7902
2042,8320
2043,9202
2044,3416
2045,6293
2046,7391
2047,5720
2048,212
2049,5607
2050,8747
2051,6263
2052,8471
2053,1817
2054,822
2055,807
2056,2942
2057,7601
2058,8916
2059,1159
2060,9905
2061,9238
2062,1856
2063,4465
2064,9480
2065,2599
2066,8666
2067,2612
2068,6535
2069,4103
2070,3482
2071,6965
2072,3065
2073,6317
2074,9091
2075,6598
2076,4147
2077,2673
2078,3865
2079,1718
2080,6175
2081,3514
2082,1081
2083,4732
2084,195
2085,4185
2086,5821
2087,6960
2088,3353
2089,8078
2090,9013
2091,573
2092,7318
2093,9971
2094,257
2095,1288
2096,1934
2097,8387
2098,1219
2099,6939
2100,7763
2101,9065
2102,2966
2103,9642
2104,2230
2105,6984
2106,7420
2107,3056
2108,646
2109,6782
2110,3799
2111,8779
2112,381
2113,1659
2114,3307
2115,663
2116,8858
2117,1535
2118,6933
2119,9545
2120,3705
2121,9908
2122,4748
2123,4188
2124,7059
2125,3240
2126,1221
2127,6964
2128,7994
2129,4039
2130,7423
2131,4568
2132,6319
2133,5479
2134,5489
2135,5649
2136,4550
2137,1641
2138,5155
2139,7459
2140,9848
2141,368
2142,9091
2143,3805
2144,6998
2145,1451
2146,4875
2147,8551
2148,4354
2149,5014
2150,9194
2151,4874
2152,7572
2153,6935
2154,584
2155,1539
2156,9217
2157,4532
2158,788
2159,9371
2160,4412
2161,3978
2162,2033
2163,7264
2164,7783
2165,3094
2166,9205
2167,9551
2168,7025
2169,1695
2170,6118
2171,4759
2172,4055
2173,8692
2174,1457
2175,9126
2176,8191
2177,3674
2178,3611
2179,182
2180,5903
2181,962
2182,3709
2183,6297
2184,6244
2185,2825
2186,1699
2187,5789
2188,8089
2189,4101
2190,760
2191,2141
2192,2719
2193,6828
2194,5548
2195,3507
2196,7147
2197,3104
2198,4263
2199,2868
2200,2569
2201,9548
2202,9867
2203,4765
2204,5575
2205,5930
2206,2394
2207,2638
2208,4241
2209,794
2210,5191
2211,9871
2212,614
2213,7072
2214,151
2215,4897
2216,3959
2217,585
2218,9230
2219,674
2220,1337
2221,4915
2222,7761
2223,5506
2224,1332
2225,1645
2226,6140
2227,101
2228,8145
2229,8985
2230,7324
2231,3057
2232,8332
2233,9605
2234,3296
2235,5054
2236,7988
2237,236
2238,2433
2239,8160
2240,3445
2241,1935
2242,663
2243,8951
2244,8431
2245,2055
2246,5346
2247,6182
2248,6541
2249,9741
2250,8289
2251,477
2252,8585
2253,8372
2254,2360
2255,1540
2256,3445
2257,631
2258,1190
2259,3924
2260,9722
2261,789
2262,7073
2263,5594
2264,821
2265,5588
2266,2862
2267,3629
2268,1483
2269,6532
2270,516
2271,3352
2272,6741
2273,7195
2274,3425
2275,5023
2276,110
2277,3179
2278,9188
2279,3343
2280,601
2281,5562
2282,4780
2283,4290
2284,7382
2285,9064
2286,3779
2287,7387
2288,5566
2289,3453
2290,5866
2291,5116
2292,7761
2293,9309
2294,9337
2295,7796
2296,5089
2297,3844
2298,8149
2299,7367
2300,9397
2301,665
2302,7419
2303,5067
2304,5601
2305,5608
2306,6735
2307,2826
2308,1499
2309,122
2310,8626
2311,5720
2312,9952
2313,5406
2314,604
2315,774
2316,5273
2317,5721
2318,6311
2319,8838
2320,9226
2321,1736
2322,6095
2323,6916
2324,3073
2325,4961
2326,8132
2327,7440
2328,931
2329,5259
2330,821
2331,9304
2332,7269
2333,8192
2334,846
2335,3559
2336,3438
2337,5987
2338,8547
2339,3644
2340,1049
2341,6006
2342,8444
2343,726
2344,7036
2345,6862
2346,2021
2347,5834
2348,922
2349,1137
2350,6105
2351,3257
2352,3669
2353,462
2354,5533
2355,8673
2356,719
2357,1997
2358,2906
2359,6151
2360,9269
2361,3710
2362,4722
2363,9460
2364,8071
2365,7507
2366,7334
2367,8455
2368,1950
2369,3276
2370,9468
2371,3765
2372,9442
2373,2812
2374,1881
2375,9266
2376,3371
2377,1210
2378,7576
2379,8111
2380,6518
2381,6756
2382,1774
2383,4113
2384,749
2385,8992
2386,3373
2387,5003
2388,5808
2389,9105
2390,6489
2391,1540
2392,2930
2393,731
2394,761
2395,8649
2396,2396
2397,8462
2398,8257
2399,571
2400,5742
2401,3262
2402,203
2403,3820
2404,812
2405,3285
2406,9865
2407,4463
2408,1401
2409,7146
2410,9636
2411,6997
2412,8385
2413,8060
2414,321
2415,1658
2416,8619
2417,3081
2418,4746
2419,4753
2420,7656
2421,7595
2422,7437
2423,1451
2424,3294
2425,2178
2426,7050
2427,6733
2428,7911
2429,8130
2430,2139
2431,4175
2432,9124
2433,9164
2434,744
2435,9209
2436,9083
2437,6513
2438,8604
2439,9062
2440,3666
2441,9475
2442,1034
2443,5922
2444,124
2445,9383
2446,3414
2447,6000
2448,2411
2449,2016
2450,3063
2451,8436
2452,6831
2453,384
2454,6585
2455,5464
2456,4716
2457,9974
2458,7786
2459,3130
2460,6837
2461,3743
2462,2701
2463,581
2464,7688
2465,3293
2466,1891
2467,4670
2468,1569
2469,1341
2470,2493
2471,9550
2472,1153
2473,7990
2474,8819
2475,3714
2476,3257
2477,7341
2478,804
2479,6737
2480,4050
2481,8290
2482,7274
2483,8388
2484,5118
2485,9300
2486,681
2487,9353
2488,3797
2489,8127
2490,1538
2491,2511
2492,7152
2493,6204
2494,9074
2495,5427
2496,952
2497,3192
2498,3257
2499,1170
2500,2763
2501,5185
2502,3434
2503,3467
2504,8098
2505,9982
2506,2664
2507,7609
2508,5804
2509,6414
2510,180
2511,4079
2512,3142
2513,1853
2514,2221
2515,3324
2516,9227
2517,9278
2518,3966
2519,6180
2520,3050
2521,7899
2522,9028
2523,7605
2524,6243
2525,2401
2526,5972
2527,4782
2528,3126
2529,4181
2530,9244
2531,2620
2532,3257
2533,8789
2534,8645
2535,5181
2536,1312
2537,1442
2538,4003
2539,186
2540,4505
2541,1539
2542,2441
2543,8389
2544,769
2545,2860
2546,8913
2547,3326
2548,4305
2549,2166
2550,9365
2551,2132
2552,2279
2553,1722
2554,3203
2555,8185
2556,5512
2557,8396
2558,3902
2559,6574
2560,9513
2561,5967
2562,4495
2563,4208
2564,918
2565,7649
2566,6424
2567,1019
2568,684
2569,5407
2570,8452
2571,3034
2572,3851
2573,7471
2574,4986
2575,2665
2576,1691
2577,1867
2578,9836
2579,7811
2580,316
2581,9154
2582,5535
2583,2533
2584,5782
2585,773
2586,3187
2587,376
2588,4062
2589,4707
2590,2022
2591,3770
2592,7944
2593,8172
2594,4217
2595,5694
2596,7648
2597,2365
2598,3232
2599,5134
2600,9814
2601,8595
2602,9186
2603,106
2604,1114
2605,3879
2606,3028
2607,2488
2608,5215
2609,8054
2610,5997
2611,3494
2612,6107
2613,5512
2614,859
2615,8161
2616,5205
2617,6069
2618,7291
2619,6446
2620,5117
2621,7004
2622,1128
2623,4622
2624,6886
2625,4169
2626,3535
2627,9940
2628,1007
2629,8959
2630,1812
2631,4345
2632,9002
2633,9690
2634,4254
2635,8725
2636,4935
2637,6874
2638,6526
2639,7722
2640,4505
2641,7181
2642,7349
2643,870
2644,521
2645,9721
2646,6502
2647,5807
2648,5302
2649,8286
2650,6536
2651,4808
2652,2858
2653,5885
2654,1666
2655,4924
2656,574
2657,2617
2658,1687
2659,5774
2660,7880
2661,9528
2662,2697
2663,462
2664,4544
2665,5666
2666,9913
2667,4060
2668,4630
2669,8098
2670,3675
2671,4443
2672,7505
2673,108
2674,217
2675,1502
2676,515
2677,9646
2678,3734
2679,2847
2680,9918
2681,8994
2682,4939
2683,2881
2684,2821
2685,1133
2686,5711
2687,4357
2688,3654
2689,9048
2690,395
2691,7577
2692,5150
2693,8256
2694,502
2695,5938
2696,8219
2697,8612
2698,9675
2699,666
2700,4791
2701,4356
2702,1090
2703,4952
2704,5989
2705,5518
2706,4393
2707,2236
2708,3524
2709,5794
2710,786
2711,7741
2712,8765
2713,3410
2714,2064
2715,529
2716,2436
2717,4554
2718,1311
2719,6213
2720,9837
2721,2846
2722,7667
2723,8144
2724,9882
2725,8430
2726,3067
2727,1104
2728,6250
2729,1425
2730,3729
2731,6263
2732,6486
2733,2606
2734,6696
2735,9580
2736,9232
2737,2160
2738,1958
2739,5618
2740,2567
2741,4397
2742,1606
2743,7788
2744,375
2745,8237
2746,6306
2747,4148
2748,4431
2749,5728
2750,1963
2751,7035
2752,9263
2753,4516
2754,7761
2755,662
2756,2272
2757,4248
2758,8391
2759,3894
2760,6506
2761,3582
2762,6041
2763,6197
2764,5018
2765,2844
2766,6327
2767,9794
2768,2355
2769,3167
2770,7427
2771,4730
2772,897
2773,5734
2774,6272
2775,9584
2776,4872
2777,5515
2778,9509
2779,9104
2780,9117
2781,799
2782,3363
2783,2549
2784,7692
2785,1904
2786,5090
2787,2080
2788,2075
2789,3249
2790,3874
2791,9681
2792,2473
2793,1695
2794,7162
2795,7463
2796,8714
2797,9638
2798,371
2799,5136
2800,3711
2801,8834
2802,2348
2803,3253
2804,2702
2805,9219
2806,8981
2807,4480
2808,1395
2809,4870
2810,5271
2811,4243
2812,8072
2813,7163
2814,5333
2815,609
2816,3894
2817,5891
2818,8897
2819,9202
2820,3386
2821,7003
2822,1514
2823,3849
2824,5551
2825,5437
2826,7742
2827,2386
2828,7913
2829,4845
2830,7141
2831,6299
2832,6098
2833,2998
2834,2295
2835,7298
2836,5715
2837,2281
2838,2166
2839,4545
2840,4216
2841,4099
2842,5251
2843,6778
2844,9815
2845,2783
2846,8622
2847,3451
2848,7022
2849,9477
2850,6002
2851,6549
2852,2969
2853,9957
2854,4772
2855,7922
2856,3534
2857,6914
2858,3991
2859,5858
2860,5281
2861,2200
2862,4595
2863,6297
2864,1130
2865,5813
2866,7620
2867,7477
2868,2064
2869,4087
2870,9025
2871,5909
2872,4289
2873,7815
2874,3115
2875,7060
2876,1707
2877,7806
2878,4077
2879,603
2880,6900
2881,9203
2882,4812
2883,8034
2884,2809
2885,9678
2886,808
2887,4655
2888,9008
2889,5730
2890,9038
2891,9154
2892,7493
2893,1304
2894,3581
2895,9180
2896,7624
2897,2007
2898,5986
2899,3429
2900,9705
2901,3270
2902,153
2903,3516
2904,6296
2905,598
2906,8700
2907,4477
2908,8362
2909,2162
2910,7708
2911,7449
2912,9701
2913,155
2914,6365
2915,6250
2916,1671
2917,6324
2918,9191
2919,7095
2920,772
2921,9831
2922,4633
2923,2178
2924,8583
2925,6579
2926,1626
2927,4434
2928,8043
2929,2279
2930,1256
2931,8820
2932,3553
2933,8043
2934,9985
2935,7165
2936,8339
2937,5678
2938,7610
2939,1386
2940,8021
2941,8326
2942,4028
2943,9989
2944,3430
2945,9727
2946,4647
2947,727
2948,8352
2949,9391
2950,8700
2951,7447
2952,7669
2953,2606
2954,1762
2955,6325
2956,7301
2957,8901
2958,4368
2959,9618
2960,1023
2961,3677
2962,2536
2963,6733
2964,9880
2965,9184
2966,3639
2967,3793
2968,3403
2969,6659
2970,4349
2971,8655
2972,3927
2973,855
2974,5484
2975,4471
2976,912
2977,7968
2978,1815
2979,5185
2980,3090
2981,551
2982,1839
2983,2449
2984,3226
2985,3342
2986,4834
2987,9830
2988,4413
2989,3188
2990,7094
2991,6171
2992,3106
2993,5079
2994,2488
2995,9426
2996,911
2997,5139
2998,2026
2999,2447
3000,9033
3001,9193
3002,6242
3003,6843
3004,8498
3005,3815
3006,1705
3007,794
3008,2774
3009,1248
3010,4697
3011,9632
3012,4328
3013,1996
3014,8088
3015,6989
3016,2495
3017,1847
3018,8711
3019,8944
3020,139
3021,183
3022,1077
3023,5510
3024,2342
3025,7357
3026,9225
3027,1564
3028,1633
3029,2310
3030,3694
3031,3099
3032,277
3033,3803
3034,7135
3035,4979
3036,2749
3037,5143
3038,8019
3039,7765
3040,5120
3041,1928
3042,9716
3043,5307
3044,2284
3045,2226
3046,6277
3047,3368
3048,6854
3049,2283
3050,2121
3051,5605
3052,7742
3053,566
3054,6008
3055,8725
3056,9091
3057,1611
3058,5348
3059,2952
3060,7283
3061,5245
3062,1964
3063,3742
3064,8871
3065,5909
3066,2436
3067,8877
3068,9267
3069,6141
3070,4414
3071,2150
3072,7864
3073,9308
3074,6124
3075,5601
3076,7079
3077,3854
3078,1089
3079,6205
3080,1417
3081,4386
3082,2153
3083,4298
3084,2837
3085,7990
3086,4520
3087,5791
3088,6706
3089,3795
3090,8727
3091,3109
3092,3205
3093,7659
3094,9855
3095,8780
3096,1560
3097,8764
3098,4316
3099,7800
3100,438
3101,2483
3102,9611
3103,1152
3104,7069
3105,2369
3106,4343
3107,2519
3108,971
3109,2225
3110,8643
3111,8628
3112,6282
3113,2431
3114,1399
3115,2190
3116,1227
3117,1828
3118,5783
3119,8273
3120,1038
3121,8233
3122,3653
3123,3129
3124,1690
3125,2393
3126,3554
3127,6825
3128,9017
3129,8571
3130,3049
3131,4226
3132,3725
3133,9688
3134,1190
3135,1519
3136,9182
3137,5376
3138,2314
3139,6069
3140,4156
3141,2339
3142,1707
3143,6530
3144,5133
3145,6370
3146,5415
3147,6257
3148,6132
3149,5221
3150,9944
3151,5096
3152,111
3153,1737
3154,2801
3155,7130
3156,7073
3157,5915
3158,4249
3159,6596
3160,5137
3161,1185
3162,8359
3163,8366
3164,5304
3165,1115
3166,1293
3167,4000
3168,6809
3169,8965
3170,8931
3171,6854
3172,4818
3173,513
3174,7459
3175,9443
3176,5793
3177,6002
3178,1239
3179,8843
3180,2471
3181,8101
3182,1733
3183,2660
3184,695
3185,8122
3186,1848
3187,2004
3188,5741
3189,288
3190,6121
3191,5649
3192,5530
3193,7420
3194,9404
3195,4931
3196,8423
3197,5374
3198,9210
3199,9330
3200,6518
3201,643
3202,5366
3203,3880
3204,1958
3205,4720
3206,328
3207,2077
3208,5123
3209,6234
3210,8716
3211,996
3212,8525
3213,9567
3214,709
3215,9904
3216,9317
3217,4026
3218,6341
3219,1537
3220,3252
3221,5954
3222,9150
3223,448
3224,7216
3225,1451
3226,7641
3227,489
3228,5802
3229,5959
3230,6342
3231,6923
3232,1334
3233,8806
3234,148
3235,5282
3236,6965
3237,4828
3238,5949
3239,9530
3240,3391
3241,3999
3242,4957
3243,5915
3244,6930
3245,7366
3246,8762
3247,8596
3248,7176
3249,1571
3250,4316
3251,8758
3252,6285
3253,7316
3254,4860
3255,9724
3256,5872
3257,1016
3258,7778
3259,7258
3260,6411
3261,4112
3262,7867
3263,457
3264,1651
3265,3475
3266,2568
3267,9924
3268,9184
3269,6485
3270,6675
3271,398
3272,7675
3273,2639
3274,6232
3275,2034
3276,1411
3277,6551
3278,6514
3279,3824
3280,4999
3281,1591
3282,3461
3283,8012
3284,9891
3285,6220
3286,7187
3287,2809
3288,5412
3289,8502
3290,2732
3291,9041
3292,3960
3293,2677
3294,2514
3295,4831
3296,2498
3297,9744
3298,8897
3299,7523
3300,5704
3301,6052
3302,5198
3303,1869
3304,921
3305,3742
3306,8586
3307,9932
3308,4551
3309,3050
3310,2391
3311,3714
3312,3217
3313,8833
3314,2514
3315,3888
3316,5778
3317,1137
3318,375
3319,4557
3320,8726
3321,4602
3322,6000
3323,539
3324,1918
3325,9361
3326,7554
3327,7743
3328,8319
3329,5600
3330,1229
3331,3715
3332,365
3333,9612
3334,4557
3335,5435
3336,6850
3337,4468
3338,1945
3339,6669
3340,5725
3341,5635
3342,1594
3343,9186
3344,5885
3345,6040
3346,2098
3347,1109
3348,4161
3349,6015
3350,4199
3351,6880
3352,6566
3353,5811
3354,8897
3355,7986
3356,1482
3357,7277
3358,8030
3359,3559
3360,1570
3361,1871
3362,4743
3363,8697
3364,898
3365,5034
3366,3893
3367,1580
3368,5403
3369,4662
3370,5944
3371,2670
3372,5951
3373,2809
3374,1037
3375,6930
3376,2957
3377,4606
3378,1960
3379,6955
3380,6481
3381,4330
3382,9440
3383,9707
3384,5891
3385,9176
3386,5421
3387,2087
3388,3949
3389,6889
3390,1585
3391,1721
3392,6007
3393,4340
3394,4455
3395,6372
3396,6005
3397,8969
3398,360
3399,553
3400,6769
3401,1410
3402,5287
3403,1047
3404,1106
3405,8483
3406,146
3407,5212
3408,8931
3409,2095
3410,882
3411,3830
3412,3009
3413,806
3414,9108
3415,223
3416,5726
3417,3869
3418,7375
3419,7250
3420,4495
3421,6081
3422,231
3423,8666
3424,6835
3425,1293
3426,865
3427,4160
3428,6272
3429,6322
3430,701
3431,2427
3432,3093
3433,9513
3434,7524
3435,381
3436,7379
3437,8126
3438,3672
3439,8574
3440,3915
3441,1873
3442,6623
3443,565
3444,7899
3445,3610
3446,3502
3447,9288
3448,7939
3449,4223
3450,3183
3451,1474
3452,2104
3453,4097
3454,9337
3455,7858
3456,7802
3457,9911
3458,125
3459,1649
3460,8356
3461,2553
3462,8604
3463,3823
3464,5782
3465,6114
3466,5819
3467,6205
3468,4840
3469,213
3470,456
3471,8840
3472,8004
3473,3809
3474,4826
3475,3244
3476,3167
3477,2262
3478,9148
3479,9160
3480,5206
3481,6405
3482,4530
3483,4268
3484,5632
3485,2986
3486,4010
3487,7818
3488,8080
3489,1808
3490,3093
3491,5034
3492,2139
3493,9190
3494,9121
3495,5545
3496,2815
3497,7189
3498,6254
3499,1075
3500,2262
3501,3137
3502,2092
3503,7433
3504,2759
3505,6289
3506,4007
3507,7732
3508,2085
3509,6408
3510,3831
3511,8659
3512,6922
3513,4734
3514,757
3515,4125
3516,5977
3517,4162
3518,3061
3519,8182
3520,1335
3521,3371
3522,672
3523,1675
3524,5564
3525,8464
3526,578
3527,6792
3528,8852
3529,1779
3530,5270
3531,211
3532,758
3533,7693
3534,1282
3535,3374
3536,9381
3537,488
3538,8059
3539,7349
3540,6428
3541,8385
3542,348
3543,9992
3544,9671
3545,7115
3546,6796
3547,7650
3548,8866
3549,5056
3550,4499
3551,3307
3552,5146
3553,4273
3554,339
3555,5999
3556,4136
3557,6546
3558,1873
3559,525
3560,7356
3561,4764
3562,2326
3563,4628
3564,8130
3565,750
3566,639
3567,5065
3568,387
3569,3863
3570,5945
3571,3060
3572,2704
3573,1197
3574,2704
3575,455
3576,3888
3577,9369
3578,7672
3579,1898
3580,9426
3581,2616
3582,2413
3583,6498
3584,814
3585,7537
3586,7559
3587,1322
3588,3072
3589,2784
3590,3196
3591,1054
3592,6722
3593,271
3594,8023
3595,7696
3596,4368
3597,7621
3598,3622
3599,4491
3600,7952
3601,2316
3602,1333
3603,3914
3604,9360
3605,2773
3606,6826
3607,6306
3608,9500
3609,6472
3610,7741
3611,9606
3612,3543
3613,3072
3614,762
3615,2607
3616,5669
3617,7604
3618,6733
3619,6547
3620,7264
3621,5057
3622,5036
3623,6022
3624,370
3625,7459
3626,7813
3627,2450
3628,3688
3629,3355
3630,772
3631,1930
3632,2614
3633,7390
3634,3125
3635,4700
3636,1974
3637,4611
3638,441
3639,8880
3640,2560
3641,5961
3642,212
3643,5868
3644,3382
3645,1475
3646,7723
3647,7168
3648,7668
3649,6446
3650,5599
3651,4341
3652,7067
3653,1833
3654,8875
3655,6674
3656,4625
3657,9872
3658,4844
3659,5284
3660,7421
3661,7463
3662,791
3663,8363
3664,1654
3665,2945
3666,3692
3667,1282
3668,1989
3669,4158
3670,6685
3671,6862
3672,976
3673,6399
3674,897
3675,4992
3676,3340
3677,4943
3678,3107
3679,5962
3680,6005
3681,1291
3682,5402
3683,1659
3684,1230
3685,1627
3686,9450
3687,3980
3688,956
3689,8502
3690,5135
3691,8992
3692,9439
3693,962
3694,3097
3695,5427
3696,6655
3697,2633
3698,4722
3699,1098
3700,408
3701,9542
3702,5829
3703,7733
3704,9831
3705,5343
3706,2231
3707,9901
3708,763
3709,154
3710,8874
3711,2081
3712,7058
3713,7654
3714,5176
3715,8549
3716,8496
3717,5415
3718,3090
3719,1410
3720,4683
3721,5249
3722,1286
3723,9814
3724,365
3725,6116
3726,5717
3727,7376
3728,1841
3729,7823
3730,4860
3731,823
3732,3211
3733,6347
3734,2311
3735,7254
3736,6088
3737,5053
3738,138
3739,8842
3740,5294
3741,3266
3742,5619
3743,2038
3744,2329
3745,1587
3746,4800
3747,3342
3748,181
3749,3722
3750,5849
3751,2587
3752,1279
3753,3164
3754,2959
3755,7220
3756,1062
3757,9874
3758,8387
3759,9200
3760,3965
3761,5887
3762,8834
3763,786
3764,3833
3765,362
3766,6855
3767,3601
3768,5662
3769,8109
3770,4436
3771,8516
3772,2224
3773,6549
3774,8900
3775,8687
3776,9710
3777,2951
3778,5781
3779,6780
3780,1281
3781,7703
3782,8154
3783,9325
3784,6449
3785,7872
3786,2773
3787,6938
3788,8100
3789,223
3790,2126
3791,3783
3792,6085
3793,8021
3794,2477
3795,7430
3796,4575
3797,7162
3798,7440
3799,1562
3800,393
3801,881
3802,8926
3803,8184
3804,6624
3805,2062
3806,6345
3807,9141
3808,9368
3809,4414
3810,8236
3811,9492
3812,5582
3813,8272
3814,9373
3815,420
3816,2698
3817,9457
3818,4858
3819,8092
3820,469
3821,4006
3822,2439
3823,621
3824,2132
3825,3117
3826,5991
3827,5186
3828,2356
3829,7754
3830,3275
3831,1312
3832,7064
3833,1700
3834,2107
3835,1662
3836,2036
3837,5883
3838,7548
3839,2073
3840,4566
3841,5690
3842,6265
3843,9117
3844,6623
3845,8630
3846,4757
3847,4195
3848,5104
3849,712
3850,6078
3851,4616
3852,9304
3853,1928
3854,1927
3855,1185
3856,4195
3857,7961
3858,4251
3859,919
3860,1966
3861,8053
3862,7567
3863,1694
3864,5199
3865,7516
3866,6078
3867,4291
3868,262
3869,2308
3870,3913
3871,890
3872,8340
3873,9032
3874,7107
3875,9326
3876,7363
3877,6056
3878,5908
3879,834
3880,8329
3881,9495
3882,9327
3883,9486
3884,5056
3885,6714
3886,2466
3887,2699
3888,2706
3889,7042
3890,4078
3891,1527
3892,3150
3893,2713
3894,5956
3895,9486
3896,3750
3897,9706
3898,7050
3899,6654
3900,7531
3901,1621
3902,2534
3903,493
3904,1357
3905,6819
3906,5267
3907,659
3908,7737
3909,6721
3910,7793
3911,6757
3912,8446
3913,4020
3914,7639
3915,4448
3916,3768
3917,8580
3918,1250
3919,2479
3920,1656
3921,5216
3922,2677
3923,7713
3924,2572
3925,7468
3926,9252
3927,7441
3928,4045
3929,8075
3930,288
3931,391
3932,6571
3933,2750
3934,6729
3935,3504
3936,9142
3937,9967
3938,827
3939,1278
3940,6169
3941,3786
3942,9462
3943,4931
3944,4285
3945,1460
3946,4181
3947,6618
3948,9159
3949,8018
3950,1295
3951,7106
3952,8715
3953,7739
3954,3627
3955,4169
3956,7756
3957,8060
3958,447
3959,7752
3960,9673
3961,5472
3962,528
3963,4871
3964,4035
3965,7179
3966,9077
3967,9478
3968,2018
3969,5774
3970,425
3971,3460
3972,3768
3973,8268
3974,3044
3975,2536
3976,4219
3977,1681
3978,1319
3979,3208
3980,7508
3981,2429
3982,2666
3983,9511
3984,7306
3985,728
3986,6670
3987,3308
3988,3857
3989,8414
3990,1568
3991,740
3992,7435
3993,828
3994,1430
3995,9658
3996,2077
3997,6532
3998,9775
3999,1855
4000,2219
4001,8566
4002,4364
4003,907
4004,4053
4005,5720
4006,3861
4007,4633
4008,6487
4009,8281
4010,242
4011,5850
4012,3701
4013,6378
4014,348
4015,5554
4016,2694
4017,7658
4018,1295
4019,7197
4020,3559
4021,4347
4022,8175
4023,1720
4024,4931
4025,6020
4026,8426
4027,9769
4028,1014
4029,2977
4030,3209
4031,1854
4032,1003
4033,3172
4034,6022
4035,3728
4036,5534
4037,7830
4038,3831
4039,6016
4040,6774
4041,1591
4042,7448
4043,7214
4044,1417
4045,6897
4046,1431
4047,6992
4048,3640
4049,4299
4050,823
4051,2147
4052,6889
4053,4960
4054,1309
4055,7381
4056,9892
4057,6853
4058,5916
4059,6805
4060,9733
4061,8897
4062,3295
4063,3868
4064,6669
4065,9442
4066,5140
4067,4245
4068,3067
4069,7942
4070,4889
4071,1267
4072,3960
4073,2071
4074,1822
4075,4536
4076,8102
4077,4549
4078,5826
4079,1598
4080,670
4081,2287
4082,9878
4083,1715
4084,638
4085,7667
4086,994
4087,3285
4088,5845
4089,8680
4090,7147
4091,6683
4092,9191
4093,7861
4094,9006
4095,9031
4096,4759
4097,8922
4098,3644
4099,9543
4100,8632
4101,8186
4102,6917
4103,7034
4104,9402
4105,1847
4106,9871
4107,3077
4108,1092
4109,1097
4110,1924
4111,4008
4112,992
4113,6281
4114,4978
4115,7611
4116,7568
4117,2392
4118,2492
4119,8582
4120,2987
4121,3188
4122,6906
4123,916
4124,5541
4125,342
4126,3422
4127,7104
4128,3977
4129,8805
4130,6596
4131,7481
4132,5074
4133,7335
4134,4883
4135,9689
4136,6807
4137,8515
4138,3020
4139,6852
4140,8706
4141,7816
4142,4596
4143,7741
4144,5217
4145,5090
4146,1604
4147,5364
4148,4428
4149,2864
4150,4026
4151,1265
4152,9737
4153,5914
4154,6234
4155,110
4156,3116
4157,8534
4158,4273
4159,352
4160,9355
4161,3126
4162,9691
4163,2624
4164,5941
4165,3871
4166,7686
4167,4948
4168,5622
4169,4559
4170,6134
4171,3613
4172,8107
4173,7462
4174,4019
4175,9425
4176,765
4177,8778
4178,4393
4179,1333
4180,2983
4181,2202
4182,2920
4183,9225
4184,7023
4185,2330
4186,9648
4187,9579
4188,7966
4189,3613
4190,1395
4191,6479
4192,4220
4193,7891
4194,2669
4195,3618
4196,918
4197,1372
4198,8103
4199,3272
4200,3424
4201,424
4202,1110
4203,5252
4204,4209
4205,7018
4206,9822
4207,7070
4208,9400
4209,7384
4210,9217
4211,178
4212,3771
4213,1597
4214,5111
4215,5188
4216,4975
4217,7259
4218,9561
4219,8718
4220,4856
4221,5682
4222,4966
4223,6542
4224,5875
4225,7766
4226,2836
4227,7996
4228,3184
4229,2811
4230,1003
4231,4307
4232,7238
4233,7801
4234,7117
4235,9663
4236,4738
4237,5690
4238,5890
4239,5964
4240,3269
4241,7033
4242,5412
4243,933
4244,6878
4245,7942
4246,8329
4247,6428
4248,8257
4249,5033
4250,4099
4251,3284
4252,7593
4253,5909
4254,4162
4255,6390
4256,6710
4257,5470
4258,8383
4259,5233
4260,6977
4261,6964
4262,698
4263,7990
4264,8291
4265,8938
4266,2010
4267,2857
4268,2005
4269,9524
4270,3306
4271,2569
4272,2887
4273,8838
4274,4784
4275,7730
4276,5734
4277,2696
4278,1218
4279,9275
4280,4675
4281,2692
4282,4497
4283,1931
4284,3113
4285,8618
4286,1843
4287,1768
4288,2420
4289,2325
4290,5575
4291,6562
4292,6005
4293,660
4294,6085
4295,8644
4296,1293
4297,5809
4298,5172
4299,9325
4300,1240
4301,8176
4302,2716
4303,9741
4304,4167
4305,5833
4306,714
4307,7329
4308,3268
4309,5667
4310,4442
4311,2148
4312,7650
4313,1774
4314,3660
4315,102
4316,5035
4317,9786
4318,8122
4319,3960
4320,1542
4321,8062
4322,7028
4323,4581
4324,728
4325,1979
4326,358
4327,2893
4328,2764
4329,1546
4330,2095
4331,5209
4332,8958
4333,597
4334,8070
4335,4435
4336,7477
4337,6019
4338,1460
4339,8159
4340,1045
4341,9860
4342,2269
4343,3898
4344,3330
4345,5466
4346,650
4347,345
4348,6610
4349,3675
4350,1374
4351,2909
4352,1790
4353,2185
4354,6605
4355,9174
4356,8322
4357,4917
4358,4570
4359,4262
4360,2514
4361,3566
4362,2873
4363,6509
4364,2376
4365,5874
4366,7578
4367,6637
4368,982
4369,2205
4370,7497
4371,7405
4372,461
4373,7625
4374,4012
4375,110
4376,183
4377,1299
4378,3390
4379,8192
4380,8840
4381,2528
4382,4515
4383,6673
4384,6426
4385,1390
4386,6299
4387,5568
4388,5630
4389,4644
4390,4430
4391,7132
4392,7391
4393,6623
4394,2167
4395,4719
4396,2318
4397,558
4398,7486
4399,172
4400,4646
4401,3876
4402,5990
4403,1379
4404,2243
4405,2853
4406,5357
4407,1701
4408,2689
4409,3762
4410,4420
4411,7065
4412,6774
4413,3829
4414,8650
4415,4910
4416,8442
4417,541
4418,6714
4419,8911
4420,3028
4421,4135
4422,7361
4423,1770
4424,9869
4425,1415
4426,6616
4427,4026
4428,5715
4429,6049
4430,5062
4431,8785
4432,5037
4433,725
4434,4341
4435,1411
4436,6384
4437,7271
4438,7883
4439,3558
4440,9324
4441,5041
4442,1746
4443,4700
4444,8619
4445,1773
4446,3186
4447,9384
4448,5164
4449,8640
4450,9519
4451,1946
4452,9565
4453,739
4454,6361
4455,8264
4456,8601
4457,2492
4458,6412
4459,5587
4460,9264
4461,4312
4462,4605
4463,8257
4464,5344
4465,8383
4466,726
4467,5394
4468,4870
4469,6370
4470,1205
4471,9729
4472,8419
4473,3561
4474,4653
4475,5596
4476,6586
4477,6914
4478,1307
4479,6142
4480,4572
4481,4890
4482,577
4483,1104
4484,5922
4485,3348
4486,8805
4487,4709
4488,5490
4489,1661
4490,152
4491,5816
4492,7932
4493,8233
4494,664
4495,9720
4496,7121
4497,6696
4498,1840
4499,3886
4500,9671
4501,8907
4502,3171
4503,4054
4504,7495
4505,4786
4506,613
4507,8200
4508,3652
4509,9210
4510,9396
4511,2840
4512,2325
4513,8967
4514,9869
4515,1796
4516,4820
4517,954
4518,2448
4519,7782
4520,4745
4521,1164
4522,5561
4523,2641
4524,8873
4525,4945
4526,6689
4527,2564
4528,7243
4529,5040
4530,9014
4531,7174
4532,9847
4533,6633
4534,6998
4535,5915
4536,9497
4537,436
4538,765
4539,291
4540,2060
4541,4565
4542,3955
4543,8525
4544,6878
4545,5997
4546,6421
4547,4522
4548,5768
4549,9040
4550,8023
4551,7394
4552,1468
4553,7097
4554,1967
4555,5845
4556,5512
4557,6932
4558,4100
4559,531
4560,5595
4561,7751
4562,7008
4563,2063
4564,7081
4565,125
4566,9591
4567,8742
4568,9107
4569,3781
4570,980
4571,253
4572,2429
4573,3225
4574,9331
4575,7150
4576,9603
4577,6524
4578,6987
4579,2419
4580,8989
4581,1986
4582,4454
4583,6220
4584,4079
4585,9355
4586,8633
4587,8282
4588,8856
4589,603
4590,9513
4591,4530
4592,3682
4593,4266
4594,9441
4595,8427
4596,811
4597,4805
4598,7262
4599,2881
4600,2319
4601,4937
4602,7460
4603,1799
4604,6579
4605,7842
4606,6634
4607,1161
4608,862
4609,416
4610,8920
4611,5879
4612,5453
4613,1946
4614,7108
4615,8168
4616,316
4617,6252
4618,4122
4619,8029
4620,338
4621,8356
4622,1349
4623,9584
4624,5506
4625,9275
4626,6877
4627,7959
4628,1822
4629,1672
4630,4104
4631,8241
4632,897
4633,1213
4634,6929
4635,3042
4636,5852
4637,2697
4638,7133
4639,1072
4640,7321
4641,3982
4642,1609
4643,3999
4644,221
4645,4407
4646,5458
4647,7943
4648,5354
4649,4142
4650,458
4651,4368
4652,7817
4653,5101
4654,9164
4655,7162
4656,2633
4657,9094
4658,7610
4659,5921
4660,694
4661,1046
4662,7264
4663,1560
4664,1084
4665,5841
4666,3404
4667,8066
4668,9765
4669,9195
4670,5164
4671,3166
4672,5128
4673,2019
4674,6287
4675,7793
4676,7931
4677,3817
4678,459
4679,3086
4680,2515
4681,7503
4682,1451
4683,3701
4684,392
4685,5476
4686,203
4687,8015
4688,9617
4689,5592
4690,7653
4691,3418
4692,5743
4693,3044
4694,697
4695,1248
4696,1415
4697,4664
4698,4471
4699,429
4700,7560
4701,6496
4702,421
4703,5743
4704,546
4705,8707
4706,2506
4707,1313
4708,3752
4709,4851
4710,2962
4711,6468
4712,5974
4713,6489
4714,6266
4715,8937
4716,4254
4717,9662
4718,1786
4719,5624
4720,3247
4721,4433
4722,7575
4723,6070
4724,3416
4725,3142
4726,1094
4727,6281
4728,3955
4729,5934
4730,6254
4731,6171
4732,6891
4733,9372
4734,7153
4735,8456
4736,995
4737,3944
4738,8126
4739,2058
4740,8967
4741,5538
4742,8585
4743,6887
4744,6817
4745,7032
4746,9227
4747,637
4748,8982
4749,1473
4750,5803
4751,9604
4752,248
4753,377
4754,2888
4755,4373
4756,192
4757,8830
4758,4104
4759,3495
4760,519
4761,8003
4762,9319
4763,4313
4764,9008
4765,9085
4766,663
4767,4730
4768,1760
4769,2195
4770,2819
4771,1552
4772,8106
4773,7438
4774,2968
4775,6725
4776,8332
4777,2368
4778,9860
4779,7959
4780,3152
4781,8217
4782,5527
4783,1515
4784,4466
4785,4796
4786,230
4787,4971
4788,2423
4789,4395
4790,2677
4791,7617
4792,9250
4793,3092
4794,1005
4795,617
4796,6304
4797,3948
4798,5911
4799,6732
4800,4242
4801,2607
4802,5307
4803,4045
4804,1747
4805,3962
4806,2024
4807,1479
4808,7212
4809,2413
4810,1257
4811,7684
4812,3482
4813,3356
4814,433
4815,7631
4816,4655
4817,8481
4818,9937
4819,3283
4820,3680
4821,7732
4822,6049
4823,8101
4824,9802
4825,8854
4826,6719
4827,710
4828,318
4829,1191
4830,2205
4831,5529
4832,4728
4833,9296
4834,7149
4835,5677
4836,7031
4837,1360
4838,6522
4839,7888
4840,2742
4841,985
4842,5070
4843,8358
4844,5196
4845,4661
4846,4460
4847,7881
4848,3379
4849,5859
4850,2139
4851,7238
4852,5085
4853,9723
4854,8993
4855,6638
4856,8469
4857,8217
4858,5394
4859,7977
4860,9979
4861,8236
4862,3771
4863,8379
4864,6691
4865,7146
4866,8606
4867,1218
4868,2248
4869,2123
4870,6554
4871,1337
4872,5458
4873,3848
4874,4519
4875,4679
4876,1194
4877,7100
4878,8888
4879,291
4880,1800
4881,7899
4882,501
4883,6507
4884,2311
4885,7600
4886,3387
4887,4695
4888,3334
4889,5333
4890,8088
4891,4087
4892,4099
4893,5943
4894,2637
4895,8558
4896,1920
4897,6348
4898,651
4899,3136
4900,4011
4901,1019
4902,222
4903,5724
4904,6831
4905,6546
4906,3909
4907,1493
4908,4462
4909,8400
4910,821
4911,174
4912,1108
4913,377
4914,5899
4915,6177
4916,8117
4917,6646
4918,146
4919,1965
4920,8104
4921,2888
4922,8171
4923,2214
4924,3453
4925,883
4926,5323
4927,1395
4928,1444
4929,5318
4930,2506
4931,4601
4932,4367
4933,6642
4934,6642
4935,779
4936,8077
4937,8058
4938,9708
4939,2795
4940,6592
4941,932
4942,2771
4943,5487
4944,3438
4945,7787
4946,5199
4947,1758
4948,2908
4949,2037
4950,6378
4951,6056
4952,9041
4953,7898
4954,2134
4955,6913
4956,1271
4957,8234
4958,2419
4959,9795
4960,4424
4961,6284
4962,4875
4963,4110
4964,9611
4965,6770
4966,8663
4967,7865
4968,5752
4969,4264
4970,6325
4971,5108
4972,2655
4973,5020
4974,1930
4975,7308
4976,8161
4977,6612
4978,8242
4979,2120
4980,3775
4981,2133
4982,2255
4983,7625
4984,3922
4985,9709
4986,3977
4987,297
4988,9634
4989,6163
4990,7389
4991,9083
4992,5278
4993,7202
4994,4057
4995,7138
4996,496
4997,1293
4998,2129
4999,9359
5000,9689
5001,7870
5002,8324
5003,9487
5004,1993
5005,5992
5006,8313
5007,8318
5008,3508
5009,9878
5010,7416
5011,8477
5012,3689
5013,2990
5014,4487
5015,6450
5016,4230
5017,7226
5018,7041
5019,6561
5020,6200
5021,5764
5022,5586
5023,1389
5024,3387
5025,6443
5026,3309
5027,732
5028,1278
5029,4905
5030,4664
5031,9551
5032,8322
5033,5262
5034,2262
5035,8315
5036,6736
5037,9508
5038,571
5039,1511
5040,4918
5041,4014
5042,965
5043,2188
5044,5220
5045,2723
5046,8734
5047,7335
5048,4307
5049,4306
5050,4383
5051,3269
5052,7510
5053,8754
5054,4783
5055,3576
5056,3162
5057,5029
5058,3550
5059,2557
5060,3623
5061,3694
5062,4219
5063,8588
5064,7427
5065,2734
5066,7834
5067,7707
5068,2747
5069,8522
5070,5850
5071,4817
5072,2192
5073,4028
5074,8861
5075,4758
5076,4000
5077,6243
5078,8800
5079,2146
5080,9900
5081,9477
5082,6344
5083,7279
5084,8221
5085,8295
5086,7530
5087,6684
5088,2520
5089,7979
5090,8275
5091,5536
5092,4618
5093,3737
5094,6251
5095,1472
5096,9372
5097,8222
5098,2144
5099,4915
5100,5216
5101,9682
5102,9298
5103,3853
5104,2517
5105,2511
5106,1581
5107,4585
5108,9102
5109,7893
5110,2075
5111,9081
5112,989
5113,7096
5114,3164
5115,6950
5116,5297
5117,9430
5118,3699
5119,6121
5120,5806
5121,6097
5122,8353
5123,5587
5124,3281
5125,4968
5126,7405
5127,3366
5128,7579
5129,3192
5130,1275
5131,9586
5132,6828
5133,5702
5134,5798
5135,7216
5136,8219
5137,8820
5138,5879
5139,1137
5140,7956
5141,4793
5142,2616
5143,7886
5144,9678
5145,2895
5146,7571
5147,9489
5148,9417
5149,3453
5150,6283
5151,3811
5152,9149
5153,5840
5154,3834
5155,2879
5156,4643
5157,4703
5158,5081
5159,2179
5160,5030
5161,4471
5162,9558
5163,8738
5164,5276
5165,8682
5166,7933
5167,7915
5168,6490
5169,8795
5170,8857
5171,5580
5172,2939
5173,2170
5174,8215
5175,5469
5176,9734
5177,9422
5178,9885
5179,163
5180,9370
5181,6682
5182,1922
5183,5629
5184,3667
5185,206
5186,8578
5187,2500
5188,8825
5189,2469
5190,3730
5191,9321
5192,5502
5193,1941
5194,955
5195,1243
5196,6438
5197,7759
5198,7696
5199,3889
5200,8837
5201,7043
5202,9606
5203,4111
5204,7674
5205,3065
5206,9728
5207,2394
5208,175
5209,5635
5210,6704
5211,4834
5212,8523
5213,9262
5214,121
5215,5408
5216,4423
5217,6841
5218,4847
5219,9168
5220,7102
5221,3510
5222,6234
5223,3950
5224,854
5225,8161
5226,5110
5227,7537
5228,5698
5229,7355
5230,4971
5231,121
5232,4696
5233,6268
5234,5471
5235,8265
5236,8620
5237,6844
5238,5959
5239,7149
5240,7744
5241,8354
5242,3547
5243,6902
5244,7563
5245,2233
5246,5357
5247,360
5248,4818
5249,3244
5250,1568
5251,9476
5252,3871
5253,3521
5254,2502
5255,5749
5256,6510
5257,1522
5258,9738
5259,657
5260,9424
5261,2725
5262,7347
5263,1153
5264,6342
5265,2423
5266,3073
5267,1452
5268,1461
5269,2778
5270,7026
5271,9711
5272,9503
5273,8850
5274,1013
5275,2285
5276,4753
5277,4219
5278,6457
5279,613
5280,8978
5281,4518
5282,6107
5283,5379
5284,621
5285,3380
5286,6159
5287,2445
5288,6196
5289,9759
5290,8428
5291,1964
5292,6501
5293,4233
5294,3511
5295,7629
5296,4012
5297,6255
5298,4671
5299,676
5300,3902
5301,8122
5302,4883
5303,8193
5304,5830
5305,4910
5306,2179
5307,7836
5308,7312
5309,7696
5310,9872
5311,2783
5312,9156
5313,9731
5314,6223
5315,5821
5316,5821
5317,9940
5318,9986
5319,9371
5320,485
5321,5948
5322,1009
5323,3783
5324,6058
5325,1287
5326,8103
5327,4291
5328,5502
5329,7148
5330,4645
5331,6272
5332,8635
5333,6536
5334,712
5335,9829
5336,1017
5337,597
5338,138
5339,2925
5340,4214
5341,6194
5342,4680
5343,8358
5344,2059
5345,7407
5346,2227
5347,5857
5348,2623
5349,1267
5350,4765
5351,9596
5352,1936
5353,3630
5354,8163
5355,374
5356,1025
5357,1836
5358,4663
5359,9331
5360,4745
5361,7146
5362,5235
5363,9650
5364,6023
5365,2562
5366,8820
5367,823
5368,7387
5369,5439
5370,3618
5371,3856
5372,867
5373,9309
5374,7886
5375,6546
5376,377
5377,5961
5378,233
5379,681
5380,3568
5381,2561
5382,9779
5383,6867
5384,393
5385,8722
5386,9436
5387,112
5388,8714
5389,5704
5390,6831
5391,2865
5392,8465
5393,9803
5394,4670
5395,1932
5396,8861
5397,568
5398,4755
5399,2986
5400,8100
5401,1668
5402,4699
5403,288
5404,2620
5405,6897
5406,7725
5407,3805
5408,5731
5409,5585
5410,2825
5411,214
5412,9897
5413,7524
5414,768
5415,5310
5416,6726
5417,6450
5418,3137
5419,888
5420,396
5421,6782
5422,5754
5423,9410
5424,691
5425,2250
5426,3158
5427,9411
5428,1220
5429,6635
5430,7214
5431,3379
5432,7774
5433,7448
5434,3922
5435,7907
5436,7700
5437,4630
5438,8051
5439,3807
5440,7384
5441,3767
5442,4153
5443,5921
5444,1824
5445,9194
5446,8089
5447,1056
5448,865
5449,3738
5450,8772
5451,6745
5452,445
5453,6599
5454,2007
5455,2839
5456,7473
5457,1646
5458,640
5459,6967
5460,9013
5461,7590
5462,3352
5463,5596
5464,661
5465,4594
5466,3738
5467,9175
5468,5894
5469,2450
5470,8046
5471,9729
5472,9686
5473,8479
5474,1350
5475,240
5476,1182
5477,6418
5478,6368
5479,7508
5480,8016
5481,321
5482,7571
5483,7323
5484,6399
5485,2653
5486,4516
5487,5837
5488,7736
5489,7084
5490,1598
5491,2311
5492,2279
5493,4607
5494,1574
5495,2475
5496,8051
5497,1571
5498,6993
5499,3409
5500,3530
5501,5315
5502,2738
5503,9604
5504,3465
5505,3476
5506,3126
5507,1710
5508,7399
5509,2133
5510,8992
5511,6008
5512,1801
5513,186
5514,7034
5515,5164
5516,7283
5517,135
5518,7270
5519,3146
5520,8583
5521,1305
5522,7289
5523,4044
5524,930
5525,1054
5526,6376
5527,4994
5528,8807
5529,5060
5530,5709
5531,5845
5532,3276
5533,2907
5534,2036
5535,410
5536,2694
5537,1336
5538,7824
5539,6608
5540,7176
5541,7612
5542,3235
5543,8738
5544,876
5545,4080
5546,5861
5547,1664
5548,3295
5549,1584
5550,4329
5551,4892
5552,8484
5553,9379
5554,3460
5555,8857
5556,7968
5557,109
5558,6915
5559,9005
5560,2201
5561,5421
5562,4355
5563,4632
5564,1366
5565,3962
5566,9946
5567,5399
5568,5895
5569,3204
5570,839
5571,979
5572,5943
5573,4203
5574,5857
5575,6896
5576,2721
5577,2759
5578,9478
5579,3681
5580,2883
5581,3287
5582,1668
5583,2732
5584,5501
5585,3647
5586,9766
5587,9430
5588,3007
5589,6106
5590,1213
5591,2867
5592,7764
5593,4372
5594,9905
5595,7507
5596,1483
5597,5680
5598,9449
5599,6072
5600,8257
5601,2070
5602,4348
5603,6355
5604,5687
5605,213
5606,1891
5607,6317
5608,5798
5609,6092
5610,6564
5611,8021
5612,8163
5613,7376
5614,2278
5615,6604
5616,4510
5617,9455
5618,6853
5619,3182
5620,7744
5621,7701
5622,2853
5623,6088
5624,1499
5625,3147
5626,6537
5627,1909
5628,8749
5629,7927
5630,800
5631,9069
5632,3490
5633,5044
5634,2847
5635,6322
5636,5161
5637,8062
5638,3862
5639,4333
5640,6587
5641,487
5642,6510
5643,4312
5644,8006
5645,3006
5646,2207
5647,8581
5648,2227
5649,9433
5650,3759
5651,4808
5652,9617
5653,4552
5654,6639
5655,2904
5656,1359
5657,3674
5658,2623
5659,2756
5660,5660
5661,6259
5662,7516
5663,8784
5664,5395
5665,548
5666,2313
5667,8735
5668,9373
5669,1320
5670,1992
5671,6920
5672,2996
5673,4673
5674,5362
5675,7137
5676,4597
5677,1310
5678,4480
5679,7333
5680,6673
5681,2769
5682,7954
5683,3931
5684,5278
5685,7540
5686,1875
5687,2283
5688,1194
5689,3173
5690,926
5691,1326
5692,8183
5693,6792
5694,5659
5695,8471
5696,9236
5697,4464
5698,5789
5699,9708
5700,4018
5701,8063
5702,7736
5703,8085
5704,1678
5705,3158
5706,1752
5707,9014
5708,7150
5709,2896
5710,3512
5711,1801
5712,8601
5713,4584
5714,5163
5715,4432
5716,2458
5717,3078
5718,8696
5719,485
5720,5026
5721,2203
5722,9477
5723,7591
5724,9188
5725,7176
5726,2525
5727,461
5728,4008
5729,5109
5730,1463
5731,8577
5732,1493
5733,4674
5734,3323
5735,1853
5736,7937
5737,1258
5738,7650
5739,3186
5740,254
5741,499
5742,2599
5743,2016
5744,3783
5745,2737
5746,6754
5747,7728
5748,8855
5749,5928
5750,5472
5751,5920
5752,4176
5753,2219
5754,3235
5755,5352
5756,5114
5757,8728
5758,1332
5759,3759
5760,2023
5761,9632
5762,5373
5763,3022
5764,272
5765,7208
5766,9049
5767,9596
5768,1086
5769,4435
5770,8675
5771,846
5772,329
5773,8586
5774,8279
5775,5615
5776,5438
5777,6339
5778,5530
5779,2703
5780,8597
5781,2596
5782,1147
5783,2602
5784,2978
5785,9104
5786,1028
5787,2289
5788,8771
5789,6900
5790,741
5791,6183
5792,585
5793,652
5794,136
5795,1621
5796,1778
5797,5786
5798,6691
5799,5266
5800,2603
5801,2147
5802,4921
5803,8907
5804,5105
5805,3477
5806,1522
5807,4556
5808,3261
5809,9388
5810,6158
5811,1381
5812,311
5813,9596
5814,9546
5815,5187
5816,6029
5817,6663
5818,9037
5819,6465
5820,8774
5821,4562
5822,6478
5823,3554
5824,2302
5825,8513
5826,7108
5827,9181
5828,9268
5829,5236
5830,6608
5831,4609
5832,1428
5833,5832
5834,4457
5835,378
5836,9861
5837,7333
5838,3836
5839,4194
5840,5864
5841,2745
5842,3293
5843,4823
5844,8576
5845,407
5846,415
5847,5563
5848,8217
5849,405
5850,9883
5851,4360
5852,7530
5853,2996
5854,7743
5855,6101
5856,2125
5857,905
5858,6632
5859,8784
5860,1022
5861,9592
5862,7885
5863,3813
5864,3453
5865,9783
5866,8024
5867,3341
5868,5470
5869,3830
5870,6294
5871,2429
5872,2227
5873,9198
5874,3914
5875,9430
5876,2752
5877,212
5878,2922
5879,2180
5880,3816
5881,8988
5882,2563
5883,8125
5884,9522
5885,4524
5886,4923
5887,443
5888,1323
5889,1836
5890,1149
5891,4550
5892,8155
5893,4654
5894,7718
5895,7677
5896,5104
5897,3396
5898,5574
5899,7872
5900,316
5901,9626
5902,7653
5903,8197
5904,6570
5905,5477
5906,3729
5907,6109
5908,333
5909,3561
5910,2174
5911,3483
5912,3242
5913,2438
5914,1277
5915,5290
5916,7572
5917,1081
5918,8290
5919,1612
5920,3797
5921,9395
5922,6504
5923,3752
5924,6215
5925,7639
5926,7692
5927,3758
5928,7971
5929,7195
5930,2687
5931,9858
5932,2500
5933,1034
5934,3567
5935,6334
5936,3432
5937,2995
5938,7351
5939,8832
5940,7497
5941,698
5942,4751
5943,1950
5944,8082
5945,3982
5946,5387
5947,2788
5948,9374
5949,552
5950,8828
5951,6227
5952,7479
5953,691
5954,3248
5955,6056
5956,5199
5957,5044
5958,1973
5959,6476
5960,5654
5961,5220
5962,5389
5963,4536
5964,5806
5965,1017
5966,3074
5967,1210
5968,3279
5969,2292
5970,822
5971,5483
5972,1426
5973,2002
5974,5639
5975,3232
5976,2384
5977,2716
5978,276
5979,6152
5980,9284
5981,9629
5982,6266
5983,5716
5984,2514
5985,3300
5986,1311
5987,1696
5988,4195
5989,603
5990,5961
5991,9374
5992,5988
5993,1139
5994,3802
5995,1714
5996,5151
5997,9358
5998,5830
5999,7181
6000,2451
6001,6871
6002,9499
6003,2929
6004,1219
6005,372
6006,7443
6007,2984
6008,2796
6009,4164
6010,369
6011,4949
6012,2448
6013,2874
6014,1862
6015,8891
6016,8649
6017,2892
6018,6960
6019,6628
6020,3640
6021,3115
6022,752
6023,5740
6024,434
6025,1356
6026,269
6027,6494
6028,2038
6029,1822
6030,8260
6031,6852
6032,3844
6033,7647
6034,5851
6035,7336
6036,4018
6037,8393
6038,9093
6039,5462
6040,6972
6041,8921
6042,7974
6043,5791
6044,9364
6045,8677
6046,8347
6047,4183
6048,1302
6049,5929
6050,1483
6051,4921
6052,2961
6053,7347
6054,4491
6055,7170
6056,5119
6057,4706
6058,715
6059,327
6060,6687
6061,7805
6062,9940
6063,3080
6064,5891
6065,3196
6066,7815
6067,1759
6068,7398
6069,2595
6070,3078
6071,5783
6072,5095
6073,2500
6074,9096
6075,230
6076,8893
6077,1129
6078,7908
6079,532
6080,2863
6081,3928
6082,3169
6083,8731
6084,1190
6085,4207
6086,291
6087,9908
6088,8551
6089,9018
6090,597
6091,5081
6092,125
6093,3743
6094,5496
6095,5136
6096,2928
6097,5575
6098,1208
6099,3737
6100,9133
6101,8770
6102,6105
6103,655
6104,9796
6105,6225
6106,9013
6107,569
6108,6449
6109,6198
6110,2535
6111,1806
6112,612
6113,4075
6114,9166
6115,5759
6116,3541
6117,7677
6118,3443
6119,6031
6120,2143
6121,3334
6122,6678
6123,4348
6124,1360
6125,248
6126,1450
6127,7280
6128,1425
6129,6441
6130,6206
6131,6663
6132,595
6133,223
6134,6052
6135,1285
6136,4946
6137,5859
6138,2702
6139,9443
6140,432
6141,4841
6142,4361
6143,2195
6144,9868
6145,5702
6146,1368
6147,9908
6148,1592
6149,437
6150,3037
6151,7138
6152,1170
6153,3947
6154,6891
6155,9238
6156,2310
6157,436
6158,7999
6159,5182
6160,9840
6161,9043
6162,5209
6163,2894
6164,449
6165,7337
6166,8409
6167,6319
6168,6682
6169,9070
6170,7803
6171,951
6172,4113
6173,9662
6174,8318
6175,9792
6176,8468
6177,8929
6178,479
6179,3737
6180,8497
6181,2603
6182,8050
6183,1937
6184,1707
6185,6709
6186,3285
6187,7557
6188,5836
6189,6767
6190,3951
6191,5706
6192,3896
6193,3943
6194,8367
6195,9445
6196,151
6197,1340
6198,7740
6199,4180
6200,2054
6201,5905
6202,6492
6203,1707
6204,7764
6205,9459
6206,1812
6207,1346
6208,9067
6209,7269
6210,1514
6211,1738
6212,3321
6213,2964
6214,5103
6215,7843
6216,8058
6217,1514
6218,5114
6219,4643
6220,9475
6221,2038
6222,2436
6223,1587
6224,2752
6225,2887
6226,6586
6227,3325
6228,1557
6229,280
6230,2069
6231,723
6232,7190
6233,8604
6234,9647
6235,437
6236,7594
6237,6025
6238,837
6239,4321
6240,6057
6241,5331
6242,1823
6243,7083
6244,7987
6245,4746
6246,5838
6247,2988
6248,3960
6249,5376
6250,5773
6251,4175
6252,1065
6253,2903
6254,3714
6255,4331
6256,3940
6257,9055
6258,8267
6259,6285
6260,3675
6261,7698
6262,5687
6263,7807
6264,8346
6265,7893
6266,4659
6267,5753
6268,3383
6269,8246
6270,8016
6271,7977
6272,8505
6273,5891
6274,6315
6275,4989
6276,4763
6277,1866
6278,2604
6279,3302
6280,3500
6281,8131
6282,4642
6283,884
6284,7775
6285,9761
6286,8436
6287,2811
6288,1410
6289,4231
6290,1961
6291,1867
6292,9922
6293,9946
6294,8380
6295,7036
6296,2378
6297,7427
6298,4888
6299,6129
6300,8513
6301,4313
6302,2504
6303,9720
6304,9897
6305,7814
6306,4023
6307,6175
6308,6864
6309,3118
6310,4669
6311,4750
6312,4929
6313,9509
6314,9172
6315,4575
6316,1361
6317,476
6318,8943
6319,1074
6320,5505
6321,9338
6322,9755
6323,4515
6324,6344
6325,8382
6326,4203
6327,3574
6328,9510
6329,5968
6330,7872
6331,2010
6332,1420
6333,738
6334,1931
6335,5020
6336,9056
6337,909
6338,337
6339,1119
6340,7024
6341,1265
6342,7963
6343,6924
6344,3510
6345,5902
6346,9861
6347,1994
6348,8557
6349,868
6350,1195
6351,8408
6352,3114
6353,4306
6354,9918
6355,1908
6356,4953
6357,4151
6358,5743
6359,3365
6360,8406
6361,7796
6362,1041
6363,6332
6364,6262
6365,2890
6366,2729
6367,2489
6368,7881
6369,4661
6370,6474
6371,7855
6372,6934
6373,1504
6374,6240
6375,9936
6376,4274
6377,1681
6378,2247
6379,5737
6380,3321
6381,5464
6382,7103
6383,1596
6384,7971
6385,7341
6386,346
6387,4405
6388,563
6389,1434
6390,1039
6391,3522
6392,660
6393,6618
6394,2756
6395,9948
6396,2647
6397,6730
6398,3054
6399,8586
6400,9253
6401,8148
6402,7307
6403,7956
6404,6910
6405,5680
6406,6569
6407,3749
6408,8244
6409,3033
6410,7812
6411,8030
6412,9812
6413,7663
6414,1331
6415,1179
6416,1444
6417,7571
6418,1735
6419,1536
6420,7826
6421,2474
6422,6628
6423,1295
6424,2840
6425,6821
6426,8292
6427,9613
6428,5181
6429,5194
6430,3423
6431,2250
6432,3582
6433,4863
6434,8530
6435,1809
6436,3532
6437,1890
6438,9713
6439,4973
6440,8056
6441,2348
6442,1278
6443,437
6444,8548
6445,1503
6446,6531
6447,3619
6448,6245
6449,1813
6450,886
6451,6778
6452,4896
6453,7306
6454,9090
6455,2356
6456,526
6457,452
6458,4146
6459,3973
6460,6420
6461,8170
6462,4617
6463,7957
6464,3725
6465,2784
6466,5264
6467,3808
6468,2314
6469,1866
6470,1872
6471,9792
6472,3968
6473,209
6474,7862
6475,4704
6476,3818
6477,4283
6478,8116
6479,2423
6480,2418
6481,9899
6482,7716
6483,9515
6484,3305
6485,8841
6486,7671
6487,2676
6488,9520
6489,337
6490,8387
6491,9668
6492,209
6493,8496
6494,3413
6495,7986
6496,5849
6497,4303
6498,2094
6499,7234
6500,1964
6501,3907
6502,1622
6503,8898
6504,1235
6505,8209
6506,7618
6507,4134
6508,411
6509,9844
6510,4380
6511,4906
6512,4823
6513,8388
6514,8592
6515,1051
6516,1201
6517,5935
6518,5322
6519,9470
6520,3507
6521,8942
6522,5077
6523,8111
6524,5416
6525,8879
6526,2376
6527,5942
6528,1139
6529,2446
6530,6483
6531,1021
6532,2949
6533,4982
6534,8962
6535,3041
6536,6285
6537,1025
6538,272
6539,5997
6540,6106
6541,5330
6542,4119
6543,2971
6544,7818
6545,1925
6546,3851
6547,846
6548,3151
6549,3808
6550,2363
6551,4078
6552,9363
6553,6132
6554,2800
6555,6679
6556,6029
6557,1216
6558,5454
6559,9411
6560,8764
6561,9818
6562,5337
6563,4697
6564,1672
6565,3353
6566,3975
6567,4241
6568,4415
6569,710
6570,6587
6571,3372
6572,9820
6573,2618
6574,9082
6575,1307
6576,5220
6577,3898
6578,8214
6579,2197
6580,6062
6581,1702
6582,8424
6583,8256
6584,3584
6585,9555
6586,8703
6587,2280
6588,2632
6589,8143
6590,3380
6591,3016
6592,444
6593,9496
6594,5253
6595,3149
6596,788
6597,126
6598,8627
6599,6801
6600,4288
6601,6842
6602,334
6603,9527
6604,5597
6605,9367
6606,7600
6607,4130
6608,2036
6609,3587
6610,4505
6611,6739
6612,9744
6613,1155
6614,614
6615,2498
6616,4410
6617,9340
6618,6069
6619,2527
6620,7169
6621,9662
6622,5343
6623,5756
6624,450
6625,9967
6626,2634
6627,8871
6628,520
6629,3391
6630,6387
6631,2960
6632,5280
6633,9808
6634,453
6635,8905
6636,6247
6637,1842
6638,8697
6639,6022
6640,5187
6641,2382
6642,7500
6643,3107
6644,4226
6645,2123
6646,6665
6647,566
6648,4649
6649,1513
6650,3463
6651,1211
6652,9438
6653,9010
6654,7475
6655,9905
6656,6172
6657,9326
6658,6850
6659,9428
6660,2647
6661,9264
6662,7516
6663,3556
6664,1318
6665,2307
6666,8760
6667,1838
6668,5323
6669,9004
6670,6054
6671,6462
6672,6377
6673,2596
6674,1165
6675,7569
6676,6128
6677,9439
6678,6162
6679,2360
6680,7593
6681,8852
6682,8266
6683,2024
6684,9609
6685,7186
6686,1179
6687,1460
6688,8232
6689,413
6690,5196
6691,3906
6692,4760
6693,4585
6694,2600
6695,4157
6696,5834
6697,637
6698,7695
6699,8718
6700,1587
6701,1019
6702,9595
6703,4956
6704,3678
6705,2236
6706,304
6707,3443
6708,2707
6709,1711
6710,5067
6711,7501
6712,5638
6713,5075
6714,6619
6715,8686
6716,8503
6717,8263
6718,3703
6719,5954
6720,620
6721,3790
6722,8817
6723,1496
6724,5954
6725,6783
6726,2316
6727,4762
6728,4341
6729,8546
6730,2221
6731,2192
6732,8186
6733,6866
6734,3145
6735,9914
6736,4943
6737,9403
6738,1956
6739,3676
6740,2967
6741,6617
6742,947
6743,6334
6744,7548
6745,4958
6746,8122
6747,8832
6748,8115
6749,9459
6750,7098
6751,3504
6752,1745
6753,7163
6754,966
6755,3923
6756,4729
6757,3312
6758,424
6759,1832
6760,4939
6761,7503
6762,9388
6763,693
6764,8090
6765,5583
6766,6783
6767,4468
6768,9934
6769,9426
6770,6658
6771,4962
6772,3638
6773,5633
6774,7366
6775,5426
6776,1324
6777,6953
6778,9228
6779,2961
6780,7168
6781,2138
6782,7498
6783,7760
6784,3550
6785,8408
6786,7645
6787,4185
6788,3166
6789,5480
6790,9235
6791,7835
6792,2398
6793,2395
6794,2120
6795,4751
6796,6057
6797,7638
6798,622
6799,6244
6800,6586
6801,6605
6802,5057
6803,4875
6804,6984
6805,1624
6806,8133
6807,1038
6808,783
6809,2740
6810,504
6811,3989
6812,737
6813,5418
6814,9798
6815,5116
6816,4156
6817,4665
6818,665
6819,8581
6820,4212
6821,1985
6822,9614
6823,4202
6824,1381
6825,2948
6826,5007
6827,7743
6828,294
6829,513
6830,8860
6831,2200
6832,2327
6833,8541
6834,2386
6835,8792
6836,1313
6837,3448
6838,911
6839,756
6840,9761
6841,155
6842,5149
6843,210
6844,7766
6845,3071
6846,741
6847,3969
6848,9236
6849,2032
6850,5003
6851,478
6852,2604
6853,8200
6854,9598
6855,7681
6856,5875
6857,2784
6858,3127
6859,3140
6860,2553
6861,1317
6862,5870
6863,431
6864,4228
6865,1547
6866,8570
6867,5416
6868,6320
6869,1518
6870,3058
6871,5676
6872,9544
6873,9787
6874,8522
6875,2604
6876,8188
6877,3938
6878,323
6879,7497
6880,569
6881,2474
6882,1670
6883,8140
6884,4811
6885,7748
6886,7390
6887,9476
6888,4855
6889,396
6890,3783
6891,6188
6892,698
6893,7845
6894,3424
6895,9369
6896,2752
6897,9067
6898,4123
6899,4148
6900,4203
6901,3716
6902,9227
6903,6532
6904,9297
6905,6196
6906,6790
6907,526
6908,4589
6909,446
6910,3622
6911,986
6912,6952
6913,6197
6914,3580
6915,4208
6916,225
6917,1728
6918,9395
6919,8895
6920,2071
6921,3272
6922,535
6923,3248
6924,4790
6925,967
6926,4918
6927,3529
6928,727
6929,7909
6930,7608
6931,9084
6932,7879
6933,4122
6934,1154
6935,6219
6936,4533
6937,528
6938,9160
6939,8410
6940,1663
6941,6173
6942,9165
6943,9544
6944,5975
6945,8097
6946,7114
6947,7275
6948,2429
6949,5137
6950,9152
6951,2423
6952,2056
6953,4380
6954,2199
6955,9613
6956,9570
6957,9520
6958,1528
6959,3751
6960,3579
6961,5835
6962,5311
6963,2004
6964,8870
6965,8662
6966,3307
6967,4091
6968,3048
6969,1050
6970,1000
6971,7244
6972,3529
6973,8587
6974,9147
6975,1654
6976,8142
6977,7800
6978,7994
6979,8478
6980,9048
6981,2340
6982,2120
6983,6108
6984,7997
6985,7824
6986,6417
6987,1490
6988,2461
6989,1823
6990,5053
6991,3421
6992,3062
6993,4811
6994,2680
6995,756
6996,6632
6997,5231
6998,6391
6999,7109
7000,3185
7001,5620
7002,7142
7003,3454
7004,8635
7005,7177
7006,5422
7007,7119
7008,1481
7009,2792
7010,4677
7011,2143
7012,6486
7013,6059
7014,7717
7015,1809
7016,7767
7017,9842
7018,2777
7019,6363
7020,3987
7021,7256
7022,5714
7023,3362
7024,8729
7025,1180
7026,430
7027,8253
7028,358
7029,4770
7030,7979
7031,6090
7032,7994
7033,8063
7034,6553
7035,9991
7036,5288
7037,7234
7038,624
7039,4791
7040,7062
7041,8111
7042,1592
7043,9539
7044,3677
7045,9603
7046,2627
7047,2316
7048,9718
7049,175
7050,2357
7051,3950
7052,5410
7053,7498
7054,2889
7055,8318
7056,5773
7057,2085
7058,2647
7059,4631
7060,8230
7061,3448
7062,1110
7063,2536
7064,6549
7065,1499
7066,4563
7067,5580
7068,9404
7069,6015
7070,5343
7071,8083
7072,7167
7073,6318
7074,4661
7075,5139
7076,4690
7077,9341
7078,4973
7079,9294
7080,3186
7081,9641
7082,3405
7083,5108
7084,8058
7085,5251
7086,9942
7087,7761
7088,7700
7089,4317
7090,2140
7091,173
7092,6454
7093,8565
7094,9077
7095,4496
7096,1338
7097,1322
7098,9853
7099,9202
7100,8255
7101,8801
7102,961
7103,6497
7104,5996
7105,7287
7106,2332
7107,6518
7108,3061
7109,8259
7110,5812
7111,5948
7112,7785
7113,3977
7114,8227
7115,4261
7116,2202
7117,8976
7118,5753
7119,6045
7120,575
7121,7946
7122,9567
7123,7602
7124,1019
7125,8556
7126,3059
7127,7156
7128,9825
7129,9960
7130,438
7131,1454
7132,3461
7133,9918
7134,4572
7135,3636
7136,7872
7137,2109
7138,5877
7139,6963
7140,2121
7141,9263
7142,5869
7143,3642
7144,2615
7145,338
7146,7706
7147,1601
7148,3751
7149,8050
7150,8843
7151,3532
7152,3273
7153,9893
7154,3874
7155,5349
7156,9303
7157,9193
7158,1816
7159,7746
7160,9088
7161,7721
7162,3635
7163,369
7164,9864
7165,6026
7166,757
7167,3361
7168,1545
7169,6888
7170,3543
7171,4682
7172,1362
7173,3742
7174,998
7175,9191
7176,2932
7177,7885
7178,618
7179,1652
7180,2657
7181,1508
7182,3888
7183,6934
7184,4715
7185,9975
7186,6444
7187,4865
7188,6709
7189,947
7190,6190
7191,1558
7192,3514
7193,8092
7194,2833
7195,8231
7196,2907
7197,9125
7198,9142
7199,564
7200,5201
7201,4177
7202,6218
7203,3726
7204,3589
7205,6486
7206,3246
7207,3331
7208,1602
7209,3403
7210,4106
7211,2407
7212,680
7213,4358
7214,2484
7215,4327
7216,9826
7217,559
7218,8390
7219,1188
7220,5481
7221,3609
7222,7489
7223,7646
7224,3730
7225,3347
7226,4359
7227,7252
7228,7188
7229,164
7230,1781
7231,8191
7232,8906
7233,2651
7234,4280
7235,7091
7236,9923
7237,8640
7238,9150
7239,5488
7240,8679
7241,1652
7242,601
7243,5083
7244,5410
7245,4618
7246,4300
7247,398
7248,8984
7249,6311
7250,9837
7251,508
7252,5260
7253,3226
7254,2349
7255,8034
7256,1461
7257,5128
7258,2820
7259,8141
7260,8590
7261,9774
7262,9564
7263,6831
7264,6615
7265,6754
7266,5537
7267,9156
7268,1437
7269,1544
7270,8356
7271,4790
7272,7726
7273,6831
7274,8351
7275,2362
7276,3016
7277,933
7278,3167
7279,9057
7280,7129
7281,1475
7282,7596
7283,7085
7284,678
7285,7755
7286,3673
7287,9859
7288,5556
7289,4935
7290,4969
7291,8008
7292,4563
7293,2503
7294,8067
7295,3445
7296,9995
7297,6387
7298,4614
7299,4693
7300,2570
7301,5726
7302,2926
7303,2147
7304,9487
7305,6037
7306,1738
7307,4961
7308,1546
7309,1956
7310,7585
7311,9181
7312,1244
7313,9947
7314,2073
7315,3623
7316,2630
7317,1167
7318,7021
7319,3444
7320,5318
7321,4569
7322,7298
7323,9274
7324,5229
7325,2477
7326,1825
7327,2129
7328,7225
7329,5254
7330,1754
7331,1456
7332,6363
7333,3711
7334,2832
7335,7415
7336,1415
7337,4163
7338,7292
7339,6551
7340,9891
7341,5918
7342,8377
7343,8998
7344,5002
7345,2857
7346,350
7347,5431
7348,4303
7349,8836
7350,516
7351,112
7352,4432
7353,5970
7354,1384
7355,7146
7356,8615
7357,597
7358,1317
7359,1348
7360,3181
7361,6707
7362,1541
7363,7795
7364,5903
7365,1997
7366,5686
7367,3964
7368,7319
7369,9105
7370,1959
7371,1535
7372,3215
7373,7911
7374,3671
7375,3564
7376,7292
7377,1387
7378,5424
7379,1111
7380,8329
7381,9331
7382,5467
7383,8540
7384,4034
7385,664
7386,3860
7387,8671
7388,6766
7389,3472
7390,9283
7391,4169
7392,4561
7393,5310
7394,1254
7395,8774
7396,3729
7397,1888
7398,5049
7399,7272
7400,7454
7401,9823
7402,9479
7403,4701
7404,527
7405,3492
7406,5536
7407,594
7408,4060
7409,8504
7410,1541
7411,9012
7412,885
7413,9062
7414,6402
7415,8359
7416,3393
7417,7201
7418,5760
7419,4216
7420,9553
7421,7866
7422,9552
7423,745
7424,3146
7425,6257
7426,2236
7427,5911
7428,907
7429,808
7430,4296
7431,1027
7432,9557
7433,3710
7434,4434
7435,5027
7436,7907
7437,4470
7438,3942
7439,7394
7440,6703
7441,7269
7442,3340
7443,5430
7444,5845
7445,2051
7446,7439
7447,3638
7448,4263
7449,4154
7450,8992
7451,8201
7452,6324
7453,7020
7454,4796
7455,5956
7456,8973
7457,1847
7458,4463
7459,9665
7460,622
7461,4426
7462,1722
7463,5836
7464,5041
7465,6612
7466,7759
7467,6848
7468,5178
7469,3119
7470,4914
7471,8265
7472,2315
7473,4655
7474,4372
7475,7556
7476,1607
7477,2614
7478,6370
7479,778
7480,6441
7481,6437
7482,5474
7483,4841
7484,9708
7485,8745
7486,3502
7487,3796
7488,7951
7489,6544
7490,2722
7491,7733
7492,3715
7493,3908
7494,7236
7495,2757
7496,9699
7497,1598
7498,910
7499,1342
7500,7923
7501,8615
7502,5627
7503,6559
7504,2709
7505,9350
7506,2734
7507,1656
7508,1458
7509,5302
7510,6673
7511,4560
7512,2772
7513,8481
7514,4592
7515,6352
7516,9647
7517,1296
7518,591
7519,2594
7520,5063
7521,4158
7522,640
7523,312
7524,2575
7525,9626
7526,552
7527,9401
7528,2443
7529,7430
7530,930
7531,3679
7532,6962
7533,7135
7534,104
7535,7710
7536,9651
7537,3073
7538,8948
7539,3580
7540,6260
7541,8458
7542,4431
7543,7592
7544,904
7545,5883
7546,1994
7547,7788
7548,720
7549,8619
7550,8225
7551,7607
7552,5078
7553,5441
7554,2978
7555,4319
7556,1473
7557,6909
7558,6097
7559,590
7560,7658
7561,8900
7562,4056
7563,6258
7564,4806
7565,3822
7566,1733
7567,2905
7568,2595
7569,335
7570,4380
7571,3297
7572,7749
7573,1181
7574,3350
7575,8805
7576,6211
7577,4702
7578,7074
7579,7846
7580,9904
7581,2374
7582,5817
7583,4897
7584,5864
7585,8278
7586,3287
7587,5945
7588,4676
7589,7506
7590,533
7591,3117
7592,1642
7593,1791
7594,6552
7595,9941
7596,5237
7597,2140
7598,839
7599,1747
7600,1032
7601,6740
7602,7258
7603,8038
7604,4554
7605,9016
7606,2599
7607,7934
7608,6319
7609,8682
7610,6722
7611,558
7612,7161
7613,1280
7614,8902
7615,2301
7616,8598
7617,7695
7618,3445
7619,451
7620,7102
7621,4427
7622,5632
7623,1536
7624,153
7625,9601
7626,3808
7627,5313
7628,3152
7629,7475
7630,6309
7631,2797
7632,3876
7633,3461
7634,6872
7635,7659
7636,623
7637,826
7638,5146
7639,2218
7640,7420
7641,6595
7642,4134
7643,8905
7644,2065
7645,2942
7646,6237
7647,2050
7648,2263
7649,5042
7650,1271
7651,9776
7652,1565
7653,1721
7654,3730
7655,5508
7656,8620
7657,8621
7658,9982
7659,4454
7660,2071
7661,1130
7662,1551
7663,7239
7664,918
7665,9612
7666,5757
7667,7573
7668,6511
7669,2584
7670,487
7671,3358
7672,4189
7673,8034
7674,9032
7675,966
7676,6897
7677,4101
7678,9094
7679,7828
7680,6615
7681,9965
7682,1163
7683,2945
7684,6259
7685,824
7686,7697
7687,8151
7688,5551
7689,5967
7690,165
7691,3252
7692,1547
7693,645
7694,7928
7695,6009
7696,6286
7697,2113
7698,3477
7699,8581
7700,2445
7701,5151
7702,9867
7703,9103
7704,4820
7705,8452
7706,1282
7707,4726
7708,8237
7709,7866
7710,162
7711,132
7712,2048
7713,103
7714,6972
7715,3896
7716,7728
7717,9964
7718,9393
7719,565
7720,7223
7721,3324
7722,7518
7723,8893
7724,318
7725,8899
7726,7742
7727,7301
7728,1823
7729,6232
7730,7158
7731,1076
7732,2755
7733,798
7734,5374
7735,4902
7736,6979
7737,6961
7738,6994
7739,4461
7740,7229
7741,8666
7742,5989
7743,2097
7744,9480
7745,5760
7746,4159
7747,2299
7748,9795
7749,9116
7750,2002
7751,3763
7752,5193
7753,4512
7754,7927
7755,1124
7756,798
7757,9935
7758,606
7759,8041
7760,2021
7761,5920
7762,8950
7763,5393
7764,2246
7765,2940
7766,7583
7767,2559
7768,510
7769,458
7770,2682
7771,4098
7772,2296
7773,8579
7774,5411
7775,8101
7776,5921
7777,2076
7778,9372
7779,7394
7780,1510
7781,7836
7782,8323
7783,5227
7784,1538
7785,4370
7786,1440
7787,9682
7788,444
7789,6884
7790,2726
7791,8936
7792,3517
7793,8712
7794,1168
7795,4906
7796,4903
7797,9476
7798,2631
7799,8723
7800,5286
7801,4325
7802,7091
7803,8507
7804,9609
7805,2472
7806,2960
7807,9799
7808,2232
7809,8949
7810,7545
7811,1008
7812,9271
7813,989
7814,2100
7815,9414
7816,9583
7817,958
7818,1791
7819,7163
7820,6753
7821,7044
7822,886
7823,6239
7824,6378
7825,2155
7826,9043
7827,408
7828,2358
7829,5874
7830,6610
7831,1295
7832,4955
7833,2176
7834,5745
7835,7249
7836,1114
7837,7400
7838,6958
7839,5968
7840,1831
7841,2445
7842,4252
7843,7637
7844,4074
7845,362
7846,4838
7847,8905
7848,9646
7849,8624
7850,7065
7851,2507
7852,6798
7853,3964
7854,2285
7855,3357
7856,983
7857,7985
7858,6849
7859,2272
7860,8011
7861,2307
7862,6359
7863,7797
7864,2848
7865,3078
7866,8437
7867,7677
7868,8065
7869,3577
7870,8629
7871,6942
7872,4049
7873,7517
7874,8130
7875,1612
7876,1731
7877,8412
7878,8257
7879,5563
7880,1459
7881,9756
7882,8288
7883,9111
7884,2165
7885,8063
7886,4319
7887,8016
7888,4132
7889,4677
7890,7938
7891,6412
7892,2616
7893,1273
7894,7572
7895,7315
7896,2163
7897,5922
7898,5194
7899,8682
7900,6025
7901,6337
7902,4196
7903,7759
7904,9393
7905,9411
7906,3061
7907,6405
7908,7019
7909,4085
7910,1121
7911,4637
7912,2813
7913,6995
7914,4720
7915,5712
7916,5042
7917,8616
7918,3962
7919,5411
7920,5400
7921,7662
7922,1031
7923,1232
7924,3566
7925,711
7926,4063
7927,1338
7928,1521
7929,675
7930,5946
7931,3821
7932,9164
7933,733
7934,1416
7935,4765
7936,4596
7937,2258
7938,5925
7939,548
7940,5993
7941,9223
7942,8283
7943,2869
7944,468
7945,9201
7946,7547
7947,7845
7948,8412
7949,9591
7950,5522
7951,551
7952,3688
7953,2950
7954,9786
7955,620
7956,7976
7957,4154
7958,2154
7959,5363
7960,4237
7961,802
7962,7151
7963,8702
7964,6024
7965,9692
7966,146
7967,8865
7968,1766
7969,3878
7970,1387
7971,5649
7972,1403
7973,3059
7974,3294
7975,1678
7976,4128
7977,8345
7978,9438
7979,3822
7980,4752
7981,9259
7982,7243
7983,3253
7984,6455
7985,8013
7986,3728
7987,5224
7988,1616
7989,5261
7990,7126
7991,100
7992,1102
7993,2465
7994,8775
7995,4055
7996,6504
7997,9398
7998,195
7999,2708
8000,2127
8001,6921
8002,7713
8003,9365
8004,8844
8005,7859
8006,3944
8007,6049
8008,2039
8009,5483
8010,8629
8011,6783
8012,6067
8013,6857
8014,8836
8015,2469
8016,2953
8017,9840
8018,7149
8019,7669
8020,3919
8021,1440
8022,8117
8023,1270
8024,9468
8025,2199
8026,7995
8027,1145
8028,6600
8029,2812
8030,5126
8031,5567
8032,5688
8033,4360
8034,6965
8035,3385
8036,344
8037,8725
8038,4231
8039,9469
8040,2579
8041,5674
8042,4860
8043,213
8044,286
8045,6327
8046,8640
8047,1861
8048,812
8049,4970
8050,6024
8051,1876
8052,4122
8053,7583
8054,4820
8055,1311
8056,5233
8057,627
8058,7783
8059,7286
8060,6124
8061,6389
8062,1733
8063,1252
8064,6197
8065,4401
8066,1244
8067,2673
8068,4948
8069,3341
8070,1492
8071,4784
8072,5866
8073,6849
8074,1004
8075,9279
8076,6023
8077,4273
8078,6575
8079,4342
8080,5458
8081,4089
8082,1254
8083,7221
8084,3702
8085,6474
8086,7657
8087,5042
8088,496
8089,2693
8090,3565
8091,7615
8092,4634
8093,2754
8094,3022
8095,9243
8096,8226
8097,6013
8098,8357
8099,959
8100,6007
8101,7121
8102,9312
8103,8698
8104,827
8105,5541
8106,9142
8107,8606
8108,1217
8109,6573
8110,351
8111,8835
8112,5199
8113,9744
8114,6686
8115,6431
8116,1746
8117,4330
8118,5277
8119,1717
8120,190
8121,2452
8122,1971
8123,1039
8124,5385
8125,9242
8126,3578
8127,8802
8128,343
8129,3182
8130,8275
8131,7514
8132,5529
8133,2640
8134,5017
8135,9183
8136,3960
8137,4850
8138,3583
8139,5078
8140,7464
8141,4872
8142,9492
8143,8237
8144,7288
8145,5317
8146,6716
8147,7009
8148,7295
8149,1579
8150,3952
8151,2878
8152,6574
8153,4295
8154,7857
8155,3293
8156,777
8157,4687
8158,137
8159,1992
8160,5242
8161,4579
8162,372
8163,1732
8164,5610
8165,6132
8166,7297
8167,6341
8168,2588
8169,3811
8170,5294
8171,1538
8172,6641
8173,7811
8174,3056
8175,496
8176,8579
8177,5460
8178,8911
8179,7648
8180,4553
8181,202
8182,4033
8183,1530
8184,6825
8185,4269
8186,324
8187,8126
8188,8451
8189,3381
8190,6855
8191,4999
8192,3154
8193,4887
8194,9308
8195,334
8196,3001
8197,7678
8198,8403
8199,794
8200,7916
8201,6631
8202,8714
8203,5474
8204,8526
8205,2296
8206,6415
8207,9449
8208,9206
8209,4842
8210,9550
8211,8972
8212,2286
8213,5196
8214,2212
8215,6474
8216,7792
8217,4140
8218,5367
8219,6525
8220,1512
8221,2901
8222,928
8223,5506
8224,6932
8225,5832
8226,3994
8227,5870
8228,2556
8229,9651
8230,8634
8231,2649
8232,465
8233,3671
8234,4198
8235,7689
8236,1820
8237,4673
8238,4435
8239,9143
8240,8619
8241,1297
8242,6521
8243,3775
8244,2252
8245,4983
8246,3021
8247,2233
8248,9992
8249,3507
8250,4832
8251,4448
8252,5872
8253,7127
8254,9802
8255,8441
8256,7724
8257,6508
8258,5293
8259,5930
8260,5222
8261,4065
8262,9680
8263,9805
8264,7152
8265,3324
8266,7331
8267,5428
8268,7565
8269,3970
8270,7029
8271,1783
8272,802
8273,8709
8274,6437
8275,443
8276,8289
8277,2529
8278,2489
8279,8994
8280,4916
8281,1155
8282,8446
8283,5531
8284,3724
8285,9459
8286,3319
8287,269
8288,1693
8289,4956
8290,316
8291,6214
8292,7861
8293,5435
8294,3631
8295,6658
8296,8408
8297,7410
8298,9882
8299,5861
8300,7385
8301,5117
8302,8567
8303,3223
8304,5333
8305,343
8306,840
8307,9481
8308,3846
8309,8314
8310,6109
8311,4465
8312,7413
8313,154
8314,1077
8315,2421
8316,7813
8317,5313
8318,5951
8319,8916
8320,2770
8321,5577
8322,3986
8323,1891
8324,8037
8325,5649
8326,6090
8327,8822
8328,9699
8329,9935
8330,4794
8331,7736
8332,2176
8333,9745
8334,1295
8335,6551
8336,9213
8337,8437
8338,7186
8339,3316
8340,9212
8341,4076
8342,2283
8343,849
8344,3193
8345,8599
8346,7463
8347,8037
8348,8000
8349,7605
8350,9408
8351,352
8352,2772
8353,9023
8354,3711
8355,8523
8356,9114
8357,5052
8358,1842
8359,979
8360,8324
8361,1861
8362,1897
8363,2445
8364,6325
8365,3711
8366,4479
8367,8153
8368,1187
8369,1006
8370,5035
8371,7974
8372,3747
8373,7662
8374,6523
8375,5557
8376,1136
8377,4966
8378,1540
8379,8948
8380,1952
8381,8124
8382,2984
8383,7310
8384,9423
8385,5440
8386,6084
8387,8741
8388,6545
8389,434
8390,9245
8391,8940
8392,2794
8393,532
8394,582
8395,1957
8396,1095
8397,4817
8398,7662
8399,2635
8400,2148
8401,2271
8402,4644
8403,2627
8404,8486
8405,6380
8406,6231
8407,9599
8408,2764
8409,1175
8410,995
8411,1247
8412,9164
8413,7922
8414,9530
8415,5019
8416,8490
8417,2783
8418,3335
8419,6681
8420,2168
8421,1594
8422,6804
8423,3893
8424,8046
8425,9096
8426,451
8427,6408
8428,5589
8429,7402
8430,7798
8431,3040
8432,9694
8433,9056
8434,6752
8435,4439
8436,4727
8437,1453
8438,668
8439,4291
8440,4666
8441,7405
8442,5999
8443,9555
8444,5618
8445,6833
8446,9121
8447,3620
8448,4509
8449,5723
8450,9074
8451,7126
8452,8024
8453,8019
8454,2513
8455,3090
8456,6765
8457,1156
8458,9474
8459,7337
8460,1659
8461,4363
8462,1715
8463,5945
8464,6677
8465,8025
8466,7752
8467,4610
8468,3327
8469,4259
8470,9409
8471,2246
8472,8237
8473,8039
8474,7469
8475,2300
8476,7591
8477,5874
8478,840
8479,2172
8480,6987
8481,2057
8482,8123
8483,5822
8484,7142
8485,5388
8486,1654
8487,3728
8488,5204
8489,1762
8490,2640
8491,3718
8492,2533
8493,2089
8494,4081
8495,2470
8496,5336
8497,3780
8498,6263
8499,8255
8500,7688
8501,9644
8502,476
8503,1607
8504,6758
8505,5837
8506,8790
8507,3029
8508,7755
8509,6425
8510,3181
8511,6504
8512,1715
8513,9205
8514,3702
8515,1152
8516,1963
8517,5719
8518,6148
8519,4257
8520,9883
8521,1357
8522,3722
8523,4607
8524,7188
8525,4509
8526,3253
8527,3365
8528,3530
8529,3237
8530,4430
8531,3266
8532,6488
8533,5747
8534,5860
8535,7706
8536,1285
8537,8444
8538,960
8539,4046
8540,6078
8541,3203
8542,6569
8543,9228
8544,9015
8545,7200
8546,663
8547,7105
8548,1056
8549,404
8550,5907
8551,2361
8552,9010
8553,1115
8554,7773
8555,9397
8556,9514
8557,7213
8558,4929
8559,1662
8560,6673
8561,6416
8562,1205
8563,4436
8564,2207
8565,9770
8566,9908
8567,8207
8568,2290
8569,9968
8570,9376
8571,853
8572,3888
8573,7328
8574,1415
8575,2840
8576,5920
8577,4478
8578,878
8579,7185
8580,1094
8581,1004
8582,7929
8583,542
8584,6547
8585,9584
8586,7573
8587,7362
8588,1586
8589,6124
8590,173
8591,9881
8592,4731
8593,4759
8594,7435
8595,7201
8596,116
8597,9840
8598,7173
8599,911
8600,5776
8601,992
8602,1961
8603,7156
8604,9473
8605,4487
8606,3394
8607,3767
8608,423
8609,4860
8610,886
8611,3000
8612,3577
8613,875
8614,2925
8615,8382
8616,4145
8617,551
8618,8842
8619,1642
8620,7171
8621,5501
8622,5653
8623,4993
8624,7902
8625,6531
8626,4470
8627,6274
8628,5225
8629,8015
8630,8999
8631,7304
8632,451
8633,9407
8634,4836
8635,1728
8636,6606
8637,2722
8638,1049
8639,2461
8640,6442
8641,2638
8642,3852
8643,9459
8644,9712
8645,1238
8646,2305
8647,5301
8648,8168
8649,9832
8650,771
8651,1855
8652,2509
8653,3694
8654,1222
8655,8595
8656,3220
8657,9857
8658,3811
8659,7862
8660,7666
8661,1478
8662,1971
8663,4538
8664,7421
8665,4177
8666,2308
8667,1123
8668,1207
8669,4647
8670,462
8671,9526
8672,5017
8673,7945
8674,210
8675,4324
8676,5250
8677,6594
8678,7129
8679,6909
8680,3425
8681,146
8682,959
8683,4360
8684,7689
8685,8116
8686,260
8687,6339
8688,7410
8689,5472
8690,2693
8691,378
8692,4718
8693,7883
8694,6223
8695,1637
8696,611
8697,2676
8698,3944
8699,6912
8700,6168
8701,8859
8702,2451
8703,4928
8704,4833
8705,1984
8706,1752
8707,255
8708,3832
8709,5467
8710,8082
8711,8580
8712,8963
8713,5821
8714,5546
8715,9787
8716,2825
8717,5730
8718,2304
8719,9724
8720,654
8721,3005
8722,6488
8723,4186
8724,3363
8725,7591
8726,1867
8727,5648
8728,2993
8729,7300
8730,6322
8731,6715
8732,649
8733,2931
8734,5614
8735,7691
8736,9207
8737,339
8738,2090
8739,8171
8740,7280
8741,3672
8742,4742
8743,2271
8744,7616
8745,8748
8746,9979
8747,6374
8748,9964
8749,2044
8750,7349
8751,1311
8752,8829
8753,4690
8754,8577
8755,1164
8756,3696
8757,3404
8758,8400
8759,2259
8760,8303
8761,7507
8762,7635
8763,6681
8764,6731
8765,1560
8766,6415
8767,5041
8768,1333
8769,7041
8770,9370
8771,3547
8772,2720
8773,6927
8774,9425
8775,7023
8776,1039
8777,3873
8778,399
8779,6141
8780,982
8781,8547
8782,3918
8783,2893
8784,1604
8785,6499
8786,4468
8787,8801
8788,5442
8789,7538
8790,4529
8791,4714
8792,9258
8793,8889
8794,2209
8795,5945
8796,8821
8797,2730
8798,2572
8799,9988
8800,9739
8801,6069
8802,3736
8803,8208
8804,7533
8805,8582
8806,7452
8807,3695
8808,3462
8809,4477
8810,2928
8811,8137
8812,7902
8813,768
8814,3172
8815,1386
8816,9408
8817,2345
8818,1632
8819,9066
8820,5329
8821,496
8822,9286
8823,2709
8824,1165
8825,7250
8826,534
8827,7655
8828,9441
8829,3797
8830,1035
8831,1099
8832,7483
8833,7146
8834,9551
8835,192
8836,1263
8837,7507
8838,7305
8839,6958
8840,8421
8841,6753
8842,4747
8843,5835
8844,276
8845,9536
8846,2341
8847,8193
8848,5911
8849,6998
8850,9283
8851,9853
8852,4294
8853,5594
8854,3706
8855,2281
8856,1587
8857,3588
8858,7367
8859,7456
8860,7911
8861,3981
8862,4848
8863,2376
8864,6709
8865,4189
8866,2783
8867,8484
8868,4546
8869,2482
8870,9783
8871,9268
8872,1852
8873,4560
8874,8014
8875,7627
8876,5132
8877,9252
8878,1835
8879,2859
8880,2197
8881,8069
8882,4293
8883,8400
8884,4309
8885,1261
8886,8158
8887,8007
8888,273
8889,9913
8890,493
8891,9733
8892,9909
8893,1601
8894,3126
8895,1160
8896,4593
8897,7035
8898,1665
8899,2984
8900,3706
8901,1279
8902,8470
8903,6266
8904,1238
8905,3789
8906,4310
8907,8303
8908,5970
8909,9169
8910,2452
8911,3817
8912,1219
8913,5180
8914,5209
8915,873
8916,5162
8917,9564
8918,5350
8919,341
8920,469
8921,8997
8922,680
8923,4138
8924,9535
8925,2077
8926,3760
8927,573
8928,6176
8929,6386
8930,4118
8931,7786
8932,4268
8933,7250
8934,8265
8935,8932
8936,7871
8937,4632
8938,3180
8939,2780
8940,407
8941,4757
8942,1270
8943,4074
8944,9268
8945,7768
8946,9158
8947,135
8948,6923
8949,9695
8950,9324
8951,1519
8952,5459
8953,3316
8954,7752
8955,8779
8956,447
8957,4630
8958,8915
8959,413
8960,257
8961,888
8962,1446
8963,4774
8964,2815
8965,1700
8966,510
8967,2885
8968,7485
8969,8801
8970,8128
8971,6489
8972,3979
8973,511
8974,1033
8975,3351
8976,7940
8977,359
8978,4914
8979,2058
8980,3619
8981,6630
8982,7816
8983,6219
8984,7547
8985,9344
8986,4366
8987,8879
8988,5765
8989,9660
8990,9261
8991,2467
8992,3608
8993,7124
8994,8257
8995,7854
8996,6695
8997,3347
8998,2744
8999,4633
9000,905
9001,8415
9002,4957
9003,7227
9004,6434
9005,7996
9006,383
9007,2598
9008,708
9009,8283
9010,6445
9011,2693
9012,7746
9013,1444
9014,183
9015,3841
9016,1931
9017,2424
9018,2516
9019,1497
9020,657
9021,6736
9022,1916
9023,4337
9024,4311
9025,9350
9026,9735
9027,1608
9028,4129
9029,6653
9030,3967
9031,1478
9032,1204
9033,669
9034,4654
9035,6985
9036,3952
9037,5621
9038,416
9039,9701
9040,6292
9041,1743
9042,4429
9043,6531
9044,7001
9045,9399
9046,6790
9047,2331
9048,6297
9049,556
9050,5233
9051,6290
9052,9254
9053,654
9054,7770
9055,7143
9056,9239
9057,8546
9058,3088
9059,8504
9060,8068
9061,9360
9062,6773
9063,7300
9064,9388
9065,5003
9066,809
9067,7670
9068,2258
9069,5596
9070,6311
9071,724
9072,6195
9073,2330
9074,8236
9075,7296
9076,9217
9077,5333
9078,262
9079,1504
9080,5861
9081,3506
9082,4629
9083,153
9084,7432
9085,6793
9086,7504
9087,9495
9088,1126
9089,8995
9090,7190
9091,4215
9092,2948
9093,2014
9094,2815
9095,7533
9096,3751
9097,1185
9098,3486
9099,3315
9100,9979
9101,7271
9102,1779
9103,4850
9104,1457
9105,9878
9106,6886
9107,9329
9108,5661
9109,1984
9110,5116
9111,4646
9112,3677
9113,9065
9114,6521
9115,8075
9116,440
9117,2206
9118,8994
9119,4456
9120,3623
9121,1289
9122,1303
9123,1555
9124,5790
9125,1043
9126,4891
9127,9794
9128,9383
9129,3990
9130,4058
9131,1448
9132,5411
9133,6612
9134,5986
9135,1396
9136,478
9137,2751
9138,6781
9139,8460
9140,3261
9141,1696
9142,2889
9143,4626
9144,6584
9145,5182
9146,377
9147,4034
9148,2630
9149,7924
9150,5089
9151,4503
9152,300
9153,4718
9154,1656
9155,9543
9156,7846
9157,7572
9158,7935
9159,8103
9160,8185
9161,5088
9162,6799
9163,1263
9164,938
9165,4266
9166,2441
9167,9361
9168,3586
9169,5752
9170,621
9171,9045
9172,2938
9173,9805
9174,3675
9175,2721
9176,2282
9177,7981
9178,9237
9179,1898
9180,2163
9181,7765
9182,4737
9183,8540
9184,8437
9185,2343
9186,5713
9187,4846
9188,6051
9189,9540
9190,3008
9191,4432
9192,9010
9193,5321
9194,146
9195,2960
9196,9421
9197,3376
9198,3038
9199,869
9200,2405
9201,9212
9202,1053
9203,4741
9204,6323
9205,1013
9206,4864
9207,5913
9208,8520
9209,1183
9210,408
9211,3176
9212,3502
9213,6220
9214,6606
9215,9949
9216,799
9217,4637
9218,3022
9219,2778
9220,1904
9221,1939
9222,1589
9223,9072
9224,780
9225,7116
9226,8589
9227,3005
9228,1520
9229,9921
9230,9720
9231,5294
9232,8806
9233,8787
9234,2916
9235,6059
9236,7204
9237,3144
9238,4219
9239,2363
9240,656
9241,4257
9242,4377
9243,5411
9244,9811
9245,3959
9246,2466
9247,7025
9248,8105
9249,5588
9250,2916
9251,4158
9252,3953
9253,6101
9254,3782
9255,4976
9256,389
9257,4068
9258,2017
9259,221
9260,678
9261,2535
9262,1631
9263,5861
9264,6663
9265,3423
9266,4328
9267,2004
9268,8162
9269,1912
9270,9359
9271,6234
9272,2013
9273,5284
9274,5400
9275,7949
9276,5013
9277,4885
9278,8353
9279,9985
9280,149
9281,4240
9282,6331
9283,7435
9284,3705
9285,7560
9286,8466
9287,7074
9288,2931
9289,2777
9290,7158
9291,465
9292,4841
9293,691
9294,8848
9295,3408
9296,7138
9297,8580
9298,5822
9299,3452
9300,7009
9301,8817
9302,6217
9303,3704
9304,7867
9305,6564
9306,3920
9307,527
9308,5837
9309,2891
9310,4632
9311,944
9312,638
9313,971
9314,2230
9315,1779
9316,4528
9317,4281
9318,1323
9319,1802
9320,8250
9321,698
9322,939
9323,9770
9324,3412
9325,9072
9326,4831
9327,3466
9328,2729
9329,2610
9330,6421
9331,5364
9332,662
9333,9584
9334,8578
9335,3942
9336,4013
9337,2791
9338,1650
9339,1108
9340,3206
9341,4392
9342,7980
9343,965
9344,7845
9345,5228
9346,7918
9347,9765
9348,9575
9349,407
9350,1762
9351,6305
9352,1999
9353,9669
9354,9291
9355,673
9356,1608
9357,6832
9358,5072
9359,1873
9360,5960
9361,8333
9362,1010
9363,6065
9364,7353
9365,472
9366,7788
9367,9968
9368,1109
9369,2990
9370,8515
9371,371
9372,5113
9373,3999
9374,4076
9375,3440
9376,8871
9377,1110
9378,7106
9379,9961
9380,3591
9381,3985
9382,4479
9383,2018
9384,1014
9385,2108
9386,466
9387,8058
9388,7153
9389,4058
9390,5076
9391,2070
9392,3251
9393,1281
9394,6619
9395,4583
9396,6564
9397,934
9398,3165
9399,1050
9400,6300
9401,3968
9402,7393
9403,3146
9404,6172
9405,8913
9406,6920
9407,4772
9408,5222
9409,6047
9410,6267
9411,9019
9412,6805
9413,7267
9414,3483
9415,2646
9416,2599
9417,9336
9418,5343
9419,7241
9420,3102
9421,8114
9422,3021
9423,1963
9424,1165
9425,4570
9426,3571
9427,4689
9428,9370
9429,9382
9430,1857
9431,5442
9432,5459
9433,6368
9434,9687
9435,1695
9436,2093
9437,748
9438,7545
9439,255
9440,6579
9441,9810
9442,9993
9443,4392
9444,1704
9445,8506
9446,9724
9447,1487
9448,6654
9449,6407
9450,3724
9451,7117
9452,5467
9453,9511
9454,5800
9455,3925
9456,4018
9457,577
9458,3095
9459,478
9460,5847
9461,8421
9462,1415
9463,9363
9464,9450
9465,5072
9466,2798
9467,9115
9468,8211
9469,1291
9470,3848
9471,4657
9472,9565
9473,4329
9474,2381
9475,1757
9476,949
9477,4533
9478,6535
9479,9093
9480,6697
9481,490
9482,6566
9483,8093
9484,8334
9485,3287
9486,5667
9487,5935
9488,2620
9489,6026
9490,1270
9491,4576
9492,4537
9493,3418
9494,9235
9495,5110
9496,3046
9497,5983
9498,6406
9499,604
9500,2968
9501,824
9502,7766
9503,2269
9504,9786
9505,8680
9506,3576
9507,4151
9508,5316
9509,319
9510,1011
9511,1651
9512,8991
9513,2608
9514,9480
9515,1325
9516,3102
9517,2745
9518,4141
9519,398
9520,4497
9521,7223
9522,351
9523,359
9524,8171
9525,1377
9526,7714
9527,2271
9528,980
9529,7405
9530,2456
9531,4446
9532,1384
9533,9583
9534,5234
9535,624
9536,5186
9537,2259
9538,5508
9539,6549
9540,5848
9541,7559
9542,8506
9543,9388
9544,5925
9545,308
9546,7887
9547,9972
9548,3238
9549,4896
9550,5496
9551,8077
9552,5279
9553,1037
9554,383
9555,3663
9556,660
9557,6041
9558,5772
9559,7026
9560,5833
9561,5033
9562,7629
9563,5444
9564,828
9565,5695
9566,4307
9567,871
9568,1207
9569,538
9570,2498
9571,6159
9572,5918
9573,1765
9574,9006
9575,3032
9576,3646
9577,273
9578,3366
9579,1931
9580,1327
9581,8388
9582,1366
9583,2621
9584,713
9585,9156
9586,8278
9587,6280
9588,4643
9589,6487
9590,3894
9591,8427
9592,7696
9593,6114
9594,5727
9595,241
9596,2643
9597,989
9598,5475
9599,9805
9600,8849
9601,1211
9602,4930
9603,8229
9604,6418
9605,5356
9606,2188
9607,9274
9608,1011
9609,3094
9610,4554
9611,7818
9612,4926
9613,6835
9614,1894
9615,766
9616,3600
9617,4436
9618,249
9619,7031
9620,2365
9621,8506
9622,7743
9623,5145
9624,1356
9625,6334
9626,2538
9627,4614
9628,8208
9629,395
9630,4410
9631,6699
9632,5865
9633,4591
9634,245
9635,7404
9636,7681
9637,3778
9638,7480
9639,5503
9640,585
9641,7327
9642,3437
9643,6589
9644,3096
9645,5979
9646,8567
9647,8279
9648,8848
9649,8105
9650,7070
9651,6733
9652,5109
9653,8195
9654,6626
9655,7958
9656,4951
9657,6707
9658,7834
9659,5678
9660,7302
9661,7175
9662,3252
9663,2363
9664,4659
9665,4124
9666,2086
9667,9279
9668,4010
9669,8393
9670,5350
9671,9355
9672,9108
9673,2019
9674,3977
9675,8914
9676,6739
9677,8459
9678,6822
9679,9084
9680,5259
9681,9850
9682,8162
9683,8138
9684,2959
9685,4773
9686,3759
9687,552
9688,6320
9689,629
9690,5240
9691,3172
9692,8330
9693,6383
9694,277
9695,5146
9696,3991
9697,7293
9698,3431
9699,6615
9700,6655
9701,7245
9702,4189
9703,1988
9704,4195
9705,7701
9706,388
9707,4873
9708,5793
9709,2482
9710,9542
9711,5200
9712,1575
9713,1828
9714,7610
9715,2169
9716,8145
9717,4641
9718,3993
9719,1258
9720,7424
9721,518
9722,4592
9723,5973
9724,7407
9725,958
9726,5748
9727,6198
9728,6515
9729,4931
9730,4784
9731,9640
9732,3746
9733,9756
9734,5295
9735,5636
9736,4003
9737,4205
9738,8587
9739,9891
9740,6917
9741,9961
9742,9572
9743,3009
9744,6638
9745,2559
9746,6059
9747,3321
9748,3915
9749,8171
9750,1709
9751,5919
9752,6735
9753,6505
9754,9707
9755,7614
9756,2917
9757,3652
9758,3839
9759,2435
9760,8983
9761,7461
9762,8373
9763,9819
9764,9492
9765,4583
9766,8679
9767,7149
9768,692
9769,6171
9770,3631
9771,4277
9772,9796
9773,8411
9774,4253
9775,1313
9776,2050
9777,7412
9778,4191
9779,4492
9780,2706
9781,1129
9782,1755
9783,1501
9784,671
9785,1901
9786,9148
9787,5427
9788,7150
9789,1065
9790,7201
9791,1873
9792,4510
9793,3220
9794,6470
9795,2607
9796,190
9797,7846
9798,2472
9799,6614
9800,2737
9801,8740
9802,6149
9803,6079
9804,4931
9805,1799
9806,7771
9807,545
9808,322
9809,9867
9810,3670
9811,7418
9812,8864
9813,8767
9814,9757
9815,5731
9816,7424
9817,5775
9818,227
9819,2751
9820,5040
9821,6553
9822,4940
9823,2046
9824,3510
9825,8939
9826,7749
9827,649
9828,8613
9829,4355
9830,6039
9831,9909
9832,620
9833,505
9834,2908
9835,1451
9836,9542
9837,7835
9838,2448
9839,6630
9840,2851
9841,5361
9842,3272
9843,3115
9844,2105
9845,7606
9846,4403
9847,6327
9848,6423
9849,9562
9850,3670
9851,6926
9852,4954
9853,6221
9854,7047
9855,7858
9856,2579
9857,2833
9858,8366
9859,5909
9860,507
9861,2558
9862,4040
9863,3340
9864,5312
9865,3075
9866,6325
9867,3121
9868,457
9869,2972
9870,1489
9871,6492
9872,9716
9873,2107
9874,4660
9875,251
9876,5855
9877,9960
9878,6073
9879,3244
9880,845
9881,8429
9882,7627
9883,5325
9884,8760
9885,9572
9886,8096
9887,5273
9888,829
9889,4146
9890,3022
9891,6049
9892,6737
9893,5587
9894,9261
9895,2059
9896,6989
9897,8453
9898,2842
9899,4885
9900,8106
9901,4332
9902,8149
9903,2264
9904,8800
9905,5159
9906,1140
9907,822
9908,3675
9909,9603
9910,4290
9911,5094
9912,6630
9913,9969
9914,2166
9915,2346
9916,7769
9917,4370
9918,5560
9919,5456
9920,3213
9921,6379
9922,4925
9923,5408
9924,4900
9925,5445
9926,9893
9927,9370
9928,1629
9929,2918
9930,1209
9931,1288
9932,9372
9933,6114
9934,7975
9935,5753
9936,9667
9937,5124
9938,7379
9939,1784
9940,3805
9941,2226
9942,8335
9943,7554
9944,5090
9945,8785
9946,4918
9947,3577
9948,6359
9949,5820
9950,8403
9951,5437
9952,1422
9953,1425
9954,3800
9955,7254
9956,1017
9957,9322
9958,3332
9959,9471
9960,9568
9961,1402
9962,1272
9963,5355
9964,5547
9965,3894
9966,4809
9967,3703
9968,7126
9969,3768
9970,3593
9971,1720
9972,6185
9973,1383
9974,5301
9975,3309
9976,8995
9977,5071
9978,3831
9979,2845
9980,2587
9981,7881
9982,8948
9983,9413
9984,3705
9985,315
9986,8598
9987,9138
9988,2284
9989,4095
9990,7160
9991,4206
9992,2601
9993,6013
9994,7136
9995,9037
9996,7876
9997,3873
9998,3919
9999,1679
10000,753
10001,3249
10002,754
10003,5967
10004,332
10005,1417
10006,504
10007,8240
10008,3460
10009,7175
10010,5525
10011,7606
10012,2081
10013,3949
10014,9517
10015,6765
10016,1935
10017,6784
10018,5573
10019,3902
10020,2714
10021,1531
10022,4705
10023,4048
10024,7146
10025,1569
10026,9781
10027,6577
10028,4187
10029,2479
10030,5670
10031,3258
10032,5939
10033,2024
10034,6751
10035,8556
10036,6490
10037,2481
10038,8563
10039,5877
10040,7559
10041,2430
10042,8113
10043,3005
10044,5742
10045,2718
10046,105
10047,3741
10048,1416
10049,1444
10050,957
10051,8490
10052,346
10053,8760
10054,3419
10055,3079
10056,7977
10057,9610
10058,6799
10059,4736
10060,1151
10061,5292
10062,8538
10063,801
10064,2251
10065,9702
10066,9423
10067,8943
10068,9660
10069,7847
10070,5427
10071,1230
10072,4954
10073,938
10074,7715
10075,5372
10076,1236
10077,3260
10078,1292
10079,6031
10080,831
10081,127
10082,196
10083,7344
10084,4500
10085,5463
10086,2554
10087,9804
10088,1406
10089,9098
10090,1941
10091,6383
10092,4859
10093,1143
10094,6463
10095,1624
10096,627
10097,8269
10098,8830
10099,2342
10100,431
10101,4272
10102,6009
10103,7349
10104,1358
10105,2458
10106,8214
10107,1807
10108,5913
10109,621
10110,4073
10111,2770
10112,3944
10113,8533
10114,3024
10115,4563
10116,5864
10117,7026
10118,2444
10119,9883
10120,8646
10121,6027
10122,6541
10123,9512
10124,7451
10125,3683
10126,619
10127,9451
10128,463
10129,1776
10130,3888
10131,2239
10132,7705
10133,9989
10134,4702
10135,6190
10136,8173
10137,3917
10138,9885
10139,9965
10140,9744
10141,1084
10142,239
10143,238
10144,8746
10145,4923
10146,6291
10147,4339
10148,2675
10149,9594
10150,9735
10151,4045
10152,2577
10153,9388
10154,3276
10155,1662
10156,1106
10157,8794
10158,330
10159,3618
10160,939
10161,9114
10162,6955
10163,3894
10164,9485
10165,9630
10166,6213
10167,6961
10168,8408
10169,9169
10170,8555
10171,5742
10172,5749
10173,139
10174,4499
10175,9489
10176,2299
10177,7718
10178,6324
10179,2395
10180,9439
10181,5354
10182,8973
10183,3239
10184,702
10185,9967
10186,6077
10187,7358
10188,2287
10189,2515
10190,4375
10191,6640
10192,7020
10193,2990
10194,9044
10195,3585
10196,9289
10197,7236
10198,2425
10199,8053
10200,9609
10201,4999
10202,3316
10203,9520
10204,2938
10205,3622
10206,9667
10207,9523
10208,4226
10209,4134
10210,9211
10211,4330
10212,2661
10213,4198
10214,903
10215,1395
10216,1634
10217,580
10218,9821
10219,9269
10220,7515
10221,759
10222,5089
10223,5436
10224,1464
10225,9786
10226,5362
10227,7260
10228,3347
10229,2970
10230,3867
10231,4118
10232,9850
10233,6741
10234,5198
10235,8856
10236,7949
10237,9348
10238,488
10239,4590
10240,9080
10241,2011
10242,4891
10243,1997
10244,8281
10245,3319
10246,5218
10247,2342
10248,5566
10249,9991
10250,2509
10251,5010
10252,5125
10253,2673
10254,6350
10255,4999
10256,3493
10257,2657
10258,3249
10259,3136
10260,8442
10261,2675
10262,5070
10263,3872
10264,5545
10265,9282
10266,7661
10267,1357
10268,551
10269,2439
10270,9237
10271,5465
10272,9020
10273,9577
10274,8473
10275,3962
10276,3185
10277,1044
10278,5426
10279,930
10280,7147
10281,662
10282,1175
10283,868
10284,3405
10285,4934
10286,9463
10287,4359
10288,9433
10289,946
10290,1612
10291,1855
10292,2994
10293,5869
10294,6337
10295,4447
10296,1089
10297,4459
10298,5659
10299,993
10300,8019
10301,1522
10302,5151
10303,1047
10304,8066
10305,3774
10306,4575
10307,3128
10308,2846
10309,4606
10310,6707
10311,6389
10312,1328
10313,4879
10314,4747
10315,3267
10316,5757
10317,2807
10318,8348
10319,1391
10320,3637
10321,5529
10322,6980
10323,6689
10324,445
10325,2302
10326,9119
10327,6721
10328,511
10329,1696
10330,9674
10331,131
10332,3758
10333,6800
10334,8454
10335,4696
10336,2479
10337,6365
10338,8615
10339,6308
10340,6333
10341,8475
10342,3980
10343,4935
10344,7299
10345,6034
10346,7885
10347,5231
10348,3097
10349,3396
10350,7982
10351,1011
10352,228
10353,1483
10354,4008
10355,7539
10356,6486
10357,3815
10358,2091
10359,4013
10360,9869
10361,7218
10362,8695
10363,4849
10364,4655
10365,7002
10366,5060
10367,8632
10368,4894
10369,1469
10370,9749
10371,2044
10372,3930
10373,4356
10374,8468
10375,603
10376,4563
10377,9150
10378,5436
10379,6065
10380,3170
10381,3451
10382,6166
10383,9993
10384,6432
10385,1736
10386,4871
10387,7333
10388,5854
10389,5078
10390,6823
10391,8383
10392,3452
10393,9992
10394,1544
10395,8859
10396,8787
10397,5761
10398,7278
10399,7957
10400,6924
10401,2547
10402,4059
10403,708
10404,9537
10405,2909
10406,4701
10407,4749
10408,2799
10409,6609
10410,5426
10411,745
10412,7632
10413,1465
10414,9700
10415,6549
10416,4140
10417,7761
10418,9575
10419,8272
10420,527
10421,4677
10422,8408
10423,4660
10424,9807
10425,3550
10426,3939
10427,2204
10428,343
10429,1555
10430,6467
10431,3292
10432,6504
10433,7767
10434,444
10435,4100
10436,7797
10437,579
10438,4562
10439,6149
10440,484
10441,199
10442,2649
10443,209
10444,8130
10445,717
10446,4864
10447,5966
10448,9470
10449,4892
10450,5016
10451,4607
10452,2459
10453,2237
10454,6909
10455,4477
10456,7204
10457,8055
10458,4438
10459,3337
10460,9342
10461,2542
10462,4914
10463,1522
10464,1978
10465,9444
10466,4552
10467,353
10468,6478
10469,9833
10470,820
10471,4965
10472,3369
10473,9715
10474,8227
