customer_id,sale_amount
1,1436
2,4760
3,1454
4,5788
5,2517
6,7077
7,9486
8,4344
9,5075
10,9851
11,7705
12,7740
13,2728
14,140
15,6690
16,1456
17,804
18,626
19,3746
20,1521
21,2061
22,8469
23,4421
24,1591
25,6256
26,8521
27,3963
28,8158
29,3625
30,9338
31,3866
32,1113
33,1351
34,9153
35,1246
36,2214
37,7981
38,277
39,3454
40,3401
41,4007
42,775
43,5594
44,6843
45,2993
46,6801
47,6656
48,9726
49,8107
50,6262
51,1003
52,9787
53,8607
54,7339
55,3116
56,3816
57,5393
58,2702
59,1418
60,1624
61,6344
62,552
63,6913
64,9625
65,763
66,6943
67,7444
68,3915
69,228
70,5104
71,3861
72,2593
73,408
74,2881
75,8156
76,7241
77,549
78,9638
79,4791
80,3417
81,4930
82,8620
83,1294
84,3677
85,8951
86,487
87,8774
88,9994
89,2490
90,3448
91,4965
92,2058
93,2237
94,6647
95,8605
96,9004
97,6836
98,6044
99,6549
100,5144
101,730
102,5349
103,7612
104,5601
105,2170
106,8467
107,8808
108,3541
109,3810
110,5458
111,3834
112,2119
113,1726
114,2252
115,1218
116,7444
117,6720
118,2905
119,5499
120,7943
121,2150
122,1190
123,3605
124,5504
125,1646
126,1889
127,6588
128,2368
129,9794
130,8231
131,5087
132,6042
133,7462
134,3885
135,1851
136,8543
137,5781
138,3202
139,1090
140,6245
141,121
142,6685
143,6301
144,9669
145,5134
146,5102
147,167
148,3071
149,7775
150,2236
151,913
152,8733
153,2080
154,4349
155,3841
156,5159
157,6362
158,5311
159,9896
160,4411
161,805
162,8666
163,3675
164,2204
165,1136
166,278
167,7204
168,9725
169,4854
170,3807
171,5286
172,7974
173,3804
174,975
175,9059
176,9071
177,8055
178,5346
179,4160
180,4455
181,6336
182,1215
183,9270
184,4914
185,3117
186,784
187,1107
188,9527
189,2215
190,9069
191,8504
192,115
193,9919
194,5809
195,5978
196,9647
197,9273
198,9192
199,2025
200,6583
201,4129
202,2908
203,5664
204,9448
205,204
206,3143
207,7023
208,3881
209,5062
210,6530
211,1301
212,6167
213,6098
214,6859
215,1963
216,1504
217,4762
218,4942
219,9649
220,7433
221,2167
222,3066
223,7430
224,8680
225,3117
226,1615
227,3739
228,3196
229,1611
230,5444
231,262
232,6746
233,7766
234,2128
235,695
236,952
237,7811
238,3065
239,1710
240,2919
241,3554
242,2535
243,7436
244,1707
245,6937
246,3242
247,714
248,7859
249,3898
250,446
251,7041
252,6264
253,6826
254,844
255,7007
256,3420
257,4065
258,434
259,6123
260,958
261,974
262,8358
263,9117
264,6520
265,8381
266,5512
267,8166
268,7827
269,8317
270,9496
271,194
272,1836
273,6770
274,6690
275,5684
276,3948
277,2182
278,5898
279,5706
280,9184
281,1062
282,6702
283,5783
284,6788
285,4409
286,2867
287,1684
288,6084
289,4621
290,5254
291,7809
292,4125
293,6453
294,4823
295,902
296,5387
297,2076
298,7773
299,444
300,4865
301,5305
302,8937
303,1718
304,5878
305,6291
306,9831
307,6110
308,4292
309,4738
310,7824
311,2219
312,6539
313,7192
314,2520
315,6238
316,8757
317,3849
318,1601
319,7364
320,5092
321,7148
322,9715
323,6392
324,1622
325,7111
326,2020
327,765
328,5755
329,5951
330,5758
331,3884
332,1071
333,1662
334,243
335,3122
336,7022
337,1258
338,5046
339,3739
340,5668
341,7019
342,7949
343,8439
344,5335
345,367
346,6383
347,3653
348,3259
349,8127
350,2473
351,981
352,8889
353,8453
354,9835
355,4707
356,4880
357,6531
358,8908
359,3165
360,8438
361,6651
362,7430
363,7433
364,9157
365,3294
366,6216
367,5112
368,8274
369,2916
370,9762
371,5425
372,7732
373,9912
374,5059
375,9226
376,3319
377,5972
378,7353
379,1966
380,7796
381,6856
382,979
383,6460
384,7284
385,2260
386,3766
387,4706
388,8457
389,8471
390,1241
391,8551
392,7543
393,8540
394,5228
395,7150
396,7506
397,2754
398,7642
399,6545
400,9416
401,3049
402,7992
403,686
404,5902
405,6110
406,4286
407,9321
408,6578
409,1664
410,7278
411,1814
412,9259
413,8624
414,8853
415,6918
416,7874
417,1945
418,7823
419,9624
420,2825
421,815
422,6214
423,6348
424,9212
425,4229
426,9118
427,7500
428,9725
429,2054
430,6394
431,5611
432,2520
433,6052
434,8028
435,968
436,9041
437,2205
438,7254
439,6834
440,5518
441,2951
442,9141
443,6607
444,9786
445,1848
446,6278
447,8219
448,4027
449,6931
450,3468
451,4734
452,4685
453,5741
454,7992
455,1792
456,5087
457,5106
458,2128
459,9117
460,2322
461,6119
462,6607
463,7898
464,3845
465,3093
466,3494
467,6295
468,6451
469,8013
470,6225
471,428
472,6407
473,2479
474,1178
475,3815
476,5412
477,9382
478,4838
479,5369
480,4939
481,8832
482,6121
483,9283
484,3746
485,6872
486,6511
487,4260
488,3690
489,9399
490,3182
491,3109
492,3541
493,559
494,6493
495,851
496,5705
497,9696
498,4232
499,9925
500,9312
501,8523
502,4772
503,146
504,8867
505,8811
506,3077
507,1509
508,9722
509,451
510,8942
511,7443
512,7174
513,5290
514,9492
515,5554
516,4146
517,4766
518,1854
519,7085
520,5459
521,7033
522,4653
523,5780
524,1364
525,9409
526,181
527,8261
528,4759
529,7515
530,8511
531,8910
532,4584
533,1953
534,3655
535,2876
536,3413
537,9837
538,4523
539,2821
540,9827
541,525
542,9960
543,6106
544,4154
545,5827
546,9477
547,5555
548,1868
549,4099
550,6772
551,3608
552,6545
553,6094
554,359
555,9506
556,7107
557,7987
558,7921
559,7283
560,8198
561,2120
562,4555
563,4192
564,2974
565,7675
566,229
567,2767
568,7946
569,1977
570,3256
571,3735
572,567
573,771
574,8023
575,1217
576,8924
577,8797
578,6693
579,5542
580,7848
581,7274
582,6833
583,7814
584,2292
585,8904
586,336
587,2087
588,7889
589,516
590,4189
591,3789
592,2225
593,2770
594,4943
595,2235
596,8838
597,8816
598,5658
599,799
600,2179
601,1578
602,4845
603,1893
604,5282
605,7908
606,6207
607,3969
608,555
609,407
610,227
611,4895
612,9291
613,5743
614,1480
615,1759
616,7985
617,325
618,6198
619,8616
620,1845
621,6733
622,6189
623,7332
624,7370
625,8170
626,4207
627,4506
628,1459
629,7580
630,6037
631,3835
632,8844
633,2393
634,3934
635,8612
636,4147
637,9517
638,8462
639,5973
640,6158
641,3306
642,1030
643,7138
644,4801
645,2251
646,1942
647,9358
648,5578
649,2248
650,7811
651,7218
652,7306
653,4172
654,2071
655,2329
656,4461
657,7449
658,1710
659,8104
660,1823
661,5690
662,4508
663,8698
664,6177
665,374
666,9540
667,7073
668,7076
669,5312
670,8752
671,6109
672,2615
673,4506
674,7841
675,4228
676,2207
677,9369
678,8468
679,1849
680,2432
681,3482
682,1178
683,1031
684,9388
685,7516
686,8170
687,3940
688,2460
689,4602
690,9056
691,7824
692,6612
693,1767
694,6990
695,3281
696,1061
697,8854
698,5637
699,7833
700,2732
701,6622
702,3820
703,3815
704,3829
705,8145
706,7082
707,1855
708,7352
709,6268
710,4824
711,3374
712,368
713,5391
714,8175
715,6177
716,1282
717,8049
718,478
719,5091
720,6102
721,9187
722,8598
723,2853
724,6458
725,4147
726,5003
727,8532
728,2937
729,9469
730,6333
731,5037
732,4599
733,9295
734,2046
735,4643
736,6789
737,3808
738,126
739,1840
740,4070
741,6477
742,9431
743,7784
744,3098
745,3572
746,816
747,388
748,9140
749,1850
750,3627
751,7576
752,7347
753,2310
754,2501
755,4296
756,5243
757,921
758,5382
759,2235
760,579
761,2213
762,134
763,1947
764,6723
765,1471
766,5151
767,7194
768,6442
769,7188
770,2638
771,9563
772,6721
773,140
774,9316
775,6041
776,6714
777,5132
778,2995
779,3511
780,646
781,2330
782,8646
783,8396
784,8652
785,3369
786,4469
787,8074
788,7976
789,6821
790,2041
791,793
792,8007
793,3467
794,3646
795,9783
796,7959
797,967
798,1249
799,9212
800,2729
801,3440
802,1887
803,1974
804,8088
805,3206
806,7520
807,5402
808,8727
809,5173
810,8012
811,804
812,6889
813,9943
814,5727
815,6690
816,596
817,7440
818,4358
819,7372
820,3297
821,5920
822,1114
823,3702
824,448
825,2837
826,1374
827,9494
828,2387
829,9568
830,8672
831,5737
832,3890
833,7115
834,6703
835,9217
836,5950
837,8954
838,757
839,5131
840,2947
841,7812
842,9885
843,9751
844,7753
845,750
846,8398
847,5354
848,408
849,8967
850,2279
851,7557
852,4531
853,3854
854,1607
855,3736
856,7187
857,824
858,9878
859,9324
860,6831
861,2555
862,5928
863,9262
864,1094
865,5777
866,2182
867,1452
868,9149
869,4238
870,1794
871,6877
872,2834
873,9425
874,7691
875,1091
876,4065
877,7878
878,3535
879,2033
880,1410
881,3282
882,2624
883,1557
884,7024
885,4709
886,5527
887,2388
888,9055
889,1296
890,8309
891,3470
892,9097
893,8750
894,3550
895,4873
896,1377
897,9436
898,5050
899,3234
900,2970
901,6270
902,3512
903,694
904,3894
905,4132
906,5297
907,153
908,7330
909,1363
910,6470
911,809
912,6013
913,9809
914,742
915,313
916,3683
917,5174
918,7044
919,5244
920,2403
921,4876
922,6208
923,2201
924,859
925,9098
926,7797
927,3614
928,157
929,1152
930,6718
931,7501
932,4865
933,9575
934,7437
935,3582
936,1813
937,6119
938,7933
939,3373
940,5706
941,2252
942,108
943,2560
944,6624
945,3210
946,7240
947,7605
948,3100
949,8175
950,461
951,8964
952,3490
953,5422
954,8545
955,9469
956,7311
957,9965
958,772
959,5175
960,649
961,1458
962,6098
963,2460
964,3756
965,6874
966,4712
967,4787
968,878
969,4909
970,2823
971,8202
972,744
973,1625
974,4254
975,5044
976,7235
977,7658
978,9122
979,6808
980,8506
981,6946
982,9496
983,6425
984,5198
985,8204
986,1028
987,5665
988,2853
989,5661
990,9349
991,5155
992,2466
993,5550
994,4216
995,7202
996,4780
997,8009
998,9844
999,3652
1000,5899
1001,9269
1002,6801
1003,1276
1004,2839
1005,5835
1006,8951
1007,9465
1008,4480
1009,2036
1010,3292
1011,8986
1012,4701
1013,9225
1014,2775
1015,9080
1016,388
1017,7241
1018,2051
1019,4997
1020,4912
1021,983
1022,3237
1023,1221
1024,4631
1025,8932
1026,9009
1027,4314
1028,4624
1029,965
1030,9199
1031,5622
1032,4257
1033,1511
1034,4962
1035,8272
1036,400
1037,3419
1038,8055
1039,5055
1040,1393
1041,9683
1042,275
1043,7795
1044,6785
1045,5589
1046,5023
1047,3616
1048,9363
1049,8811
1050,9658
1051,5011
1052,8885
1053,8010
1054,7053
1055,8904
1056,2972
1057,5495
1058,2153
1059,8976
1060,7221
1061,6044
1062,9247
1063,2719
1064,6467
1065,2449
1066,1361
1067,4595
1068,3363
1069,2975
1070,3543
1071,3353
1072,3943
1073,5839
1074,4675
1075,2668
1076,3322
1077,4873
1078,2378
1079,9963
1080,4946
1081,186
1082,1495
1083,574
1084,7933
1085,8211
1086,8783
1087,1625
1088,7359
1089,3849
1090,198
1091,4769
1092,5742
1093,9368
1094,6680
1095,1840
1096,6905
1097,5108
1098,3571
1099,6776
1100,854
1101,2869
1102,8795
1103,9617
1104,8391
1105,9656
1106,7424
1107,1652
1108,903
1109,9526
1110,6331
1111,902
1112,457
1113,763
1114,1219
1115,6343
1116,4022
1117,9617
1118,8333
1119,7696
1120,8838
1121,3929
1122,8911
1123,8909
1124,9562
1125,2454
1126,6361
1127,3189
1128,9447
1129,8035
1130,3954
1131,5014
1132,9108
1133,2631
1134,2004
1135,342
1136,4583
1137,2897
1138,4953
1139,3881
1140,9437
1141,1008
1142,6894
1143,9505
1144,7160
1145,9639
1146,5632
1147,8121
1148,9382
1149,9931
1150,1897
1151,8597
1152,2124
1153,6883
1154,5815
1155,7959
1156,3219
1157,6386
1158,9035
1159,4110
1160,3196
1161,3056
1162,8205
1163,7283
1164,8355
1165,4292
1166,6679
1167,3678
1168,3507
1169,9737
1170,3831
1171,5403
1172,4835
1173,2845
1174,8301
1175,6993
1176,7716
1177,2835
1178,8143
1179,7156
1180,6773
1181,4799
1182,1439
1183,1482
1184,8520
1185,5763
1186,6156
1187,6352
1188,5575
1189,2745
1190,6026
1191,3252
1192,1512
1193,5753
1194,2286
1195,853
1196,2447
1197,8617
1198,7014
1199,3677
1200,6209
1201,4772
1202,3172
1203,3941
1204,6602
1205,8613
1206,2558
1207,6316
1208,399
1209,4602
1210,8035
1211,2597
1212,4611
1213,9646
1214,2250
1215,2029
1216,8926
1217,7555
1218,2977
1219,5207
1220,5386
1221,5629
1222,1886
1223,2882
1224,4348
1225,5804
1226,459
1227,5355
1228,3202
1229,8834
1230,2428
1231,3039
1232,5335
1233,8303
1234,6860
1235,134
1236,2542
1237,1111
1238,9366
1239,9061
1240,5862
1241,6490
1242,8644
1243,5369
1244,2828
1245,2036
1246,9694
1247,8456
1248,3923
1249,9069
1250,1470
1251,9896
1252,4828
1253,5940
1254,2581
1255,1029
1256,7481
1257,6092
1258,1454
1259,5278
1260,9209
1261,9119
1262,3539
1263,4683
1264,1934
1265,1678
1266,5373
1267,7527
1268,1291
1269,9255
1270,9786
1271,3046
1272,9101
1273,257
1274,9554
1275,1834
1276,7674
1277,8661
1278,8403
1279,7017
1280,1414
1281,2859
1282,5697
1283,572
1284,9405
1285,824
1286,7966
1287,6634
1288,8295
1289,4526
1290,8334
1291,9381
1292,768
1293,1018
1294,9903
1295,3862
1296,4266
1297,3473
1298,6845
1299,1080
1300,9966
1301,7975
1302,870
1303,2226
1304,3832
1305,8604
1306,5748
1307,5207
1308,2191
1309,7592
1310,8997
1311,8155
1312,3533
1313,774
1314,7886
1315,7388
1316,4932
1317,8166
1318,9432
1319,8162
1320,6017
1321,8582
1322,5972
1323,2753
1324,2005
1325,4167
1326,5098
1327,6180
1328,596
1329,2694
1330,3519
1331,6128
1332,7405
1333,1496
1334,4510
1335,3296
1336,3731
1337,8471
1338,2231
1339,7187
1340,7082
1341,559
1342,2937
1343,3711
1344,4654
1345,9425
1346,2202
1347,4479
1348,3835
1349,3951
1350,6302
1351,8536
1352,3467
1353,6103
1354,7087
1355,8696
1356,5315
1357,6794
1358,1214
1359,3309
1360,3121
1361,6793
1362,2850
1363,7309
1364,3762
1365,4042
1366,3781
1367,5608
1368,2326
1369,3500
1370,5331
1371,9073
1372,559
1373,2410
1374,5452
1375,1135
1376,5486
1377,3175
1378,4663
1379,171
1380,9499
1381,4925
1382,9207
1383,6077
1384,3481
1385,7028
1386,379
1387,5536
1388,606
1389,7799
1390,5852
1391,3252
1392,5511
1393,8497
1394,1535
1395,5188
1396,6761
1397,6697
1398,9249
1399,3449
1400,2425
1401,5680
1402,2017
1403,8747
1404,9400
1405,5385
1406,5459
1407,3809
1408,5800
1409,1969
1410,1749
1411,6172
1412,7290
1413,3461
1414,5513
1415,3191
1416,8478
1417,4691
1418,1041
1419,5385
1420,6001
1421,5181
1422,6521
1423,2109
1424,9596
1425,5912
1426,1947
1427,6325
1428,1431
1429,4460
1430,8677
1431,4543
1432,4357
1433,8262
1434,188
1435,4837
1436,1617
1437,3128
1438,8712
1439,1238
1440,8803
1441,1013
1442,9252
1443,3017
1444,3312
1445,396
1446,4490
1447,6290
1448,9711
1449,7229
1450,4137
1451,5925
1452,7503
1453,8134
1454,5976
1455,5138
1456,2096
1457,3955
1458,1839
1459,494
1460,4664
1461,4571
1462,4622
1463,183
1464,5841
1465,3809
1466,8090
1467,6474
1468,8164
1469,8908
1470,9341
1471,6173
1472,3597
1473,9348
1474,5648
1475,5726
1476,4787
1477,736
1478,759
1479,4624
1480,3970
1481,431
1482,4837
1483,3365
1484,8593
1485,1382
1486,9040
1487,8204
1488,7391
1489,9559
1490,8152
1491,3403
1492,4921
1493,5801
1494,1493
1495,5710
1496,1904
1497,6107
1498,7398
1499,357
1500,6014
1501,7951
1502,325
1503,4902
1504,8877
1505,6746
1506,3747
1507,3310
1508,2930
1509,7041
1510,2074
1511,9324
1512,7279
1513,2373
1514,1903
1515,4274
1516,9573
1517,4957
1518,4809
1519,534
1520,4241
1521,6453
1522,6424
1523,3652
1524,1764
1525,5964
1526,6606
1527,5701
1528,7049
1529,8445
1530,9416
1531,3715
1532,9768
1533,6205
1534,868
1535,6907
1536,7435
1537,9813
1538,4278
1539,737
1540,7656
1541,7672
1542,5475
1543,8692
1544,4726
1545,8144
1546,5711
1547,5102
1548,5746
1549,9348
1550,1858
1551,5204
1552,4065
1553,882
1554,6016
1555,9656
1556,2443
1557,6576
1558,9269
1559,4720
1560,6267
1561,8032
1562,9255
1563,4799
1564,5694
1565,469
1566,8982
1567,263
1568,6464
1569,5400
1570,601
1571,4225
1572,8660
1573,1431
1574,1892
1575,7471
1576,4636
1577,9174
1578,9178
1579,9906
1580,5884
1581,8295
1582,3923
1583,241
1584,6535
1585,8469
1586,8033
1587,1926
1588,8473
1589,5662
1590,2805
1591,9729
1592,9309
1593,1547
1594,3237
1595,7798
1596,8015
1597,7106
1598,7846
1599,5781
1600,3489
1601,6392
1602,8807
1603,6667
1604,4517
1605,5828
1606,5832
1607,4406
1608,8660
1609,1338
1610,5661
1611,1003
1612,9885
1613,5283
1614,9564
1615,9096
1616,9265
1617,1100
1618,8632
1619,7198
1620,4882
1621,5884
1622,5912
1623,7037
1624,8865
1625,9427
1626,3753
1627,5079
1628,2348
1629,4712
1630,7939
1631,7604
1632,6284
1633,2639
1634,1209
1635,8687
1636,529
1637,818
1638,8510
1639,5748
1640,5734
1641,9931
1642,2929
1643,1213
1644,1977
1645,4093
1646,2649
1647,2041
1648,2852
1649,4330
1650,8922
1651,8747
1652,2069
1653,1540
1654,3763
1655,9639
1656,3087
1657,1312
1658,6350
1659,8804
1660,8902
1661,6195
1662,4085
1663,3135
1664,4532
1665,3766
1666,7137
1667,614
1668,469
1669,5535
1670,3578
1671,776
1672,3099
1673,9462
1674,2488
1675,8430
1676,5442
1677,9128
1678,2325
1679,8497
1680,5783
1681,8925
1682,3978
1683,5263
1684,2284
1685,7152
1686,2312
1687,668
1688,8108
1689,2204
1690,1484
1691,5074
1692,430
1693,7955
1694,7645
1695,1036
1696,1000
1697,2914
1698,5454
1699,1667
1700,9841
1701,7622
1702,527
1703,9850
1704,1437
1705,6585
1706,7324
1707,4993
1708,7118
1709,5107
1710,5571
1711,4110
1712,3047
1713,942
1714,2028
1715,2233
1716,6752
1717,6022
1718,9263
1719,9456
1720,8171
1721,5388
1722,1598
1723,4676
1724,8978
1725,1233
1726,4165
1727,5946
1728,7704
1729,4000
1730,4457
1731,607
1732,8227
1733,697
1734,1634
1735,240
1736,1726
1737,2848
1738,2886
1739,1839
1740,7995
1741,8529
1742,3027
1743,8169
1744,7912
1745,5081
1746,5391
1747,8602
1748,6730
1749,6763
1750,5677
1751,9626
1752,104
1753,6520
1754,6169
1755,9084
1756,4219
1757,3185
1758,2357
1759,7883
1760,1938
1761,6093
1762,9138
1763,6841
1764,2978
1765,7243
1766,997
1767,2550
1768,4203
1769,8807
1770,8034
1771,8975
1772,5725
1773,2850
1774,4322
1775,2301
1776,4268
1777,5772
1778,1803
1779,2096
1780,5493
1781,2874
1782,6656
1783,5561
1784,6207
1785,7031
1786,758
1787,7573
1788,6572
1789,6116
1790,1246
1791,4594
1792,1678
1793,7298
1794,1955
1795,6322
1796,2724
1797,6823
1798,4691
1799,3680
1800,2707
1801,3409
1802,8688
1803,5213
1804,7402
1805,1152
1806,4205
1807,8547
1808,6859
1809,8222
1810,4910
1811,8252
1812,6268
1813,2542
1814,9105
1815,1526
1816,3300
1817,7232
1818,8005
1819,5791
1820,2779
1821,3825
1822,1017
1823,1059
1824,6749
1825,4853
1826,1198
1827,8099
1828,5909
1829,4636
1830,729
1831,7067
1832,416
1833,3759
1834,7371
1835,3913
1836,954
1837,2093
1838,2278
1839,4992
1840,8423
1841,5325
1842,9945
1843,2825
1844,2756
1845,5027
1846,9020
1847,4535
1848,4744
1849,8117
1850,4576
1851,7252
1852,5869
1853,1120
1854,1080
1855,6780
1856,1845
1857,4844
1858,2756
1859,6492
1860,6759
1861,5409
1862,9587
1863,7823
1864,374
1865,526
1866,6655
1867,6383
1868,9786
1869,7782
1870,3827
1871,8582
1872,9973
1873,1259
1874,3248
1875,1915
1876,1100
1877,8219
1878,4143
1879,1831
1880,4059
1881,3426
1882,7296
1883,5522
1884,3781
1885,2109
1886,5089
1887,7903
1888,2528
1889,8714
1890,1830
1891,4171
1892,3733
1893,7166
1894,8114
1895,2458
1896,4963
1897,8860
1898,6384
1899,7621
1900,1031
1901,315
1902,6250
1903,7713
1904,2047
1905,9333
1906,4144
1907,2695
1908,1743
1909,7185
1910,2940
1911,4232
1912,5514
1913,5802
1914,6891
1915,2378
1916,673
1917,5471
1918,6962
1919,6807
1920,6755
1921,9400
1922,6169
1923,3433
1924,9325
1925,328
1926,7731
1927,6934
1928,8464
1929,6007
1930,1173
1931,9646
1932,1840
1933,9279
1934,9585
1935,853
1936,3825
1937,7868
1938,3273
1939,3289
1940,9848
1941,6243
1942,9976
1943,6792
1944,6681
1945,1917
1946,4869
1947,1117
1948,2656
1949,4419
1950,7748
1951,5923
1952,9273
1953,7820
1954,6922
1955,3949
1956,7549
1957,9162
1958,1989
1959,5030
1960,3101
1961,7451
1962,9749
1963,965
1964,6152
1965,3325
1966,127
1967,4369
1968,2874
1969,6589
1970,7771
1971,7432
1972,200
1973,4092
1974,787
1975,5482
1976,181
1977,3567
1978,3278
1979,4779
1980,8758
1981,764
1982,7752
1983,1826
1984,4201
1985,7838
1986,8516
1987,1897
1988,936
1989,6144
1990,1372
1991,4127
1992,5191
1993,9896
1994,6189
1995,4160
1996,2849
1997,1214
1998,1912
1999,4670
2000,4621
2001,677
2002,8668
2003,1859
2004,5953
2005,5145
2006,6926
2007,6464
2008,7181
2009,2776
2010,328
2011,7573
2012,4081
2013,4626
2014,5306
2015,7975
2016,418
2017,6338
2018,3009
2019,8817
2020,1673
2021,1620
2022,2856
2023,9060
2024,150
2025,6982
2026,4352
2027,6385
2028,1253
2029,8931
2030,4720
2031,8379
2032,8967
2033,4298
2034,6467
2035,5753
2036,7034
2037,4893
2038,5415
2039,6300
2040,6822
2041,7892
2042,6532
2043,7487
2044,1500
2045,395
2046,5703
2047,1448
2048,5716
2049,7052
2050,8942
2051,9352
2052,2572
2053,9318
2054,2955
2055,3897
2056,6511
2057,3951
2058,2918
2059,9938
2060,3414
2061,6254
2062,2920
2063,2969
2064,8269
2065,9336
2066,2574
2067,515
2068,8321
2069,4334
2070,1146
2071,6471
2072,5884
2073,2436
2074,9524
2075,294
2076,3569
2077,3458
2078,1183
2079,8602
2080,9799
2081,3028
2082,9965
2083,4607
2084,8579
2085,3172
2086,6217
2087,1365
2088,4450
2089,2104
2090,6437
2091,6316
2092,3457
2093,2128
2094,9661
2095,8502
2096,4112
2097,5539
2098,3350
2099,2677
2100,6838
2101,2467
2102,6369
2103,9945
2104,7219
2105,2304
2106,2518
2107,2479
2108,6525
2109,8887
2110,5646
2111,7274
2112,2337
2113,3678
2114,2719
2115,9425
2116,5966
2117,7377
2118,2120
2119,5878
2120,1372
2121,5853
2122,9152
2123,8619
2124,2383
2125,5494
2126,3600
2127,9959
2128,6281
2129,3630
2130,1319
2131,1722
2132,8486
2133,6877
2134,6290
2135,7672
2136,4180
2137,9565
2138,9042
2139,1411
2140,753
2141,8763
2142,6487
2143,9792
2144,5940
2145,9740
2146,7987
2147,9208
2148,9546
2149,8818
2150,8896
2151,2602
2152,4814
2153,233
2154,3786
2155,2775
2156,111
2157,1482
2158,6920
2159,2022
2160,1882
2161,3537
2162,6709
2163,7360
2164,3407
2165,2975
2166,4450
2167,7389
2168,1585
2169,945
2170,7261
2171,1533
2172,4068
2173,337
2174,7270
2175,6168
2176,9732
2177,153
2178,9271
2179,8653
2180,9056
2181,2158
2182,1308
2183,6778
2184,8010
2185,8662
2186,9535
2187,3717
2188,4418
2189,1936
2190,3166
2191,8914
2192,7562
2193,843
2194,3181
2195,9735
2196,9982
2197,7601
2198,6791
2199,751
2200,6157
2201,2522
2202,919
2203,7758
2204,2700
2205,7886
2206,1288
2207,1585
2208,1620
2209,506
2210,7918
2211,5622
2212,5299
2213,4196
2214,8413
2215,9315
2216,3786
2217,3036
2218,3046
2219,5873
2220,7374
2221,3439
2222,7664
2223,125
2224,1168
2225,6031
2226,7347
2227,7248
2228,441
2229,3349
2230,3741
2231,3495
2232,3819
2233,1705
2234,5016
2235,5612
2236,7255
2237,9246
2238,1697
2239,912
2240,5480
2241,2886
2242,2620
2243,3135
2244,1453
2245,8956
2246,1043
2247,7091
2248,6260
2249,5722
2250,4272
2251,467
2252,1388
2253,1813
2254,5847
2255,7218
2256,5997
2257,9845
2258,4049
2259,8678
2260,487
2261,4834
2262,2282
2263,4358
2264,7146
2265,8588
2266,8905
2267,5983
2268,3812
2269,4121
2270,4276
2271,522
2272,8542
2273,9813
2274,8149
2275,2012
2276,4953
2277,5807
2278,8691
2279,4105
2280,3098
2281,6892
2282,5472
2283,4092
2284,1580
2285,3798
2286,2134
2287,9391
2288,1068
2289,6197
2290,9252
2291,8695
2292,369
2293,3410
2294,7223
2295,6189
2296,9242
2297,8489
2298,7242
2299,5510
2300,3370
2301,1722
2302,1854
2303,3758
2304,5240
2305,3443
2306,8537
2307,6777
2308,7022
2309,5472
2310,4428
2311,8420
2312,6027
2313,5763
2314,2253
2315,9950
2316,8957
2317,7628
2318,6564
2319,4395
2320,148
2321,5381
2322,9050
2323,9160
2324,4559
2325,9625
2326,8702
2327,6664
2328,1320
2329,337
2330,9541
2331,1701
2332,4031
2333,2560
2334,9347
2335,431
2336,5760
2337,9298
2338,1535
2339,162
2340,1632
2341,8315
2342,3699
2343,831
2344,6974
2345,1708
2346,218
2347,1179
2348,6470
2349,6977
2350,6891
2351,6594
2352,7583
2353,4481
2354,1215
2355,7762
2356,7291
2357,2897
2358,8549
2359,3634
2360,1122
2361,9840
2362,1519
2363,6629
2364,8689
2365,3620
2366,5809
2367,971
2368,5567
2369,6529
2370,5054
2371,2766
2372,5882
2373,9138
2374,5608
2375,7366
2376,3003
2377,8029
2378,2295
2379,8300
2380,4083
2381,4388
2382,8822
2383,940
2384,9614
2385,5137
2386,7591
2387,6322
2388,4002
2389,7026
2390,4539
2391,5469
2392,9033
2393,2827
2394,4470
2395,9321
2396,8988
2397,3226
2398,9570
2399,8021
2400,9906
2401,9407
2402,5079
2403,1075
2404,6903
2405,6882
2406,8019
2407,8676
2408,4937
2409,7409
2410,5990
2411,732
2412,5753
2413,274
2414,9976
2415,1610
2416,5405
2417,3431
2418,8198
2419,6466
2420,4262
2421,3554
2422,5193
2423,2074
2424,4344
2425,9977
2426,2155
2427,9220
2428,2504
2429,7310
2430,1373
2431,7310
2432,3255
2433,1248
2434,707
2435,3814
2436,6378
2437,8600
2438,686
2439,7585
2440,863
2441,3709
2442,787
2443,8941
2444,2886
2445,5963
2446,1183
2447,7035
2448,1849
2449,7408
2450,6595
2451,6837
2452,6718
2453,6166
2454,8437
2455,6397
2456,3737
2457,1480
2458,7997
2459,4312
2460,4716
2461,800
2462,8512
2463,2343
2464,454
2465,394
2466,6595
2467,8819
2468,8695
2469,2216
2470,2196
2471,3839
2472,3417
2473,3423
2474,619
2475,769
2476,8960
2477,1257
2478,8350
2479,2874
2480,4118
2481,377
2482,9573
2483,3727
2484,3276
2485,7517
2486,8294
2487,7171
2488,6103
2489,5841
2490,6713
2491,4349
2492,6725
2493,6956
2494,3332
2495,5864
2496,3177
2497,1891
2498,9151
2499,4307
2500,1464
2501,1594
2502,1622
2503,6927
2504,5837
2505,2448
2506,5847
2507,8738
2508,9765
2509,2490
2510,8298
2511,5909
2512,2745
2513,4593
2514,3803
2515,758
2516,6043
2517,5430
2518,7203
2519,2898
2520,5799
2521,5603
2522,3656
2523,480
2524,7887
2525,4896
2526,3462
2527,8015
2528,7869
2529,2115
2530,5236
2531,7397
2532,1562
2533,2035
2534,3961
2535,6956
2536,3518
2537,782
2538,8756
2539,1983
2540,8048
2541,4138
2542,3769
2543,867
2544,5086
2545,8934
2546,6081
2547,8186
2548,233
2549,4446
2550,6259
2551,3101
2552,5685
2553,6911
2554,9124
2555,5782
2556,9043
2557,5373
2558,6679
2559,4628
2560,2863
2561,5170
2562,5018
2563,4405
2564,4808
2565,1174
2566,9506
2567,1998
2568,4711
2569,8008
2570,625
2571,609
2572,795
2573,4612
2574,8221
2575,6417
2576,4013
2577,3273
2578,5754
2579,9297
2580,9417
2581,2390
2582,8742
2583,8545
2584,6648
2585,2505
2586,9967
2587,7768
2588,4648
2589,3827
2590,6334
2591,8383
2592,990
2593,9905
2594,7949
2595,7073
2596,9530
2597,7633
2598,6966
2599,8583
2600,8103
2601,2808
2602,1854
2603,4772
2604,8331
2605,688
2606,8315
2607,3444
2608,9437
2609,4054
2610,2404
2611,5026
2612,4791
2613,4945
2614,7471
2615,2928
2616,5188
2617,8600
2618,7015
2619,6986
2620,398
2621,6207
2622,8977
2623,8140
2624,2964
2625,6740
2626,5554
2627,5151
2628,4968
2629,223
2630,3023
2631,8107
2632,1332
2633,9170
2634,9758
2635,8405
2636,9800
2637,7132
2638,3244
2639,3508
2640,2790
2641,2207
2642,331
2643,9235
2644,3776
2645,9701
2646,9579
2647,3631
2648,9817
2649,2786
2650,7852
2651,3925
2652,7868
2653,6909
2654,9226
2655,7612
2656,9215
2657,4819
2658,8669
2659,7059
2660,975
2661,9418
2662,9759
2663,4432
2664,486
2665,2603
2666,4163
2667,1301
2668,6750
2669,648
2670,4942
2671,3969
2672,5323
2673,2103
2674,8764
2675,196
2676,9375
2677,1441
2678,8211
2679,3493
2680,8866
2681,8312
2682,4464
2683,8597
2684,9984
2685,1915
2686,7988
2687,5834
2688,1735
2689,964
2690,209
2691,2718
2692,3954
2693,1769
2694,9446
2695,2196
2696,2723
2697,2392
2698,4740
2699,7797
2700,9538
2701,7504
2702,7255
2703,1460
2704,1629
2705,9734
2706,2811
2707,3761
2708,6963
2709,3633
2710,5505
2711,2223
2712,7730
2713,4008
2714,529
2715,2797
2716,8878
2717,1623
2718,3415
2719,5315
2720,2765
2721,2206
2722,161
2723,4967
2724,2017
2725,5645
2726,3216
2727,6069
2728,7761
2729,4467
2730,9147
2731,4246
2732,7779
2733,9688
2734,3078
2735,7731
2736,8352
2737,7144
2738,5465
2739,3817
2740,396
2741,7701
2742,1106
2743,2250
2744,1658
2745,4481
2746,5547
2747,4775
2748,9311
2749,3478
2750,2523
2751,2878
2752,9976
2753,8246
2754,8097
2755,4064
2756,2139
2757,9250
2758,6198
2759,1942
2760,2988
2761,7685
2762,908
2763,2946
2764,3923
2765,8973
2766,4774
2767,1041
2768,7260
2769,5615
2770,6747
2771,741
2772,8860
2773,9290
2774,2061
2775,4595
2776,3561
2777,4536
2778,3232
2779,2163
2780,1311
2781,2419
2782,5714
2783,8390
2784,5615
2785,1474
2786,5798
2787,3985
2788,9097
2789,588
2790,4131
2791,8735
2792,247
2793,7442
2794,4255
2795,8036
2796,1106
2797,8464
2798,2102
2799,7912
2800,2447
2801,6386
2802,7667
2803,7911
2804,2244
2805,6213
2806,6335
2807,905
2808,1789
2809,3422
2810,3680
2811,2659
2812,9409
2813,7243
2814,4151
2815,4251
2816,4913
2817,7058
2818,1326
2819,5313
2820,2837
2821,7084
2822,4153
2823,8355
2824,3188
2825,1169
2826,9885
2827,299
2828,1113
2829,942
2830,5491
2831,5476
2832,6083
2833,1201
2834,5626
2835,1914
2836,7107
2837,7524
2838,1178
2839,5770
2840,1889
2841,9339
2842,7822
2843,2042
2844,6592
2845,375
2846,7493
2847,9368
2848,8736
2849,3365
2850,3846
2851,6901
2852,2657
2853,727
2854,9926
2855,7223
2856,1609
2857,7656
2858,9588
2859,7337
2860,9986
2861,2913
2862,5094
2863,5946
2864,104
2865,2083
2866,6650
2867,8455
2868,1327
2869,4529
2870,5971
2871,5496
2872,2985
2873,1309
2874,3712
2875,4428
2876,3573
2877,3055
2878,3737
2879,5186
2880,4940
2881,6370
2882,3390
2883,5755
2884,2881
2885,3723
2886,9473
2887,4377
2888,6875
2889,7382
2890,3089
2891,9670
2892,1744
2893,2795
2894,6075
2895,2169
2896,7134
2897,1567
2898,4139
2899,6363
2900,8298
2901,4965
2902,9918
2903,119
2904,4346
2905,3925
2906,621
2907,8600
2908,5649
2909,3329
2910,3158
2911,7017
2912,7899
2913,222
2914,2478
2915,4207
2916,2429
2917,2540
2918,2119
2919,2618
2920,1794
2921,1573
2922,1585
2923,6837
2924,2540
2925,369
2926,7669
2927,7347
2928,6434
2929,1577
2930,6506
2931,5584
2932,7103
2933,7110
2934,3204
2935,5970
2936,2514
2937,1449
2938,8381
2939,114
2940,712
2941,6096
2942,6863
2943,9947
2944,9698
2945,2372
2946,3479
2947,4307
2948,1241
2949,9556
2950,4389
2951,1699
2952,5019
2953,9589
2954,9029
2955,9311
2956,2824
2957,9219
2958,8455
2959,3059
2960,9775
2961,3754
2962,3033
2963,5034
2964,2116
2965,8081
2966,4374
2967,5253
2968,2479
2969,5369
2970,9893
2971,5970
2972,7138
2973,2755
2974,9496
2975,3329
2976,2819
2977,1968
2978,5796
2979,8846
2980,5037
2981,1795
2982,2068
2983,4206
2984,9071
2985,5993
2986,186
2987,4415
2988,5517
2989,9124
2990,1195
2991,4972
2992,4300
2993,6229
2994,8730
2995,9106
2996,8019
2997,6534
2998,4556
2999,5474
3000,8805
3001,967
3002,7659
3003,548
3004,1245
3005,1481
3006,6672
3007,5620
3008,5520
3009,6020
3010,8015
3011,8692
3012,8841
3013,2684
3014,8242
3015,2228
3016,4915
3017,8926
3018,4713
3019,5457
3020,6549
3021,5173
3022,1280
3023,8057
3024,3320
3025,9130
3026,9141
3027,9513
3028,5229
3029,5807
3030,6192
3031,8621
3032,8791
3033,4114
3034,567
3035,9869
3036,9003
3037,2214
3038,9879
3039,6599
3040,6894
3041,428
3042,2025
3043,7168
3044,6064
3045,7905
3046,6292
3047,8724
3048,7761
3049,112
3050,9849
3051,8525
3052,1794
3053,9284
3054,6184
3055,9992
3056,6441
3057,4745
3058,1349
3059,3684
3060,2960
3061,2468
3062,9638
3063,1365
3064,5700
3065,214
3066,6555
3067,2073
3068,9854
3069,3440
3070,7406
3071,4650
3072,2424
3073,7946
3074,1335
3075,2030
3076,4634
3077,7825
3078,9553
3079,1265
3080,6959
3081,4042
3082,909
3083,4634
3084,7191
3085,4108
3086,4321
3087,7344
3088,841
3089,3598
3090,3619
3091,3003
3092,7115
3093,442
3094,5022
3095,6760
3096,2776
3097,6737
3098,5225
3099,5035
3100,4965
3101,6824
3102,7529
3103,9878
3104,1317
3105,1666
3106,1285
3107,2404
3108,7850
3109,3804
3110,5220
3111,6542
3112,3520
3113,6100
3114,4109
3115,4511
3116,3140
3117,7552
3118,763
3119,6958
3120,5781
3121,2028
3122,6451
3123,2955
3124,3188
3125,5778
3126,6512
3127,8995
3128,9657
3129,1134
3130,5217
3131,2878
3132,9355
3133,4989
3134,862
3135,4173
3136,6131
3137,2156
3138,4686
3139,6020
3140,6339
3141,9985
3142,2762
3143,730
3144,3625
3145,3510
3146,8862
3147,1766
3148,5832
3149,4736
3150,9352
3151,8299
3152,5511
3153,5800
3154,5531
3155,3191
3156,1192
3157,8254
3158,8919
3159,6884
3160,3496
3161,2397
3162,1036
3163,4850
3164,9258
3165,1457
3166,5178
3167,226
3168,5134
3169,2484
3170,6465
3171,7243
3172,2868
3173,184
3174,4799
3175,4801
3176,7802
3177,1553
3178,9662
3179,8233
3180,1962
3181,8132
3182,5813
3183,6598
3184,7863
3185,9305
3186,5999
3187,7293
3188,1570
3189,2514
3190,4247
3191,9919
3192,5547
3193,4602
3194,5580
3195,5702
3196,8821
3197,2476
3198,5934
3199,4882
3200,624
3201,281
3202,5313
3203,4007
3204,7138
3205,783
3206,1368
3207,623
3208,8163
3209,2927
3210,7054
3211,7237
3212,8614
3213,1932
3214,7766
3215,2903
3216,544
3217,8971
3218,1119
3219,643
3220,3045
3221,2235
3222,4479
3223,7513
3224,8198
3225,4274
3226,8510
3227,1523
3228,6570
3229,5892
3230,4426
3231,2985
3232,8095
3233,6529
3234,117
3235,7916
3236,5732
3237,1374
3238,9314
3239,9567
3240,2636
3241,7549
3242,3859
3243,4916
3244,3259
3245,6003
3246,7238
3247,3401
3248,9407
3249,9814
3250,8974
3251,4760
3252,1427
3253,9495
3254,9330
3255,2980
3256,5951
3257,8027
3258,8627
3259,5113
3260,204
3261,1672
3262,7233
3263,2186
3264,8429
3265,5009
3266,9653
3267,8829
3268,2727
3269,972
3270,4056
3271,7919
3272,5741
3273,6453
3274,6958
3275,1037
3276,4160
3277,7503
3278,8896
3279,4794
3280,8811
3281,6111
3282,580
3283,7217
3284,1344
3285,6912
3286,2807
3287,3605
3288,8618
3289,9439
3290,3879
3291,7357
3292,9332
3293,2529
3294,483
3295,2659
3296,1601
3297,5246
3298,8596
3299,2707
3300,2575
3301,9610
3302,504
3303,7669
3304,151
3305,7062
3306,2195
3307,6262
3308,7815
3309,122
3310,3493
3311,5316
3312,1461
3313,9374
3314,1172
3315,9234
3316,2586
3317,9820
3318,902
3319,6109
3320,7493
3321,4061
3322,146
3323,9833
3324,7033
3325,4806
3326,8273
3327,6071
3328,4573
3329,2601
3330,2534
3331,8971
3332,5213
3333,625
3334,4787
3335,1532
3336,1775
3337,5129
3338,8764
3339,5383
3340,6424
3341,5037
3342,1711
3343,5129
3344,6648
3345,2045
3346,8137
3347,8678
3348,1160
3349,7201
3350,8082
3351,1143
3352,4871
3353,8695
3354,3160
3355,854
3356,4171
3357,3844
3358,1360
3359,7266
3360,5817
3361,1139
3362,7608
3363,1669
3364,4123
3365,8361
3366,3723
3367,1756
3368,9361
3369,4326
3370,4478
3371,4669
3372,785
3373,4673
3374,3758
3375,4697
3376,1226
3377,3084
3378,6160
3379,6485
3380,507
3381,8733
3382,4731
3383,1484
3384,3159
3385,2708
3386,9724
3387,559
3388,5645
3389,1980
3390,3996
3391,9454
3392,6010
3393,2770
3394,3481
3395,4305
3396,5074
3397,1253
3398,2748
3399,6852
3400,4970
3401,7409
3402,6622
3403,1266
3404,5565
3405,8670
3406,7592
3407,9547
3408,4685
3409,8249
3410,7742
3411,8923
3412,5538
3413,9374
3414,8000
3415,9946
3416,3448
3417,3308
3418,5260
3419,6996
3420,7718
3421,3753
3422,7744
3423,9161
3424,3605
3425,2611
3426,799
3427,1510
3428,6811
3429,3385
3430,1496
3431,9422
3432,2395
3433,309
3434,9488
3435,2527
3436,9417
3437,6863
3438,7584
3439,7143
3440,5946
3441,5782
3442,9303
3443,9401
3444,4770
3445,5309
3446,1726
3447,7418
3448,1014
3449,7087
3450,9794
3451,995
3452,5321
3453,6980
3454,3153
3455,5585
3456,2147
3457,5675
3458,3002
3459,6949
3460,5254
3461,2333
3462,1684
3463,2531
3464,7746
3465,408
3466,2623
3467,2023
3468,4923
3469,2580
3470,4649
3471,5432
3472,9345
3473,7016
3474,732
3475,5685
3476,3496
3477,3313
3478,582
3479,1157
3480,2351
3481,1206
3482,3908
3483,9401
3484,6730
3485,2334
3486,6312
3487,2867
3488,5725
3489,7003
3490,5880
3491,5724
3492,8833
3493,5145
3494,4658
3495,8803
3496,7009
3497,998
3498,6917
3499,572
3500,2698
3501,5346
3502,9912
3503,8057
3504,9642
3505,9583
3506,6727
3507,6758
3508,3981
3509,6658
3510,4112
3511,4292
3512,2038
3513,7914
3514,6885
3515,8496
3516,4112
3517,9374
3518,1611
3519,5791
3520,7263
3521,3734
3522,1639
3523,3542
3524,306
3525,6498
3526,9720
3527,8169
3528,4747
3529,4283
3530,9228
3531,8411
3532,9728
3533,4238
3534,1556
3535,398
3536,4073
3537,5818
3538,9163
3539,9937
3540,6727
3541,7944
3542,2006
3543,7147
3544,5143
3545,7126
3546,847
3547,5535
3548,529
3549,7316
3550,9287
3551,8897
3552,503
3553,8405
3554,8675
3555,5008
3556,2562
3557,938
3558,1856
3559,7861
3560,2202
3561,134
3562,7194
3563,5161
3564,8656
3565,3311
3566,2297
3567,247
3568,4045
3569,9110
3570,2326
3571,9211
3572,4542
3573,8727
3574,966
3575,1198
3576,3375
3577,7614
3578,9476
3579,1280
3580,7601
3581,1541
3582,2356
3583,9550
3584,2472
3585,4026
3586,5776
3587,6696
3588,4875
3589,2943
3590,4831
3591,8266
3592,2292
3593,1782
3594,7502
3595,4157
3596,7141
3597,9645
3598,9545
3599,1292
3600,2612
3601,9974
3602,4611
3603,6628
3604,556
3605,1113
3606,7915
3607,4590
3608,2180
3609,6230
3610,4904
3611,8023
3612,5823
3613,1934
3614,972
3615,5669
3616,4335
3617,465
3618,4716
3619,6656
3620,4730
3621,1273
3622,8315
3623,5322
3624,5281
3625,8556
3626,3757
3627,1256
3628,175
3629,8967
3630,4204
3631,6991
3632,9586
3633,6293
3634,8373
3635,7919
3636,8449
3637,1687
3638,6995
3639,5532
3640,1745
3641,3551
3642,3527
3643,9325
3644,3654
3645,6431
3646,8765
3647,3379
3648,7588
3649,2429
3650,6593
3651,4396
3652,131
3653,3085
3654,1325
3655,8429
3656,1622
3657,8900
3658,1499
3659,9841
3660,4010
3661,5845
3662,1370
3663,1415
3664,6415
3665,2481
3666,6400
3667,3634
3668,2829
3669,4653
3670,3703
3671,5759
3672,4465
3673,3382
3674,9032
3675,8685
3676,3091
3677,6323
3678,7719
3679,6842
3680,2273
3681,913
3682,6026
3683,1214
3684,3735
3685,6858
3686,3099
3687,8967
3688,5865
3689,6915
3690,875
3691,154
3692,1075
3693,1689
3694,5218
3695,4998
3696,7293
3697,1283
3698,122
3699,7916
3700,2625
3701,9643
3702,4611
3703,7512
3704,9498
3705,7310
3706,2941
3707,3660
3708,6275
3709,8997
3710,420
3711,469
3712,8410
3713,6499
3714,9484
3715,6846
3716,3436
3717,3995
3718,4863
3719,8519
3720,5905
3721,8944
3722,273
3723,2575
3724,2254
3725,4564
3726,7895
3727,8865
3728,5051
3729,6896
3730,7975
3731,1231
3732,2234
3733,6552
3734,3511
3735,663
3736,3797
3737,2065
3738,6066
3739,7151
3740,3138
3741,8329
3742,4503
3743,472
3744,5450
3745,9680
3746,9997
3747,4529
3748,8233
3749,9584
3750,921
3751,8525
3752,8411
3753,4794
3754,8075
3755,3272
3756,2482
3757,4317
3758,5756
3759,1645
3760,4445
3761,7553
3762,980
3763,5706
3764,7704
3765,8604
3766,4675
3767,5792
3768,7261
3769,4149
3770,5702
3771,167
3772,1599
3773,3063
3774,1784
3775,5882
3776,3013
3777,9424
3778,6904
3779,2747
3780,7447
3781,6790
3782,2499
3783,4203
3784,3458
3785,8134
3786,7730
3787,6616
3788,5080
3789,6429
3790,4687
3791,5321
3792,1732
3793,922
3794,5388
3795,5522
3796,6126
3797,5981
3798,4258
3799,7974
3800,1409
3801,8540
3802,6712
3803,2076
3804,722
3805,960
3806,5008
3807,3532
3808,291
3809,3128
3810,8443
3811,1612
3812,626
3813,2774
3814,982
3815,7181
3816,3395
3817,3075
3818,267
3819,8513
3820,1318
3821,227
3822,2384
3823,2107
3824,3515
3825,354
3826,4238
3827,4394
3828,7533
3829,116
3830,4350
3831,1727
3832,7513
3833,389
3834,9463
3835,6450
3836,3932
3837,9886
3838,8601
3839,5313
3840,9928
3841,1787
3842,1194
3843,3166
3844,5325
3845,9606
3846,2429
3847,782
3848,4399
3849,5153
3850,8876
3851,4258
3852,7290
3853,1181
3854,3254
3855,3536
3856,3245
3857,5449
3858,1286
3859,4597
3860,9800
3861,5299
3862,6709
3863,6495
3864,4656
3865,4992
3866,9374
3867,9643
3868,8678
3869,5576
3870,4889
3871,6035
3872,2206
3873,433
3874,190
3875,4516
3876,6471
3877,8054
3878,4214
3879,4493
3880,1577
3881,8712
3882,1727
3883,6572
3884,7591
3885,909
3886,9230
3887,6866
3888,8961
3889,4536
3890,7539
3891,9712
3892,7614
3893,7508
3894,8767
3895,8823
3896,9137
3897,3382
3898,2150
3899,3833
3900,9473
3901,2262
3902,8163
3903,6956
3904,2175
3905,4595
3906,6369
3907,3356
3908,7018
3909,4847
3910,1158
3911,6090
3912,3175
3913,9350
3914,4989
3915,7430
3916,9950
3917,2271
3918,2331
3919,4895
3920,2211
3921,4385
3922,6768
3923,864
3924,1630
3925,9813
3926,3311
3927,2285
3928,5823
3929,8901
3930,9725
3931,4796
3932,7537
3933,5974
3934,6428
3935,2016
3936,2327
3937,4078
3938,2723
3939,5770
3940,8765
3941,9151
3942,3025
3943,637
3944,2930
3945,6731
3946,2821
3947,228
3948,4060
3949,9536
3950,242
3951,6316
3952,587
3953,2060
3954,7305
3955,8317
3956,333
3957,3314
3958,2027
3959,1227
3960,8451
3961,2153
3962,9271
3963,2314
3964,8964
3965,1475
3966,4339
3967,7176
3968,7449
3969,269
3970,951
3971,6311
3972,7310
3973,7030
3974,7613
3975,7065
3976,8547
3977,5354
3978,7132
3979,6657
3980,894
3981,4384
3982,9133
3983,7505
3984,8470
3985,8625
3986,5417
3987,7859
3988,8198
3989,2317
3990,6823
3991,9927
3992,9267
3993,1237
3994,8194
3995,2948
3996,4408
3997,4714
3998,4906
3999,169
4000,5592
4001,5645
4002,4815
4003,114
4004,4647
4005,2643
4006,1683
4007,2267
4008,9257
4009,5544
4010,4169
4011,5174
4012,7276
4013,7288
4014,4090
4015,541
4016,9948
4017,6036
4018,3118
4019,1208
4020,3355
4021,9538
4022,4315
4023,7294
4024,3450
4025,856
4026,2604
4027,4873
4028,6912
4029,4064
4030,6050
4031,3691
4032,6390
4033,7646
4034,7131
4035,642
4036,8594
4037,4766
4038,6327
4039,6368
4040,2555
4041,7574
4042,5277
4043,8193
4044,4398
4045,4752
4046,868
4047,6844
4048,9585
4049,6231
4050,8082
4051,4538
4052,5437
4053,9989
4054,3909
4055,2937
4056,9820
4057,7940
4058,8503
4059,1277
4060,3167
4061,306
4062,4463
4063,1841
4064,6620
4065,2394
4066,2201
4067,4414
4068,4932
4069,8294
4070,3208
4071,4290
4072,6922
4073,6782
4074,5882
4075,4321
4076,9189
4077,3146
4078,987
4079,8277
4080,8047
4081,9951
4082,9703
4083,4942
4084,1887
4085,999
4086,9493
4087,8656
4088,5438
4089,3322
4090,3031
4091,3965
4092,6132
4093,6193
4094,8918
4095,1307
4096,4541
4097,427
4098,1673
4099,298
4100,7300
4101,4668
4102,7446
4103,2967
4104,1701
4105,1292
4106,2839
4107,1167
4108,7363
4109,2734
4110,7662
4111,9219
4112,5529
4113,9592
4114,9730
4115,4014
4116,5388
4117,1627
4118,4304
4119,2092
4120,7400
4121,7001
4122,6642
4123,8301
4124,1129
4125,2644
4126,5856
4127,1644
4128,8443
4129,4864
4130,4244
4131,7224
4132,2538
4133,363
4134,6008
4135,5529
4136,7367
4137,8392
4138,1273
4139,4879
4140,7417
4141,1479
4142,3716
4143,8188
4144,5279
4145,151
4146,4690
4147,5964
4148,6840
4149,5261
4150,2775
4151,3121
4152,7341
4153,7705
4154,570
4155,2122
4156,5084
4157,9325
4158,2290
4159,4681
4160,4257
4161,6857
4162,1041
4163,8220
4164,6092
4165,5175
4166,8331
4167,5031
4168,7823
4169,3355
4170,628
4171,3825
4172,9174
4173,4091
4174,3482
4175,9452
4176,7074
4177,5674
4178,239
4179,9508
4180,1032
4181,493
4182,6319
4183,389
4184,4732
4185,5661
4186,1822
4187,9321
4188,1957
4189,4529
4190,5644
4191,4622
4192,712
4193,6372
4194,8747
4195,848
4196,7516
4197,9868
4198,6714
4199,7713
4200,2448
4201,2646
4202,6905
4203,200
4204,1168
4205,7009
4206,5133
4207,1695
4208,3960
4209,5150
4210,7746
4211,3080
4212,8785
4213,2240
4214,3279
4215,5532
4216,7260
4217,2548
4218,6175
4219,3310
4220,9794
4221,5009
4222,2295
4223,4278
4224,9750
4225,3436
4226,8499
4227,7475
4228,1759
4229,8966
4230,5997
4231,7536
4232,1944
4233,108
4234,443
4235,5456
4236,8156
4237,1727
4238,8418
4239,5519
4240,984
4241,2842
4242,4135
4243,8755
4244,4403
4245,7686
4246,3444
4247,5320
4248,1508
4249,6372
4250,9350
4251,6765
4252,2359
4253,7855
4254,4996
4255,7860
4256,6726
4257,4045
4258,2715
4259,5875
4260,7557
4261,9966
4262,4578
4263,7567
4264,5526
4265,409
4266,8639
4267,1236
4268,155
4269,9096
4270,6887
4271,1108
4272,2574
4273,8156
4274,5353
4275,6452
4276,4662
4277,8115
4278,4341
4279,7233
4280,5739
4281,2015
4282,5620
4283,9447
4284,9560
4285,3803
4286,1703
4287,9942
4288,4104
4289,5940
4290,505
4291,4855
4292,7877
4293,1207
4294,884
4295,7815
4296,3715
4297,8559
4298,5091
4299,6406
4300,4986
4301,4714
4302,5592
4303,2336
4304,8284
4305,671
4306,2342
4307,4449
4308,2154
4309,1059
4310,6465
4311,9043
4312,3942
4313,2828
4314,7479
4315,3315
4316,2539
4317,5197
4318,940
4319,6072
4320,8979
4321,6684
4322,4088
4323,4497
4324,8228
4325,841
4326,3924
4327,245
4328,7752
4329,7984
4330,5722
4331,8415
4332,7396
4333,9196
4334,4258
4335,9885
4336,8744
4337,7626
4338,6746
4339,1546
4340,9134
4341,2429
4342,259
4343,9929
4344,2787
4345,5919
4346,6468
4347,577
4348,1043
4349,431
4350,991
4351,2290
4352,7603
4353,3530
4354,8195
4355,7616
4356,1846
4357,5388
4358,8967
4359,1190
4360,5949
4361,3396
4362,7318
4363,1775
4364,1228
4365,8718
4366,2668
4367,8041
4368,8189
4369,5590
4370,1844
4371,912
4372,441
4373,8551
4374,9210
4375,4387
4376,3991
4377,4092
4378,2182
4379,506
4380,673
4381,3623
4382,8742
4383,385
4384,4452
4385,4246
4386,2056
4387,7999
4388,375
4389,9481
4390,1614
4391,2150
4392,6610
4393,2608
4394,9804
4395,104
4396,4315
4397,8473
4398,9227
4399,6648
4400,8023
4401,534
4402,2403
4403,7081
4404,4376
4405,2335
4406,3450
4407,389
4408,352
4409,1174
4410,9349
4411,5483
4412,2027
4413,3981
4414,7554
4415,2662
4416,874
4417,874
4418,5417
4419,787
4420,8435
4421,1936
4422,1164
4423,3372
4424,2993
4425,4287
4426,9397
4427,2124
4428,4139
4429,3392
4430,2775
4431,6628
4432,5381
4433,4028
4434,3960
4435,2579
4436,5347
4437,3061
4438,8615
4439,7713
4440,5153
4441,5213
4442,7976
4443,3631
4444,6480
4445,1454
4446,3325
4447,9608
4448,9022
4449,4994
4450,5681
4451,712
4452,164
4453,6634
4454,5209
4455,9007
4456,6646
4457,9603
4458,2094
4459,372
4460,7718
4461,5481
4462,9327
4463,6943
4464,8550
4465,4595
4466,4560
4467,6410
4468,3942
4469,2678
4470,1282
4471,8618
4472,4033
4473,9677
4474,4185
4475,5211
4476,4951
4477,6298
4478,2852
4479,4318
4480,3827
4481,1849
4482,9407
4483,5921
4484,3737
4485,2757
4486,3601
4487,2400
4488,1952
4489,8415
4490,175
4491,5617
4492,8591
4493,487
4494,2104
4495,2075
4496,4217
4497,5079
4498,9178
4499,3069
4500,218
4501,8265
4502,9098
4503,1250
4504,9013
4505,7242
4506,1322
4507,2672
4508,1666
4509,7608
4510,7390
4511,5725
4512,5032
4513,6262
4514,7590
4515,637
4516,3457
4517,8482
4518,5553
4519,3601
4520,9327
4521,4600
4522,2421
4523,5306
4524,1956
4525,6478
4526,303
4527,5707
4528,354
4529,7646
4530,8553
4531,2290
4532,2355
4533,549
4534,278
4535,978
4536,3427
4537,2078
4538,6969
4539,276
4540,8847
4541,3699
4542,1418
4543,2088
4544,3735
4545,303
4546,5533
4547,4602
4548,6077
4549,8357
4550,9668
4551,6901
4552,6169
4553,1741
4554,1307
4555,5139
4556,4175
4557,8174
4558,5404
4559,7216
4560,226
4561,551
4562,2324
4563,6499
4564,8698
4565,2723
4566,6447
4567,4059
4568,9842
4569,7074
4570,3291
4571,2213
4572,4052
4573,9160
4574,5267
4575,744
4576,4098
4577,7136
4578,6822
4579,6114
4580,9250
4581,4037
4582,2547
4583,4797
4584,1485
4585,8423
4586,5841
4587,2956
4588,2876
4589,9293
4590,3405
4591,8373
4592,6459
4593,8356
4594,1139
4595,2143
4596,4296
4597,312
4598,9133
4599,5580
4600,3274
4601,1922
4602,8188
4603,9771
4604,9526
4605,1983
4606,8501
4607,8808
4608,6670
4609,1947
4610,3623
4611,8927
4612,7564
4613,1013
4614,8377
4615,6018
4616,9658
4617,8467
4618,8402
4619,612
4620,373
4621,7503
4622,990
4623,6204
4624,5700
4625,4538
4626,6831
4627,2623
4628,9678
4629,4607
4630,9444
4631,539
4632,3128
4633,7434
4634,1174
4635,6916
4636,2102
4637,4643
4638,1870
4639,9228
4640,4520
4641,5520
4642,2836
4643,8756
4644,9559
4645,6874
4646,2100
4647,9894
4648,9892
4649,7002
4650,5808
4651,2426
4652,5419
4653,159
4654,7859
4655,3503
4656,6849
4657,6959
4658,5612
4659,6950
4660,2761
4661,253
4662,1737
4663,8639
4664,8533
4665,2761
4666,3398
4667,4387
4668,1996
4669,497
4670,573
4671,7359
4672,1706
4673,4124
4674,2138
4675,6458
4676,3570
4677,8486
4678,7038
4679,9745
4680,7563
4681,1134
4682,841
4683,2954
4684,6670
4685,945
4686,4648
4687,4466
4688,8458
4689,6392
4690,5126
4691,6539
4692,6104
4693,4895
4694,1289
4695,5595
4696,4322
4697,4632
4698,4480
4699,2287
4700,7675
4701,4058
4702,5337
4703,2192
4704,5929
4705,7718
4706,2982
4707,2792
4708,8409
4709,8013
4710,4294
4711,7008
4712,6358
4713,139
4714,5774
4715,3935
4716,2115
4717,2185
4718,122
4719,9938
4720,5794
4721,9484
4722,1911
4723,4717
4724,4114
4725,4455
4726,9049
4727,8153
4728,7725
4729,2314
4730,7971
4731,7280
4732,474
4733,4213
4734,6612
4735,3401
4736,6293
4737,319
4738,7969
4739,1948
4740,2811
4741,8268
4742,9002
4743,3763
4744,286
4745,6128
4746,3459
4747,1855
4748,9612
4749,2776
4750,3615
4751,9100
4752,3008
4753,384
4754,9896
4755,6711
4756,3136
4757,2883
4758,3845
4759,4710
4760,6991
4761,367
4762,7638
4763,7975
4764,6258
4765,8536
4766,2278
4767,1706
4768,305
4769,7121
4770,327
4771,4925
4772,3262
4773,2648
4774,6873
4775,5098
4776,927
4777,3538
4778,7816
4779,526
4780,237
4781,4068
4782,8582
4783,7810
4784,9974
4785,2944
4786,7534
4787,4211
4788,3916
4789,8768
4790,5467
4791,393
4792,144
4793,7326
4794,7381
4795,6711
4796,5937
4797,4423
4798,9454
4799,1901
4800,7029
4801,418
4802,7325
4803,7544
4804,7582
4805,8067
4806,3213
4807,6967
4808,9596
4809,8923
4810,6148
4811,7617
4812,6653
4813,9756
4814,1625
4815,3735
4816,3975
4817,3205
4818,1134
4819,6731
4820,722
4821,2112
4822,3029
4823,6284
4824,1524
4825,5937
4826,4374
4827,3360
4828,6377
4829,2786
4830,1873
4831,835
4832,933
4833,2802
4834,6740
4835,8094
4836,423
4837,3128
4838,8351
4839,1200
4840,6720
4841,419
4842,6144
4843,3401
4844,1340
4845,8682
4846,2099
4847,4405
4848,9244
4849,6051
4850,1227
4851,2898
4852,7365
4853,7182
4854,5693
4855,5003
4856,1420
4857,421
4858,852
4859,3194
4860,9804
4861,999
4862,7794
4863,7310
4864,2190
4865,4033
4866,377
4867,8147
4868,9540
4869,2727
4870,6672
4871,8269
4872,1608
4873,7768
4874,3393
4875,6627
4876,7839
4877,3987
4878,7799
4879,6622
4880,523
4881,6751
4882,5807
4883,9899
4884,1094
4885,7551
4886,462
4887,5397
4888,6153
4889,8140
4890,7155
4891,7372
4892,3258
4893,4062
4894,7695
4895,4316
4896,1812
4897,9482
4898,5715
4899,2888
4900,2159
4901,3425
4902,8780
4903,433
4904,6790
4905,5613
4906,4298
4907,9065
4908,8910
4909,1189
4910,9564
4911,9253
4912,1344
4913,6932
4914,1881
4915,2982
4916,1576
4917,1436
4918,6992
4919,2566
4920,3461
4921,9271
4922,9761
4923,135
4924,7354
4925,4539
4926,8978
4927,3742
4928,9362
4929,3759
4930,6065
4931,3626
4932,7898
4933,2123
4934,4212
4935,1165
4936,3929
4937,7312
4938,6936
4939,4230
4940,1705
4941,1478
4942,5484
4943,920
4944,5310
4945,2544
4946,7882
4947,7074
4948,7295
4949,2317
4950,1343
4951,3660
4952,125
4953,7288
4954,522
4955,7720
4956,7182
4957,5330
4958,1376
4959,3837
4960,7776
4961,2079
4962,1845
4963,3978
4964,7805
4965,4002
4966,1156
4967,9432
4968,5509
4969,3593
4970,5754
4971,2619
4972,4662
4973,2902
4974,2425
4975,1259
4976,4854
4977,9148
4978,3086
4979,5847
4980,489
4981,6843
4982,2706
4983,962
4984,3934
4985,1928
4986,2575
4987,6042
4988,779
4989,7941
4990,9528
4991,7288
4992,6316
4993,2469
4994,7406
4995,608
4996,6423
4997,3969
4998,1879
4999,6999
5000,7132
5001,6076
5002,3422
5003,1809
5004,2718
5005,3728
5006,4843
5007,225
5008,8955
5009,4534
5010,5626
5011,7496
5012,2083
5013,1842
5014,1525
5015,3905
5016,9429
5017,7819
5018,1270
5019,1366
5020,4691
5021,4614
5022,1244
5023,8632
5024,4307
5025,4251
5026,8759
5027,9932
5028,3586
5029,4499
5030,7180
5031,9276
5032,5582
5033,9381
5034,3759
5035,7358
5036,8747
5037,2174
5038,9289
5039,342
5040,2873
5041,7673
5042,4971
5043,9240
5044,2789
5045,1347
5046,3141
5047,6170
5048,5882
5049,4545
5050,5168
5051,913
5052,2564
5053,6699
5054,6057
5055,7973
5056,1929
5057,1005
5058,5610
5059,3923
5060,8153
5061,7072
5062,4673
5063,771
5064,8783
5065,6420
5066,637
5067,6884
5068,3785
5069,4138
5070,6779
5071,2484
5072,3357
5073,4213
5074,4998
5075,5355
5076,7837
5077,6535
5078,2957
5079,5671
5080,1294
5081,4855
5082,5001
5083,5654
5084,3395
5085,896
5086,8642
5087,6694
5088,8237
5089,695
5090,7397
5091,8459
5092,1167
5093,6015
5094,8320
5095,3567
5096,8835
5097,8283
5098,9967
5099,516
5100,9482
5101,4249
5102,1477
5103,5359
5104,1001
5105,8387
5106,4415
5107,6948
5108,5789
5109,4600
5110,6925
5111,8610
5112,8898
5113,8965
5114,7756
5115,9912
5116,2327
5117,8612
5118,4937
5119,1357
5120,5073
5121,9920
5122,1223
5123,9148
5124,8993
5125,6304
5126,1429
5127,1564
5128,7006
5129,1796
5130,9116
5131,5968
5132,4399
5133,9930
5134,8796
5135,1684
5136,4293
5137,7547
5138,7271
5139,3055
5140,3699
5141,1093
5142,8222
5143,9463
5144,8492
5145,9290
5146,8342
5147,5935
5148,8440
5149,7689
5150,3320
5151,6460
5152,9861
5153,2854
5154,4421
5155,3724
5156,8731
5157,3674
5158,1033
5159,6366
5160,3968
5161,9474
5162,9890
5163,3740
5164,4709
5165,3845
5166,9878
5167,7810
5168,3960
5169,4123
5170,8857
5171,3336
5172,6979
5173,2279
5174,7121
5175,2525
5176,5360
5177,3548
5178,2735
5179,3519
5180,6109
5181,4946
5182,9550
5183,4285
5184,4957
5185,4840
5186,6869
5187,9813
5188,484
5189,4881
5190,9767
5191,9562
5192,3498
5193,8021
5194,3653
5195,9554
5196,4408
5197,4778
5198,5362
5199,2353
5200,2379
5201,9269
5202,8961
5203,8710
5204,2200
5205,4839
5206,8985
5207,5228
5208,948
5209,4842
5210,570
5211,5041
5212,8417
5213,3718
5214,6720
5215,2433
5216,2710
5217,6605
5218,5507
5219,2027
5220,3185
5221,7721
5222,6075
5223,7231
5224,5834
5225,6574
5226,3890
5227,995
5228,945
5229,1104
5230,693
5231,1809
5232,8749
5233,9200
5234,3429
5235,7839
5236,6261
5237,8750
5238,686
5239,9290
5240,1540
5241,6887
5242,9806
5243,6248
5244,4423
5245,1044
5246,1670
5247,596
5248,6612
5249,9127
5250,8014
5251,670
5252,6196
5253,1839
5254,198
5255,8620
5256,9992
5257,3423
5258,6082
5259,7854
5260,6108
5261,2818
5262,3503
5263,8393
5264,5504
5265,3050
5266,478
5267,5530
5268,5261
5269,6115
5270,4015
5271,4212
5272,6361
5273,4065
5274,2283
5275,8231
5276,2774
5277,6257
5278,1672
5279,859
5280,6290
5281,5879
5282,5007
5283,473
5284,5203
5285,5723
5286,5075
5287,1330
5288,6846
5289,4562
5290,4305
5291,7875
5292,2142
5293,9471
5294,9269
5295,1616
5296,981
5297,3803
5298,1726
5299,1007
5300,8221
5301,1249
5302,1720
5303,2420
5304,9546
5305,5237
5306,6922
5307,5964
5308,9026
5309,150
5310,8086
5311,9709
5312,6217
5313,4680
5314,3180
5315,2921
5316,624
5317,8751
5318,8083
5319,9202
5320,7439
5321,6144
5322,7932
5323,3946
5324,9099
5325,6904
5326,1656
5327,1870
5328,4109
5329,146
5330,5794
5331,2400
5332,1763
5333,4653
5334,223
5335,7889
5336,9975
5337,1586
5338,941
5339,4860
5340,1462
5341,2454
5342,7723
5343,7149
5344,8829
5345,9651
5346,2270
5347,2286
5348,8118
5349,4646
5350,5868
5351,3695
5352,7892
5353,2703
5354,4852
5355,6738
5356,227
5357,3632
5358,4700
5359,1377
5360,6143
5361,9399
5362,2018
5363,8028
5364,802
5365,4941
5366,4221
5367,9367
5368,7023
5369,5191
5370,6541
5371,9848
5372,4006
5373,3257
5374,5690
5375,9839
5376,7582
5377,1870
5378,6279
5379,2778
5380,7536
5381,582
5382,6014
5383,8570
5384,4166
5385,9885
5386,5215
5387,6864
5388,8071
5389,2852
5390,355
5391,7411
5392,488
5393,2695
5394,8398
5395,755
5396,6869
5397,7388
5398,1356
5399,8013
5400,9635
5401,1862
5402,8444
5403,200
5404,170
5405,1959
5406,3877
5407,9808
5408,9377
5409,9772
5410,8059
5411,9880
5412,2619
5413,9283
5414,4974
5415,8897
5416,6050
5417,5683
5418,8384
5419,373
5420,4888
5421,608
5422,9169
5423,1193
5424,6081
5425,5175
5426,5244
5427,7581
5428,4338
5429,8903
5430,3368
5431,7308
5432,7207
5433,2977
5434,8610
5435,4906
5436,8115
5437,2485
5438,8924
5439,9544
5440,9522
5441,8729
5442,2887
5443,2385
5444,3890
5445,2363
5446,6701
5447,5006
5448,7143
5449,9810
5450,352
5451,6790
5452,508
5453,4216
5454,2256
5455,2442
5456,8099
5457,4509
5458,8520
5459,3603
5460,3026
5461,9582
5462,1690
5463,9193
5464,9628
5465,4318
5466,2019
5467,8518
5468,8949
5469,1822
5470,1889
5471,7707
5472,3735
5473,6412
5474,7127
5475,8341
5476,3126
5477,5856
5478,4690
5479,5318
5480,4141
5481,7351
5482,1329
5483,7049
5484,6108
5485,7810
5486,2871
5487,2178
5488,4285
5489,3484
5490,5552
5491,4857
5492,768
5493,6191
5494,7637
5495,7818
5496,4817
5497,7319
5498,214
5499,2578
5500,9224
5501,8933
5502,282
5503,1254
5504,2008
5505,8460
5506,3571
5507,3956
5508,317
5509,1978
5510,1650
5511,2716
5512,2563
5513,6096
5514,398
5515,2399
5516,2586
5517,5052
5518,6335
5519,7408
5520,3629
5521,9407
5522,2296
5523,6038
5524,1392
5525,1235
5526,2311
5527,1527
5528,279
5529,5873
5530,2841
5531,5490
5532,9184
5533,4088
5534,3362
5535,4502
5536,3406
5537,6562
5538,8878
5539,5081
5540,5848
5541,2243
5542,4331
5543,4360
5544,1400
5545,8982
5546,5671
5547,2144
5548,2949
5549,3121
5550,5289
5551,7871
5552,2064
5553,8033
5554,664
5555,6535
5556,3659
5557,2060
5558,1802
5559,4619
5560,4495
5561,4833
5562,2934
5563,9290
5564,6255
5565,3654
5566,102
5567,7110
5568,8275
5569,6077
5570,1843
5571,1572
5572,9211
5573,4786
5574,3813
5575,9850
5576,8719
5577,2050
5578,3326
5579,9011
5580,6115
5581,8637
5582,6939
5583,8871
5584,3845
5585,3987
5586,8927
5587,6067
5588,5521
5589,2929
5590,7754
5591,4508
5592,8249
5593,1482
5594,8802
5595,7960
5596,9143
5597,7154
5598,4558
5599,7301
5600,5305
5601,5439
5602,6995
5603,9575
5604,5588
5605,8653
5606,8234
5607,736
5608,7353
5609,1749
5610,2991
5611,6186
5612,7085
5613,1738
5614,5817
5615,3586
5616,8269
5617,5478
5618,4414
5619,6071
5620,8201
5621,2736
5622,2743
5623,8522
5624,2123
5625,8506
5626,1640
5627,3820
5628,1348
5629,4909
5630,7473
5631,104
5632,5122
5633,5888
5634,8703
5635,1147
5636,4101
5637,3249
5638,2710
5639,3468
5640,2745
5641,2358
5642,5525
5643,1721
5644,7024
5645,5650
5646,8536
5647,7284
5648,8757
5649,4342
5650,9355
5651,8849
5652,9465
5653,3989
5654,7302
5655,7569
5656,9607
5657,7844
5658,9949
5659,3166
5660,3610
5661,5413
5662,4665
5663,316
5664,4664
5665,3783
5666,3827
5667,7163
5668,1399
5669,2729
5670,8700
5671,5007
5672,7029
5673,4235
5674,3963
5675,7728
5676,2652
5677,3355
5678,1358
5679,4351
5680,1635
5681,2011
5682,7754
5683,4666
5684,1693
5685,4491
5686,5504
5687,9587
5688,4873
5689,2177
5690,4160
5691,7039
5692,9658
5693,6133
5694,3342
5695,1675
5696,6666
5697,6870
5698,7566
5699,9766
5700,2660
5701,6624
5702,6456
5703,9848
5704,8865
5705,4922
5706,5644
5707,7193
5708,606
5709,1774
5710,6612
5711,4824
5712,6354
5713,1432
5714,1004
5715,5061
5716,5721
5717,3484
5718,4258
5719,3851
5720,338
5721,4141
5722,5136
5723,556
5724,6756
5725,7463
5726,9751
5727,178
5728,1584
5729,4324
5730,9296
5731,711
5732,4258
5733,1006
5734,8427
5735,9143
5736,6277
5737,6438
5738,3769
5739,724
5740,1458
5741,269
5742,4390
5743,9868
5744,3658
5745,477
5746,7534
5747,4873
5748,6933
5749,9188
5750,9205
5751,2541
5752,7148
5753,4022
5754,2690
5755,1928
5756,6989
5757,169
5758,6867
5759,2121
5760,9538
5761,1108
5762,3212
5763,4534
5764,8498
5765,6025
5766,1366
5767,9685
5768,7039
5769,3070
5770,2671
5771,9168
5772,9878
5773,8308
5774,6912
5775,8710
5776,8294
5777,3875
5778,4791
5779,6379
5780,6276
5781,5532
5782,8154
5783,1687
5784,4067
5785,2126
5786,1054
5787,6104
5788,8590
5789,6297
5790,9215
5791,4821
5792,1395
5793,5683
5794,2211
5795,9225
5796,6383
5797,8961
5798,4425
5799,8561
5800,5864
5801,9268
5802,543
5803,7679
5804,4850
5805,1336
5806,7108
5807,9069
5808,3609
5809,2286
5810,5209
5811,2013
5812,6793
5813,7314
5814,7093
5815,8824
5816,2254
5817,9388
5818,3069
5819,4444
5820,2215
5821,1886
5822,4026
5823,1407
5824,8313
5825,960
5826,8075
5827,4645
5828,3107
5829,9910
5830,8353
5831,9768
5832,6967
5833,1097
5834,5193
5835,2580
5836,2443
5837,8407
5838,4650
5839,2663
5840,6534
5841,4477
5842,5206
5843,7522
5844,9024
5845,7840
5846,6091
5847,5498
5848,4299
5849,331
5850,5205
5851,125
5852,8117
5853,9557
5854,3166
5855,8086
5856,1470
5857,7865
5858,5473
5859,3210
5860,8664
5861,1069
5862,8768
5863,5836
5864,7692
5865,9845
5866,9700
5867,6068
5868,751
5869,2982
5870,4226
5871,6881
5872,1675
5873,9057
5874,1079
5875,7698
5876,7219
5877,6541
5878,7571
5879,9506
5880,9093
5881,9196
5882,7022
5883,2392
5884,1687
5885,4426
5886,8343
5887,6481
5888,2741
5889,3229
5890,6631
5891,3794
5892,8214
5893,7946
5894,115
5895,2336
5896,4669
5897,5717
5898,6543
5899,401
5900,3867
5901,698
5902,3179
5903,7949
5904,6377
5905,1428
5906,3323
5907,235
5908,7742
5909,1935
5910,3424
5911,2238
5912,4337
5913,9299
5914,982
5915,638
5916,2965
5917,1071
5918,449
5919,4574
5920,3612
5921,3036
5922,6492
5923,1026
5924,7490
5925,5278
5926,5995
5927,7751
5928,2583
5929,5390
5930,5824
5931,8624
5932,5571
5933,4345
5934,7386
5935,7827
5936,8701
5937,7987
5938,3268
5939,3863
5940,9519
5941,2489
5942,9462
5943,2380
5944,9648
5945,7982
5946,5748
5947,7812
5948,1693
5949,4238
5950,4519
5951,1442
5952,5980
5953,1277
5954,1602
5955,5647
5956,4821
5957,9498
5958,4202
5959,4658
5960,3349
5961,905
5962,9244
5963,9170
5964,7034
5965,8916
5966,4999
5967,5555
5968,6903
5969,2163
5970,7086
5971,4621
5972,2145
5973,1831
5974,1924
5975,7293
5976,3326
5977,8412
5978,2521
5979,8880
5980,6239
5981,9232
5982,9536
5983,7498
5984,3069
5985,1925
5986,2284
5987,4857
5988,9860
5989,8966
5990,9665
5991,1819
5992,2957
5993,7017
5994,3455
5995,836
5996,3120
5997,2208
5998,362
5999,3437
6000,848
6001,5582
6002,2897
6003,5196
6004,4153
6005,6379
6006,6497
6007,8300
6008,3065
6009,2504
6010,6968
6011,7075
6012,488
6013,9460
6014,8377
6015,7325
6016,1714
6017,1562
6018,5579
6019,4774
6020,901
6021,2885
6022,4389
6023,5193
6024,1859
6025,363
6026,6969
6027,5564
6028,8033
6029,2138
6030,8476
6031,8343
6032,6522
6033,2188
6034,4489
6035,6328
6036,8740
6037,7725
6038,2440
6039,8222
6040,1428
6041,8089
6042,2602
6043,4283
6044,5076
6045,5443
6046,2737
6047,9412
6048,6675
6049,947
6050,578
6051,8064
6052,1632
6053,101
6054,9951
6055,9927
6056,453
6057,4155
6058,1270
6059,2836
6060,497
6061,862
6062,5168
6063,6733
6064,2167
6065,5427
6066,7349
6067,4549
6068,6683
6069,9038
6070,3653
6071,424
6072,9272
6073,3187
6074,4721
6075,9934
6076,9138
6077,9771
6078,9147
6079,5665
6080,5377
6081,2120
6082,7450
6083,2575
6084,9132
6085,2795
6086,2898
6087,8360
6088,3388
6089,6751
6090,4822
6091,9626
6092,1800
6093,294
6094,6723
6095,1974
6096,1161
6097,8151
6098,3151
6099,1885
6100,1448
6101,4085
6102,3008
6103,4647
6104,668
6105,9894
6106,8512
6107,7703
6108,6164
6109,8568
6110,2552
6111,5940
6112,1881
6113,246
6114,5960
6115,8925
6116,1652
6117,8049
6118,3512
6119,6873
6120,9569
6121,7490
6122,5855
6123,2804
6124,1539
6125,4684
6126,2602
6127,1105
6128,8614
6129,4514
6130,7291
6131,3017
6132,1483
6133,5903
6134,200
6135,230
6136,6861
6137,9368
6138,6934
6139,6670
6140,2962
6141,6694
6142,5654
6143,143
6144,1640
6145,7824
6146,8270
6147,3056
6148,5509
6149,7936
6150,2691
6151,9355
6152,9629
6153,4602
6154,5398
6155,8381
6156,7446
6157,7433
6158,6009
6159,9114
6160,6956
6161,589
6162,7694
6163,9193
6164,8654
6165,3835
6166,2261
6167,2904
6168,1427
6169,6683
6170,1524
6171,5287
6172,4697
6173,7236
6174,1108
6175,9104
6176,3272
6177,178
6178,5202
6179,9278
6180,4378
6181,6049
6182,389
6183,6917
6184,9593
6185,688
6186,9198
6187,1772
6188,1911
6189,2237
6190,8314
6191,8484
6192,7796
6193,3888
6194,156
6195,1519
6196,3322
6197,1674
6198,1790
6199,2522
6200,7541
6201,6719
6202,9556
6203,9684
6204,6935
6205,8772
6206,7087
6207,8604
6208,247
6209,7531
6210,8350
6211,4419
6212,5968
6213,4497
6214,3730
6215,3496
6216,5182
6217,7152
6218,3371
6219,1048
6220,7778
6221,3810
6222,8273
6223,4907
6224,615
6225,343
6226,8486
6227,5089
6228,785
6229,2998
6230,6682
6231,9054
6232,6058
6233,619
6234,9683
6235,8278
6236,7238
6237,6075
6238,3574
6239,389
6240,6672
6241,3284
6242,4189
6243,6781
6244,4855
6245,7537
6246,8081
6247,558
6248,5366
6249,2837
6250,808
6251,5830
6252,4030
6253,7283
6254,5297
6255,4355
6256,294
6257,3050
6258,8992
6259,8041
6260,4720
6261,7525
6262,975
6263,5487
6264,1672
6265,5370
6266,8202
6267,9535
6268,9144
6269,5146
6270,553
6271,8987
6272,8307
6273,8788
6274,438
6275,9248
6276,6041
6277,4707
6278,7006
6279,6983
6280,5950
6281,962
6282,885
6283,4299
6284,326
6285,3061
6286,4955
6287,2894
6288,7097
6289,9934
6290,9936
6291,1618
6292,5206
6293,8828
6294,7591
6295,6076
6296,3326
6297,719
6298,887
6299,6643
6300,6225
6301,7861
6302,8904
6303,6943
6304,8455
6305,4028
6306,4926
6307,791
6308,2164
6309,6349
6310,896
6311,2261
6312,4333
6313,935
6314,5090
6315,5191
6316,5476
6317,1947
6318,2098
6319,3395
6320,2230
6321,5255
6322,3061
6323,8014
6324,7511
6325,5872
6326,3430
6327,1982
6328,883
6329,5015
6330,9068
6331,7827
6332,3883
6333,9567
6334,7156
6335,406
6336,9104
6337,4496
6338,6542
6339,4535
6340,1897
6341,9781
6342,2382
6343,7588
6344,4211
6345,8446
6346,1794
6347,1894
6348,8683
6349,6533
6350,581
6351,8774
6352,8835
6353,6691
6354,2191
6355,2381
6356,5418
6357,6834
6358,1760
6359,4558
6360,7807
6361,8822
6362,5660
6363,6922
6364,861
6365,5665
6366,645
6367,1856
6368,7650
6369,2682
6370,9643
6371,7201
6372,2973
6373,5811
6374,1498
6375,4391
6376,8492
6377,7136
6378,7533
6379,4147
6380,6116
6381,3717
6382,7370
6383,2317
6384,2519
6385,9243
6386,2001
6387,9529
6388,2632
6389,7104
6390,924
6391,2769
6392,2156
6393,8470
6394,3850
6395,6121
6396,226
6397,2047
6398,5704
6399,9433
6400,5965
6401,9514
6402,6087
6403,3184
6404,9543
6405,1460
6406,1021
6407,7156
6408,9697
6409,674
6410,4065
6411,6453
6412,8102
6413,3369
6414,5165
6415,4213
6416,6852
6417,4171
6418,9303
6419,5354
6420,1260
6421,3922
6422,5139
6423,8961
6424,6725
6425,5574
6426,112
6427,928
6428,4630
6429,9405
6430,2744
6431,8251
6432,1963
6433,9043
6434,2175
6435,8019
6436,4273
6437,5888
6438,7656
6439,6498
6440,7755
6441,8958
6442,6980
6443,2057
6444,8580
6445,2310
6446,6413
6447,149
6448,6392
6449,1620
6450,2295
6451,8746
6452,4186
6453,4986
6454,7896
6455,1494
6456,9300
6457,2997
6458,3137
6459,7211
6460,1156
6461,6704
6462,9353
6463,801
6464,7799
6465,3966
6466,200
6467,1662
6468,9581
6469,1894
6470,1589
6471,4607
6472,2156
6473,9027
6474,5841
6475,9926
6476,9620
6477,939
6478,1000
6479,7812
6480,9133
6481,1993
6482,738
6483,6766
6484,109
6485,1011
6486,6485
6487,2225
6488,3287
6489,9448
6490,9745
6491,5211
6492,6140
6493,3081
6494,9891
6495,5668
6496,739
6497,5918
6498,9745
6499,1176
6500,9654
6501,1778
6502,4194
6503,883
6504,2243
6505,156
6506,3469
6507,3389
6508,1044
6509,9334
6510,7281
6511,1265
6512,2397
6513,932
6514,7040
6515,6574
6516,1838
6517,6564
6518,5845
6519,7446
6520,7248
6521,8443
6522,9491
6523,8983
6524,5892
6525,8920
6526,7147
6527,5552
6528,5584
6529,9131
6530,5694
6531,151
6532,6081
6533,5215
6534,9868
6535,417
6536,9396
6537,5473
6538,8865
6539,7584
6540,3868
6541,9150
6542,807
6543,288
6544,642
6545,5567
6546,2596
6547,7206
6548,6760
6549,4942
6550,1628
6551,3350
6552,945
6553,722
6554,8460
6555,5510
6556,9293
6557,2246
6558,2141
6559,250
6560,8518
6561,7882
6562,6535
6563,2863
6564,1717
6565,9646
6566,3006
6567,8932
6568,3016
6569,9558
6570,5107
6571,8879
6572,2245
6573,8044
6574,1106
6575,3957
6576,6160
6577,3407
6578,2545
6579,4540
6580,4089
6581,6912
6582,3374
6583,4006
6584,3218
6585,4559
6586,5523
6587,9337
6588,3810
6589,7153
6590,1607
6591,4322
6592,4136
6593,5342
6594,8639
6595,9991
6596,4703
6597,1807
6598,8866
6599,3958
6600,4455
6601,543
6602,9301
6603,3155
6604,2031
6605,3666
6606,3951
6607,4643
6608,8204
6609,8231
6610,3123
6611,5328
6612,9281
6613,2866
6614,2859
6615,5919
6616,7188
6617,4439
6618,1149
6619,118
6620,4491
6621,3256
6622,4809
6623,7981
6624,2633
6625,8540
6626,3252
6627,805
6628,2427
6629,2426
6630,2855
6631,7832
6632,2547
6633,6137
6634,7677
6635,3908
6636,8510
6637,3797
6638,6572
6639,7981
6640,2104
6641,7166
6642,7852
6643,8903
6644,9703
6645,4758
6646,5555
6647,7488
6648,4649
6649,2049
6650,8365
6651,1052
6652,4660
6653,4126
6654,8097
6655,3998
6656,8978
6657,8607
6658,718
6659,2018
6660,5079
6661,4190
6662,4061
6663,1612
6664,8587
6665,536
6666,5373
6667,1648
6668,3125
6669,7909
6670,4926
6671,9378
6672,688
6673,3377
6674,6113
6675,3857
6676,2507
6677,1133
6678,5345
6679,6908
6680,7072
6681,2005
6682,436
6683,6888
6684,3941
6685,170
6686,8011
6687,8290
6688,5381
6689,4651
6690,4063
6691,8068
6692,6543
6693,352
6694,3050
6695,4151
6696,919
6697,2323
6698,8011
6699,9843
6700,1310
6701,7000
6702,7177
6703,4775
6704,7759
6705,4432
6706,9326
6707,1361
6708,3392
6709,8793
6710,7171
6711,2322
6712,6339
6713,4934
6714,2757
6715,113
6716,7340
6717,6903
6718,3399
6719,4143
6720,2595
6721,7895
6722,5670
6723,3565
6724,2808
6725,450
6726,7916
6727,753
6728,1014
6729,7733
6730,7076
6731,5665
6732,8311
6733,7057
6734,3963
6735,9841
6736,840
6737,6947
6738,4603
6739,7930
6740,1402
6741,8725
6742,8153
6743,5910
6744,655
6745,6017
6746,2877
6747,6364
6748,6549
6749,5946
6750,8375
6751,8611
6752,612
6753,1994
6754,3422
6755,9708
6756,1030
6757,7542
6758,5738
6759,9567
6760,4131
6761,6474
6762,4146
6763,1362
6764,693
6765,7073
6766,861
6767,1111
6768,9774
6769,4367
6770,3306
6771,845
6772,1136
6773,5352
6774,7344
6775,3518
6776,3773
6777,7051
6778,4880
6779,4219
6780,2069
6781,1234
6782,7731
6783,2695
6784,9726
6785,1089
6786,9721
6787,2733
6788,2724
6789,8259
6790,5673
6791,6690
6792,869
6793,5142
6794,9598
6795,2783
6796,5455
6797,8853
6798,8449
6799,8717
6800,6074
6801,4333
6802,3442
6803,5205
6804,8026
6805,7700
6806,3048
6807,6185
6808,2059
6809,9233
6810,8484
6811,7655
6812,930
6813,5677
6814,5437
6815,4017
6816,5919
6817,4684
6818,7138
6819,1389
6820,3256
6821,3514
6822,470
6823,5655
6824,4461
6825,8178
6826,2253
6827,9194
6828,5056
6829,693
6830,1251
6831,3833
6832,7601
6833,9173
6834,9095
6835,6759
6836,6710
6837,9641
6838,4601
6839,9913
6840,1352
6841,3898
6842,3286
6843,1529
6844,1114
6845,6459
6846,1251
6847,2399
6848,4180
6849,5287
6850,5212
6851,8683
6852,1211
6853,7670
6854,2037
6855,4814
6856,964
6857,5837
6858,7294
6859,6003
6860,388
6861,1286
6862,5145
6863,7328
6864,1834
6865,3659
6866,8410
6867,9117
6868,627
6869,3715
6870,5372
6871,4826
6872,5417
6873,9966
6874,4702
6875,3151
6876,436
6877,7790
6878,3861
6879,7414
6880,4057
6881,2592
6882,7983
6883,2370
6884,6544
6885,5764
6886,6919
6887,8242
6888,5908
6889,5504
6890,6006
6891,9882
6892,4867
6893,2642
6894,5040
6895,6643
6896,1302
6897,6301
6898,7696
6899,7425
6900,4466
6901,6547
6902,8717
6903,6803
6904,6308
6905,1988
6906,1854
6907,1693
6908,7563
6909,5174
6910,4886
6911,6353
6912,3499
6913,4125
6914,4265
6915,8535
6916,1307
6917,9934
6918,5048
6919,8232
6920,2714
6921,6440
6922,3838
6923,416
6924,7844
6925,3979
6926,4260
6927,1786
6928,5965
6929,7039
6930,583
6931,4009
6932,7437
6933,9727
6934,2862
6935,5305
6936,8190
6937,4865
6938,1145
6939,5679
6940,554
6941,2002
6942,5310
6943,2167
6944,2709
6945,8269
6946,5340
6947,1056
6948,6922
6949,3316
6950,3597
6951,6302
6952,1801
6953,4217
6954,5372
6955,1371
6956,1844
6957,2837
6958,6779
6959,218
6960,2815
6961,7768
6962,893
6963,6127
6964,3120
6965,4553
6966,8307
6967,7085
6968,6174
6969,9351
6970,3911
6971,9103
6972,9414
6973,1573
6974,1186
6975,9660
6976,3680
6977,9386
6978,345
6979,9266
6980,1253
6981,3890
6982,571
6983,9950
6984,1409
6985,8184
6986,1627
6987,4861
6988,596
6989,8379
6990,9470
6991,5079
6992,714
6993,9401
6994,3501
6995,9384
6996,500
6997,9970
6998,3359
6999,4427
7000,8475
7001,5517
7002,2996
7003,4624
7004,6756
7005,6519
7006,2651
7007,2173
7008,5274
7009,2614
7010,8271
7011,6317
7012,2486
7013,4749
7014,2629
7015,925
7016,3022
7017,5945
7018,3174
7019,7748
7020,8009
7021,1677
7022,9031
7023,5970
7024,4004
7025,7485
7026,8890
7027,7504
7028,8219
7029,5840
7030,6082
7031,697
7032,5294
7033,3407
7034,8231
7035,2348
7036,3268
7037,4491
7038,6025
7039,5692
7040,9555
7041,8272
7042,1534
7043,5145
7044,7053
7045,8449
7046,627
7047,4093
7048,5968
7049,3944
7050,4344
7051,9198
7052,1822
7053,553
7054,2411
7055,8091
7056,7698
7057,8542
7058,1401
7059,5482
7060,529
7061,5806
7062,7889
7063,1320
7064,6372
7065,7822
7066,5317
7067,6143
7068,6436
7069,6384
7070,3272
7071,6479
7072,8554
7073,2964
7074,508
7075,9792
7076,3013
7077,2255
7078,9024
7079,7973
7080,7988
7081,5010
7082,3835
7083,4395
7084,9931
7085,3730
7086,9455
7087,4317
7088,5914
7089,9843
7090,2498
7091,9520
7092,588
7093,8311
7094,8526
7095,8595
7096,3949
7097,6313
7098,2296
7099,5100
7100,8297
7101,5699
7102,6115
7103,1695
7104,3369
7105,6384
7106,2930
7107,5815
7108,4769
7109,9539
7110,1387
7111,3484
7112,4286
7113,6147
7114,5255
7115,3153
7116,6199
7117,147
7118,4198
7119,4654
7120,9348
7121,2985
7122,1633
7123,6569
7124,6889
7125,2947
7126,9725
7127,111
7128,537
7129,3063
7130,9846
7131,7604
7132,8613
7133,4719
7134,6062
7135,9449
7136,4664
7137,7298
7138,919
7139,8290
7140,3433
7141,432
7142,6864
7143,4486
7144,1281
7145,6781
7146,1007
7147,890
7148,9293
7149,3560
7150,9067
7151,6345
7152,2255
7153,2336
7154,1784
7155,8093
7156,5936
7157,6930
7158,9726
7159,1082
7160,4610
7161,9349
7162,496
7163,9215
7164,2028
7165,5831
7166,8664
7167,2574
7168,3449
7169,4683
7170,5679
7171,9627
7172,4563
7173,5769
7174,7521
7175,7578
7176,7590
7177,7456
7178,257
7179,4488
7180,5654
7181,6184
7182,7246
7183,6759
7184,2358
7185,1746
7186,1905
7187,2977
7188,9238
7189,8300
7190,2482
7191,9903
7192,7657
7193,8372
7194,4202
7195,1503
7196,1329
7197,646
7198,2107
7199,1683
7200,3588
7201,7616
7202,1189
7203,2537
7204,246
7205,5791
7206,2097
7207,423
7208,4691
7209,7151
7210,850
7211,4412
7212,8885
7213,7438
7214,609
7215,9601
7216,160
7217,3398
7218,3106
7219,4405
7220,1626
7221,6728
7222,5232
7223,4964
7224,1980
7225,4838
7226,2222
7227,8161
7228,9126
7229,9992
7230,8939
7231,446
7232,6691
7233,7980
7234,324
7235,6077
7236,1727
7237,9111
7238,5106
7239,1403
7240,3233
7241,7577
7242,629
7243,1344
7244,877
7245,9965
7246,9927
7247,6885
7248,1793
7249,6798
7250,1628
7251,3502
7252,2545
7253,9876
7254,2709
7255,1951
7256,2568
7257,5222
7258,5812
7259,170
7260,4993
7261,1281
7262,4645
7263,7458
7264,7888
7265,2736
7266,9594
7267,2999
7268,4089
7269,6833
7270,7285
7271,9032
7272,213
7273,4068
7274,2004
7275,5685
7276,1658
7277,347
7278,8577
7279,6300
7280,7231
7281,1497
7282,4362
7283,4279
7284,5709
7285,6981
7286,6747
7287,9897
7288,1158
7289,5574
7290,7672
7291,7697
7292,9716
7293,8811
7294,6933
7295,3021
7296,8960
7297,4991
7298,1766
7299,711
7300,1297
7301,2490
7302,5183
7303,2337
7304,423
7305,3741
7306,7023
7307,7337
7308,6981
7309,382
7310,6147
7311,510
7312,8739
7313,6974
7314,6026
7315,9414
7316,7115
7317,8013
7318,8265
7319,1040
7320,1614
7321,9405
7322,8101
7323,8379
7324,6445
7325,8230
7326,2032
7327,8282
7328,7742
7329,5613
7330,5136
7331,604
7332,9927
7333,4825
7334,4101
7335,5038
7336,7411
7337,3741
7338,3189
7339,3632
7340,234
7341,6237
7342,5335
7343,7715
7344,4718
7345,5101
7346,6341
7347,3456
7348,7042
7349,4177
7350,9874
7351,5064
7352,1048
7353,3197
7354,4223
7355,6328
7356,5065
7357,3002
7358,5095
7359,1542
7360,5758
7361,4361
7362,2989
7363,9231
7364,7908
7365,5878
7366,4503
7367,3513
7368,1048
7369,3290
7370,8134
7371,7792
7372,5750
7373,2827
7374,2948
7375,6299
7376,1482
7377,714
7378,8007
7379,3935
7380,5379
7381,1925
7382,4530
7383,9608
7384,6323
7385,4204
7386,594
7387,9290
7388,1069
7389,8411
7390,5525
7391,6283
7392,4199
7393,8816
7394,9165
7395,7907
7396,8157
7397,4504
7398,4963
7399,313
7400,7558
7401,9127
7402,9811
7403,4800
7404,8071
7405,6975
7406,9550
7407,3101
7408,4268
7409,5013
7410,3903
7411,4584
7412,1476
7413,4806
7414,4601
7415,8154
7416,992
7417,5347
7418,2815
7419,5496
7420,962
7421,3249
7422,4592
7423,3891
7424,2265
7425,8548
7426,6289
7427,1481
7428,7603
7429,835
7430,6155
7431,6625
7432,5350
7433,7648
7434,2442
7435,4419
7436,9462
7437,447
7438,4044
7439,5347
7440,3201
7441,8038
7442,295
7443,7208
7444,4540
7445,4587
7446,9104
7447,6156
7448,9156
7449,6094
7450,6048
7451,1940
7452,5222
7453,4993
7454,3002
7455,6505
7456,3992
7457,846
7458,9996
7459,516
7460,6469
7461,979
7462,8816
7463,6848
7464,8482
7465,2845
7466,7062
7467,7839
7468,8657
7469,1380
7470,5810
7471,545
7472,8913
7473,5166
7474,4859
7475,702
7476,6908
7477,7276
7478,3274
7479,7897
7480,7430
7481,6827
7482,8421
7483,2570
7484,4135
7485,2848
7486,1688
7487,9716
7488,1125
7489,1282
7490,7643
7491,2175
7492,5666
7493,8108
7494,6030
7495,7493
7496,1403
7497,3131
7498,6558
7499,4412
7500,3756
7501,7086
7502,1793
7503,5296
7504,5810
7505,9149
7506,6768
7507,8533
7508,4393
7509,4782
7510,3834
7511,9203
7512,4053
7513,1680
7514,7900
7515,9154
7516,9760
7517,1398
7518,1791
7519,6674
7520,4711
7521,6673
7522,3644
7523,8132
7524,6373
7525,9956
7526,283
7527,1092
7528,2540
7529,8374
7530,8045
7531,3741
7532,2609
7533,1061
7534,7307
7535,7304
7536,4102
7537,980
7538,5203
7539,2290
7540,347
7541,3650
7542,3660
7543,6652
7544,7645
7545,2140
7546,6803
7547,4206
7548,917
7549,7426
7550,216
7551,5685
7552,2631
7553,2408
7554,8980
7555,2061
7556,6422
7557,2603
7558,6429
7559,7249
7560,5204
7561,8682
7562,9214
7563,1808
7564,414
7565,2057
7566,9492
7567,9625
7568,9786
7569,9856
7570,8347
7571,8703
7572,7080
7573,1253
7574,1006
7575,1569
7576,8679
7577,9581
7578,4375
7579,2671
7580,1704
7581,565
7582,5436
7583,1076
7584,4840
7585,5184
7586,8948
7587,1173
7588,3321
7589,3234
7590,9589
7591,2555
7592,7941
7593,9084
7594,9625
7595,9708
7596,335
7597,4585
7598,8126
7599,2014
7600,4866
7601,4207
7602,3140
7603,7309
7604,2462
7605,6936
7606,3722
7607,6433
7608,3194
7609,8400
7610,2189
7611,9227
7612,1484
7613,841
7614,1898
7615,8408
7616,1809
7617,7222
7618,9315
7619,6034
7620,3150
7621,2083
7622,2879
7623,3801
7624,9011
7625,8752
7626,619
7627,6545
7628,6828
7629,4036
7630,305
7631,7149
7632,7679
7633,1856
7634,4048
7635,2083
7636,8101
7637,6255
7638,5340
7639,7943
7640,6205
7641,9843
7642,9676
7643,4937
7644,4514
7645,338
7646,6071
7647,225
7648,5771
7649,3600
7650,1341
7651,1415
7652,166
7653,2267
7654,1920
7655,9973
7656,3604
7657,4734
7658,9544
7659,4975
7660,5245
7661,1168
7662,697
7663,7626
7664,5529
7665,9095
7666,2337
7667,2284
7668,5268
7669,5611
7670,917
7671,2810
7672,8300
7673,2880
7674,5636
7675,2830
7676,353
7677,4558
7678,7956
7679,1958
7680,8215
7681,2357
7682,1798
7683,6531
7684,5238
7685,4506
7686,9030
7687,5421
7688,4370
7689,2146
7690,5541
7691,8551
7692,8531
7693,4557
7694,2686
7695,4995
7696,1585
7697,1571
7698,3316
7699,212
7700,7381
7701,9415
7702,8319
7703,3696
7704,1477
7705,5682
7706,5684
7707,6349
7708,1727
7709,4744
7710,1859
7711,7543
7712,2481
7713,1122
7714,9074
7715,4304
7716,1463
7717,8453
7718,2196
7719,7445
7720,5306
7721,7156
7722,724
7723,4585
7724,4190
7725,4082
7726,6325
7727,5605
7728,7949
7729,464
7730,6776
7731,4034
7732,1996
7733,6968
7734,7825
7735,8098
7736,1014
7737,3111
7738,6334
7739,282
7740,1212
7741,5664
7742,2188
7743,8505
7744,5550
7745,4507
7746,7793
7747,4630
7748,215
7749,1790
7750,6850
7751,4345
7752,6406
7753,7300
7754,8256
7755,9760
7756,9914
7757,3630
7758,1789
7759,2202
7760,5959
7761,5701
7762,631
7763,5513
7764,4616
7765,9948
7766,2961
7767,4236
7768,7470
7769,4122
7770,7748
7771,6184
7772,2150
7773,6110
7774,7975
7775,3675
7776,1235
7777,6396
7778,1275
7779,6014
7780,9706
7781,1843
7782,5819
7783,9114
7784,8500
7785,3762
7786,9444
7787,3702
7788,5809
7789,7832
7790,929
7791,2629
7792,3014
7793,6451
7794,7882
7795,7060
7796,8152
7797,6023
7798,3477
7799,3607
7800,4838
7801,8544
7802,156
7803,3217
7804,2880
7805,7302
7806,9884
7807,2425
7808,1951
7809,7527
7810,1604
7811,6499
7812,4151
7813,3883
7814,194
7815,2083
7816,5920
7817,8731
7818,8464
7819,1142
7820,4185
7821,6738
7822,8583
7823,1792
7824,8301
7825,3970
7826,4106
7827,4872
7828,8408
7829,6586
7830,5495
7831,2937
7832,5089
7833,1955
7834,9933
7835,4064
7836,3770
7837,2350
7838,3221
7839,4723
7840,3886
7841,8298
7842,634
7843,2825
7844,2473
7845,7399
7846,7553
7847,1167
7848,7358
7849,5734
7850,6268
7851,7076
7852,3114
7853,6600
7854,827
7855,4553
7856,6367
7857,3937
7858,9500
7859,7106
7860,1266
7861,5235
7862,4483
7863,1428
7864,5565
7865,8914
7866,3980
7867,5600
7868,1022
7869,8856
7870,4503
7871,5932
7872,7083
7873,6467
7874,3565
7875,3863
7876,7408
7877,2854
7878,463
7879,4870
7880,7428
7881,9525
7882,8723
7883,4095
7884,5389
7885,3307
7886,3507
7887,6427
7888,4134
7889,9707
7890,4869
7891,6353
7892,960
7893,7628
7894,651
7895,6974
7896,1517
7897,3862
7898,3912
7899,7269
7900,2094
7901,7880
7902,5712
7903,3679
7904,2807
7905,1209
7906,2390
7907,9978
7908,3930
7909,5924
7910,7154
7911,116
7912,4244
7913,2089
7914,4383
7915,1321
7916,5525
7917,225
7918,8893
7919,4789
7920,6601
7921,4133
7922,8291
7923,3213
7924,7875
7925,1149
7926,1758
7927,4165
7928,6864
7929,4419
7930,4395
7931,2827
7932,3317
7933,1667
7934,9535
7935,3597
7936,5175
7937,4506
7938,463
7939,4187
7940,144
7941,6361
7942,8375
7943,8496
7944,3690
7945,4865
7946,5756
7947,891
7948,9763
7949,8494
7950,7460
7951,8648
7952,5090
7953,9006
7954,3695
7955,2716
7956,4724
7957,5688
7958,9709
7959,689
7960,4672
7961,4326
7962,7876
7963,8178
7964,8085
7965,8299
7966,8072
7967,2143
7968,5671
7969,2588
7970,9742
7971,8147
7972,1284
7973,9980
7974,8606
7975,4942
7976,1384
7977,3614
7978,8879
7979,9078
7980,7300
7981,9818
7982,1876
7983,7441
7984,7226
7985,4915
7986,6478
7987,827
7988,5027
7989,3825
7990,1657
7991,4193
7992,4110
7993,8879
7994,773
7995,7366
7996,9416
7997,4804
7998,6199
7999,444
8000,1679
8001,8738
8002,9629
8003,8958
8004,6610
8005,1514
8006,3802
8007,8484
8008,6994
8009,2619
8010,9081
8011,5697
8012,9732
8013,2364
8014,7837
8015,8149
8016,6720
8017,3175
8018,7615
8019,8932
8020,6356
8021,9010
8022,6473
8023,5575
8024,180
8025,6201
8026,9132
8027,9424
8028,8030
8029,8876
8030,167
8031,7768
8032,4168
8033,1599
8034,375
8035,5893
8036,3422
8037,8663
8038,6881
8039,9780
8040,1587
8041,2814
8042,2643
8043,7582
8044,7528
8045,5535
8046,3610
8047,8559
8048,7751
8049,2152
8050,4320
8051,6039
8052,4697
8053,9386
8054,1319
8055,3649
8056,7629
8057,2844
8058,166
8059,3595
8060,5089
8061,5219
8062,9030
8063,3080
8064,8692
8065,9030
8066,192
8067,7710
8068,3151
8069,6151
8070,3388
8071,9825
8072,9120
8073,4434
8074,8937
8075,7227
8076,5252
8077,2361
8078,3597
8079,8916
8080,3760
8081,974
8082,3821
8083,2893
8084,4916
8085,9616
8086,7919
8087,6094
8088,2702
8089,636
8090,1917
8091,6382
8092,5743
8093,252
8094,9953
8095,1203
8096,2529
8097,2995
8098,737
8099,828
8100,7428
8101,7305
8102,2965
8103,4044
8104,9461
8105,3527
8106,2574
8107,8959
8108,1391
8109,9590
8110,7784
8111,9151
8112,6768
8113,9456
8114,1866
8115,6695
8116,9187
8117,505
8118,6571
8119,8320
8120,8245
8121,2329
8122,8761
8123,4264
8124,8784
8125,7716
8126,9506
8127,8727
8128,7660
8129,9986
8130,6705
8131,9616
8132,5408
8133,6513
8134,8501
8135,2746
8136,3121
8137,9781
8138,4343
8139,9246
8140,4425
8141,3130
8142,9095
8143,381
8144,3896
8145,4636
8146,9356
8147,3862
8148,2632
8149,6826
8150,7008
8151,1136
8152,4913
8153,8843
8154,768
8155,6175
8156,4422
8157,6680
8158,5978
8159,365
8160,5848
8161,3479
8162,5362
8163,7533
8164,3604
8165,7034
8166,7799
8167,9780
8168,3335
8169,2648
8170,1337
8171,9067
8172,2389
8173,535
8174,8053
8175,5557
8176,428
8177,9987
8178,3764
8179,3567
8180,8095
8181,8503
8182,7379
8183,9547
8184,588
8185,9115
8186,4327
8187,1812
8188,5078
8189,3319
8190,5940
8191,2847
8192,3746
8193,4327
8194,9698
8195,5333
8196,2238
8197,6700
8198,2402
8199,382
8200,629
8201,3092
8202,4602
8203,5859
8204,9853
8205,734
8206,6295
8207,5329
8208,4984
8209,6017
8210,1489
8211,1522
8212,6262
8213,3513
8214,5733
8215,2570
8216,8647
8217,4693
8218,8006
8219,9255
8220,9037
8221,979
8222,1899
8223,674
8224,4180
8225,7684
8226,8493
8227,3477
8228,5026
8229,2083
8230,3730
8231,9873
8232,6743
8233,2038
8234,6119
8235,3596
8236,1156
8237,9293
8238,2532
8239,5417
8240,9767
8241,540
8242,8836
8243,7021
8244,6046
8245,846
8246,4533
8247,917
8248,6807
8249,3336
8250,9987
8251,3954
8252,8815
8253,5264
8254,7327
8255,6290
8256,3077
8257,4014
8258,1611
8259,9470
8260,646
8261,4498
8262,8682
8263,9442
8264,7017
8265,3019
8266,4650
8267,769
8268,3639
8269,5015
8270,5521
8271,6901
8272,8311
8273,6099
8274,1702
8275,149
8276,891
8277,8612
8278,6470
8279,4322
8280,7107
8281,3788
8282,9220
8283,5336
8284,1789
8285,7077
8286,449
8287,5337
8288,8227
8289,9044
8290,3641
8291,982
8292,4571
8293,4878
8294,380
8295,5933
8296,4859
8297,1114
8298,3328
8299,6736
8300,5181
8301,7783
8302,1040
8303,954
8304,8267
8305,2329
8306,924
8307,8999
8308,4700
8309,9929
8310,8111
8311,5925
8312,4643
8313,8459
8314,3894
8315,1556
8316,1198
8317,6237
8318,325
8319,6154
8320,194
8321,487
8322,8480
8323,5632
8324,5916
8325,9493
8326,5845
8327,8068
8328,1710
8329,7405
8330,4044
8331,1768
8332,8186
8333,8153
8334,3682
8335,1904
8336,7372
8337,5019
8338,4387
8339,9911
8340,9807
8341,1533
8342,846
8343,3782
8344,6933
8345,2733
8346,1956
8347,683
8348,4556
8349,1480
8350,9658
8351,7288
8352,5753
8353,354
8354,7761
8355,1912
8356,2012
8357,3936
8358,3084
8359,6141
8360,3745
8361,8757
8362,6214
8363,476
8364,3652
8365,3693
8366,2561
8367,5071
8368,3036
8369,2634
8370,841
8371,603
8372,1417
8373,7403
8374,7145
8375,2480
8376,1374
8377,6265
8378,1488
8379,5114
8380,6569
8381,7946
8382,9165
8383,6122
8384,4569
8385,2039
8386,4570
8387,7348
8388,3204
8389,8224
8390,5479
8391,2177
8392,767
8393,2127
8394,7251
8395,8815
8396,9765
8397,5696
8398,8078
8399,5214
8400,866
8401,758
8402,5989
8403,9637
8404,3517
8405,4333
8406,1695
8407,4449
8408,6384
8409,8438
8410,4292
8411,5038
8412,8049
8413,1107
8414,1442
8415,880
8416,220
8417,5947
8418,1239
8419,8674
8420,6234
8421,9870
8422,2372
8423,2968
8424,4006
8425,3181
8426,3142
8427,9994
8428,9315
8429,3583
8430,231
8431,5537
8432,440
8433,4325
8434,3498
8435,659
8436,6151
8437,2782
8438,3394
8439,8784
8440,3632
8441,9869
8442,9619
8443,1449
8444,3449
8445,9378
8446,2444
8447,693
8448,7904
8449,5089
8450,1347
8451,9069
8452,3337
8453,5884
8454,4293
8455,4573
8456,7404
8457,8845
8458,7783
8459,192
8460,5115
8461,5884
8462,7396
8463,8475
8464,8026
8465,7288
8466,7466
8467,4488
8468,5353
8469,287
8470,776
8471,4719
8472,7799
8473,1778
8474,419
8475,8960
8476,963
8477,4451
8478,1088
8479,9140
8480,7870
8481,1244
8482,5705
8483,4472
8484,6832
8485,7907
8486,5772
8487,8209
8488,4509
8489,6223
8490,4431
8491,5475
8492,3389
8493,1512
8494,8375
8495,3039
8496,4990
8497,2996
8498,6368
8499,2543
8500,2088
8501,2001
8502,1893
8503,5481
8504,8842
8505,1543
8506,228
8507,9406
8508,682
8509,2751
8510,3551
8511,3236
8512,6289
8513,8993
8514,7853
8515,4322
8516,3791
8517,6939
8518,8722
8519,1438
8520,3660
8521,2456
8522,5869
8523,8070
8524,9092
8525,2994
8526,9734
8527,2089
8528,8109
8529,2828
8530,2494
8531,5826
8532,8713
8533,5863
8534,5914
8535,3411
8536,8658
8537,4895
8538,7191
8539,1294
8540,9279
8541,6802
8542,4336
8543,9069
8544,9087
8545,9767
8546,6587
8547,9465
8548,1776
8549,937
8550,7581
8551,8216
8552,1627
8553,8251
8554,579
8555,5202
8556,4964
8557,9483
8558,4279
8559,8874
8560,5587
8561,7972
8562,6092
8563,6171
8564,804
8565,3553
8566,7891
8567,6579
8568,4149
8569,9473
8570,7190
8571,9599
8572,7382
8573,4535
8574,1344
8575,3480
8576,6968
8577,2950
8578,1941
8579,8878
8580,2897
8581,6800
8582,4602
8583,4526
8584,5448
8585,1340
8586,4174
8587,7693
8588,9070
8589,8589
8590,6593
8591,5277
8592,1506
8593,804
8594,7887
8595,2957
8596,6295
8597,6830
8598,2989
8599,4596
8600,6701
8601,9109
8602,5572
8603,9818
8604,2569
8605,6790
8606,9911
8607,8213
8608,2231
8609,4582
8610,8342
8611,5984
8612,9777
8613,4384
8614,8663
8615,9875
8616,8405
8617,5159
8618,5588
8619,5112
8620,7786
8621,1871
8622,1438
8623,6265
8624,760
8625,8172
8626,9501
8627,8154
8628,215
8629,2122
8630,4561
8631,6790
8632,3323
8633,2815
8634,7560
8635,150
8636,5633
8637,9012
8638,9679
8639,4565
8640,2953
8641,6658
8642,8884
8643,7260
8644,6449
8645,9000
8646,4603
8647,8502
8648,1427
8649,5637
8650,8598
8651,9357
8652,2184
8653,3928
8654,291
8655,8463
8656,6989
8657,9957
8658,4434
8659,3250
8660,105
8661,987
8662,828
8663,7399
8664,6001
8665,1923
8666,4725
8667,191
8668,8940
8669,6513
8670,3814
8671,4249
8672,7772
8673,8038
8674,5669
8675,6503
8676,7956
8677,4539
8678,8006
8679,1114
8680,3920
8681,6747
8682,1251
8683,7357
8684,6739
8685,984
8686,9161
8687,949
8688,6268
8689,9336
8690,268
8691,4986
8692,2558
8693,8728
8694,1073
8695,147
8696,929
8697,2978
8698,8969
8699,2789
8700,8428
8701,6111
8702,5419
8703,6982
8704,6002
8705,4800
8706,9196
8707,3000
8708,3619
8709,8363
8710,4801
8711,8591
8712,2966
8713,8770
8714,8117
8715,1563
8716,7288
8717,5101
8718,4012
8719,5136
8720,8137
8721,6757
8722,2592
8723,3753
8724,8825
8725,1656
8726,7499
8727,8729
8728,5392
8729,7341
8730,9176
8731,1481
8732,162
8733,3119
8734,9397
8735,5441
8736,2578
8737,2740
8738,1628
8739,3481
8740,3976
8741,867
8742,5770
8743,8725
8744,6196
8745,9788
8746,6106
8747,3130
8748,2354
8749,5300
8750,2366
8751,3531
8752,4215
8753,1892
8754,1762
8755,2725
8756,2293
8757,1483
8758,8747
8759,7952
8760,2382
8761,1253
8762,1709
8763,7044
8764,5503
8765,823
8766,4514
8767,9114
8768,5704
8769,3791
8770,3716
8771,9696
8772,2418
8773,5047
8774,7513
8775,7877
8776,6219
8777,5904
8778,4315
8779,9948
8780,2904
8781,2083
8782,5663
8783,8473
8784,1908
8785,6253
8786,1744
8787,3052
8788,7944
8789,7665
8790,8610
8791,202
8792,9908
8793,4377
8794,5714
8795,9680
8796,3798
8797,6934
8798,5982
8799,3812
8800,9598
8801,7685
8802,2963
8803,2053
8804,5128
8805,6381
8806,1385
8807,4446
8808,5242
8809,2915
8810,3857
8811,6629
8812,2567
8813,9268
8814,4679
8815,2694
8816,2223
8817,658
8818,570
8819,3388
8820,7588
8821,8668
8822,8708
8823,2791
8824,4470
8825,4430
8826,1570
8827,4407
8828,759
8829,5713
8830,9916
8831,2413
8832,7546
8833,5089
8834,4055
8835,4624
8836,1422
8837,9991
8838,1698
8839,8405
8840,6150
8841,3485
8842,8676
8843,5899
8844,911
8845,2871
8846,5885
8847,676
8848,2204
8849,3777
8850,8467
8851,1723
8852,641
8853,673
8854,8175
8855,1639
8856,626
8857,7983
8858,4504
8859,1300
8860,2589
8861,366
8862,5881
8863,8386
8864,1393
8865,5312
8866,7920
8867,5124
8868,861
8869,6476
8870,6196
8871,5078
8872,9113
8873,1846
8874,6534
8875,5446
8876,9071
8877,694
8878,2788
8879,1369
8880,9876
8881,8236
8882,2884
8883,571
8884,3470
8885,8818
8886,8440
8887,1555
8888,6520
8889,9992
8890,5667
8891,1610
8892,2825
8893,5453
8894,4430
8895,7654
8896,8215
8897,4342
8898,4559
8899,3756
8900,8911
8901,8874
8902,1566
8903,2432
8904,9946
8905,7541
8906,8561
8907,4207
8908,4968
8909,8127
8910,5294
8911,9066
8912,4974
8913,3739
8914,9754
8915,5466
8916,2738
8917,7461
8918,1647
8919,8823
8920,8697
8921,1712
8922,4534
8923,6934
8924,1322
8925,5699
8926,3712
8927,6492
8928,6423
8929,4135
8930,5614
8931,1131
8932,1885
8933,7947
8934,5354
8935,4696
8936,1206
8937,3720
8938,2592
8939,2239
8940,3761
8941,171
8942,3397
8943,5567
8944,4866
8945,4943
8946,3165
8947,1658
8948,9948
8949,5839
8950,2587
8951,641
8952,902
8953,1224
8954,396
8955,707
8956,1361
8957,3669
8958,6277
8959,5846
8960,6166
8961,5366
8962,1326
8963,4597
8964,2479
8965,2536
8966,7851
8967,5913
8968,423
8969,396
8970,9136
8971,5789
8972,514
8973,6552
8974,4062
8975,5047
8976,2295
8977,8463
8978,9662
8979,2906
8980,638
8981,8017
8982,6347
8983,5399
8984,9022
8985,6339
8986,7619
8987,9348
8988,1268
8989,3288
8990,9713
8991,1295
8992,9888
8993,3107
8994,1334
8995,9855
8996,548
8997,5096
8998,2407
8999,6883
9000,5379
9001,9678
9002,6528
9003,1376
9004,8685
9005,4677
9006,9545
9007,6648
9008,1466
9009,9522
9010,2079
9011,3064
9012,757
9013,6105
9014,2315
9015,9107
9016,7822
9017,2525
9018,2706
9019,4411
9020,7276
9021,9345
9022,6469
9023,6335
9024,2568
9025,6170
9026,8911
9027,1517
9028,9167
9029,8651
9030,9373
9031,404
9032,8416
9033,5428
9034,988
9035,7601
9036,9406
9037,6789
9038,853
9039,2593
9040,5655
9041,1165
9042,5313
9043,3486
9044,5739
9045,200
9046,5453
9047,2546
9048,5496
9049,5846
9050,5544
9051,8092
9052,618
9053,4937
9054,8957
9055,1082
9056,2959
9057,2650
9058,6020
9059,2731
9060,1778
9061,4995
9062,722
9063,2619
9064,221
9065,2780
9066,7555
9067,417
9068,3474
9069,7291
9070,8384
9071,5253
9072,3947
9073,1972
9074,9773
9075,3353
9076,933
9077,2143
9078,7847
9079,7800
9080,7245
9081,6314
9082,3843
9083,8459
9084,2007
9085,6068
9086,8703
9087,6160
9088,9657
9089,4852
9090,2293
9091,7838
9092,5879
9093,2378
9094,989
9095,7095
9096,4113
9097,1010
9098,5148
9099,6576
9100,9911
9101,9042
9102,3616
9103,3544
9104,2132
9105,5030
9106,2708
9107,4367
9108,6596
9109,6618
9110,5987
9111,1545
9112,5402
9113,6882
9114,3306
9115,8528
9116,5635
9117,7116
9118,1086
9119,5024
9120,4442
9121,9122
9122,7103
9123,3939
9124,8549
9125,1017
9126,4990
9127,2602
9128,7609
9129,8801
9130,3386
9131,2135
9132,382
9133,5389
9134,1640
9135,5072
9136,6273
9137,903
9138,6051
9139,5703
9140,5304
9141,821
9142,5745
9143,1969
9144,3438
9145,2126
9146,585
9147,1344
9148,4005
9149,6976
9150,1292
9151,7058
9152,6149
9153,5114
9154,1205
9155,5819
9156,4414
9157,9448
9158,6119
9159,1985
9160,2233
9161,7091
9162,9430
9163,7284
9164,5373
9165,7931
9166,6745
9167,528
9168,1106
9169,2670
9170,8341
9171,2745
9172,3181
9173,8904
9174,1455
9175,712
9176,9827
9177,8730
9178,8494
9179,7030
9180,4695
9181,797
9182,8622
9183,4807
9184,6177
9185,9873
9186,9470
9187,5418
9188,8544
9189,615
9190,5697
9191,1179
9192,8226
9193,9431
9194,8582
9195,8013
9196,9520
9197,336
9198,5530
9199,972
9200,5717
9201,607
9202,7065
9203,9487
9204,1182
9205,7044
9206,7314
9207,7761
9208,9199
9209,7701
9210,2242
9211,4200
9212,4459
9213,5950
9214,4498
9215,7501
9216,1867
9217,1639
9218,3794
9219,5016
9220,1424
9221,5356
9222,1483
9223,5381
9224,8772
9225,9179
9226,7530
9227,9065
9228,6149
9229,411
9230,8380
9231,5822
9232,8605
9233,5548
9234,3159
9235,9230
9236,9482
9237,6330
9238,2452
9239,9229
9240,5958
9241,1205
9242,4414
9243,5963
9244,864
9245,7058
9246,7305
9247,9282
9248,6202
9249,2685
9250,9388
9251,9883
9252,1240
9253,2526
9254,1949
9255,7710
9256,9040
9257,8373
9258,4219
9259,9086
9260,1823
9261,7022
9262,5789
9263,3064
9264,6291
9265,8733
9266,2653
9267,8232
9268,2445
9269,2674
9270,6986
9271,7249
9272,8218
9273,9725
9274,7926
9275,107
9276,7238
9277,8101
9278,5641
9279,3144
9280,5960
9281,9007
9282,1655
9283,4328
9284,9644
9285,575
9286,2778
9287,4020
9288,5905
9289,2915
9290,3586
9291,6424
9292,3096
9293,420
9294,7736
9295,1785
9296,3778
9297,5793
9298,3506
9299,2143
9300,999
9301,2612
9302,8201
9303,8532
9304,7558
9305,6575
9306,9922
9307,1192
9308,2700
9309,2383
9310,2905
9311,5929
9312,6337
9313,5922
9314,496
9315,1816
9316,7638
9317,144
9318,8973
9319,8464
9320,9519
9321,5533
9322,405
9323,7862
9324,1476
9325,538
9326,8954
9327,1500
9328,2696
9329,827
9330,3795
9331,2751
9332,3622
9333,881
9334,9461
9335,3243
9336,5998
9337,9303
9338,7407
9339,8797
9340,3515
9341,7333
9342,926
9343,6895
9344,1360
9345,1349
9346,9970
9347,408
9348,6442
9349,9430
9350,2540
9351,2809
9352,6418
9353,4806
9354,7129
9355,103
9356,9750
9357,5488
9358,4093
9359,4191
9360,5757
9361,114
9362,6544
9363,1317
9364,7714
9365,8963
9366,2903
9367,7638
9368,9154
9369,1177
9370,6465
9371,8704
9372,7229
9373,2712
9374,960
9375,9821
9376,4236
9377,6406
9378,9572
9379,8715
9380,5108
9381,6299
9382,4557
9383,9718
9384,5004
9385,3598
9386,6749
9387,4926
9388,4300
9389,7849
9390,8736
9391,8920
9392,2084
9393,4461
9394,3973
9395,6400
9396,821
9397,9992
9398,860
9399,4846
9400,1719
9401,9420
9402,9205
9403,7178
9404,2279
9405,8124
9406,863
9407,5029
9408,9083
9409,5030
9410,6560
9411,6011
9412,8179
9413,1382
9414,2861
9415,8953
9416,8020
9417,9184
9418,1974
9419,8572
9420,7942
9421,4226
9422,5944
9423,2805
9424,1715
9425,3674
9426,1462
9427,4966
9428,7651
9429,9865
9430,2931
9431,8408
9432,355
9433,9653
9434,1652
9435,1722
9436,5637
9437,286
9438,8795
9439,2158
9440,7319
9441,289
9442,3180
9443,6764
9444,6722
9445,9963
9446,2888
9447,9157
9448,4872
9449,850
9450,9950
9451,961
9452,2328
9453,119
9454,624
9455,3160
9456,5492
9457,2166
9458,4544
9459,9661
9460,4973
9461,9316
9462,9534
9463,5102
9464,1597
9465,5755
9466,6644
9467,9082
9468,7163
9469,4680
9470,7180
9471,915
9472,4925
9473,1975
9474,4531
9475,8310
9476,6127
9477,1979
9478,5812
9479,3804
9480,119
9481,4867
9482,3888
9483,7493
9484,9471
9485,4009
9486,716
9487,3911
9488,4444
9489,6012
9490,5323
9491,6260
9492,3474
9493,8114
9494,4612
9495,863
9496,4156
9497,5816
9498,989
9499,8623
9500,1379
9501,7807
9502,3174
9503,1606
9504,2314
9505,5994
9506,9924
9507,5544
9508,5343
9509,2547
9510,5859
9511,7671
9512,5951
9513,192
9514,712
9515,7045
9516,2073
9517,4773
9518,375
9519,6602
9520,3319
9521,4818
9522,3639
9523,2169
9524,4764
9525,3871
9526,4209
9527,7830
9528,8117
9529,8365
9530,7320
9531,8583
9532,756
9533,6305
9534,8688
9535,1391
9536,7834
9537,8337
9538,4971
9539,5903
9540,1466
9541,3297
9542,7985
9543,9535
9544,2579
9545,537
9546,3582
9547,1587
9548,8806
9549,5548
9550,7395
9551,1109
9552,6745
9553,7774
9554,1595
9555,283
9556,1695
9557,1796
9558,7291
9559,1598
9560,6010
9561,8542
9562,2894
9563,6582
9564,1675
9565,4105
9566,5356
9567,3994
9568,3982
9569,7839
9570,1745
9571,5980
9572,6806
9573,2250
9574,4341
9575,7470
9576,2303
9577,8705
9578,7447
9579,7301
9580,5658
9581,3345
9582,5571
9583,9959
9584,459
9585,5870
9586,1000
9587,1911
9588,6923
9589,4254
9590,6465
9591,9859
9592,3433
9593,5795
9594,4500
9595,7118
9596,1240
9597,1451
9598,5367
9599,2621
9600,7580
9601,9737
9602,2471
9603,9728
9604,3016
9605,7824
9606,8776
9607,1685
9608,7696
9609,7178
9610,3769
9611,7733
9612,269
9613,4870
9614,555
9615,3875
9616,2261
9617,7696
9618,6004
9619,9786
9620,3820
9621,6507
9622,9521
9623,3159
9624,719
9625,4439
9626,9609
9627,5689
9628,7973
9629,2393
9630,8779
9631,9006
9632,1724
9633,4294
9634,1509
9635,4036
9636,2555
9637,3825
9638,8112
9639,739
9640,3513
9641,2497
9642,528
9643,9544
9644,7425
9645,7343
9646,106
9647,4954
9648,1879
9649,7425
9650,4694
9651,4617
9652,5025
9653,9171
9654,4259
9655,5143
9656,1015
9657,7289
9658,4578
9659,4714
9660,1423
9661,1037
9662,8017
9663,8803
9664,5971
9665,5267
9666,555
9667,9540
9668,9057
9669,3060
9670,6834
9671,8872
9672,9343
9673,7791
9674,3963
9675,6175
9676,8501
9677,4187
9678,886
9679,3646
9680,4116
9681,6031
9682,1689
9683,3798
9684,432
9685,9877
9686,1634
9687,4826
9688,3304
9689,8521
9690,5259
9691,4278
9692,9957
9693,5975
9694,4076
9695,9031
9696,4909
9697,7511
9698,1018
9699,3437
9700,6830
9701,9460
9702,7658
9703,5844
9704,2526
9705,1755
9706,5949
9707,1049
9708,4387
9709,1333
9710,2713
9711,9145
9712,4558
9713,1640
9714,5432
9715,7982
9716,7598
9717,5459
9718,2027
9719,7479
9720,7135
9721,2560
9722,5216
9723,224
9724,8024
9725,4075
9726,7123
9727,7130
9728,4749
9729,9091
9730,899
9731,3175
9732,9079
9733,9682
9734,4836
9735,2834
9736,2452
9737,9495
9738,8250
9739,7018
9740,5250
9741,9654
9742,7895
9743,9648
9744,8609
9745,4583
9746,3731
9747,2533
9748,7802
9749,3070
9750,8421
9751,6298
9752,3098
9753,5594
9754,7282
9755,2644
9756,7099
9757,9176
9758,5410
9759,2654
9760,8773
9761,7397
9762,1207
9763,2218
9764,9230
9765,6933
9766,1687
9767,4652
9768,2672
9769,1989
9770,2773
9771,3277
9772,694
9773,4113
9774,491
9775,6846
9776,3066
9777,1369
9778,8717
9779,9737
9780,8199
9781,6994
9782,6679
9783,187
9784,7862
9785,1551
9786,9124
9787,9688
9788,9522
9789,3459
9790,3201
9791,2807
9792,618
9793,5938
9794,4110
9795,8874
9796,872
9797,3645
9798,7113
9799,1428
9800,5589
9801,6792
9802,2869
9803,1829
9804,1491
9805,6840
9806,5056
9807,8720
9808,8853
9809,9444
9810,575
9811,4044
9812,8870
9813,7337
9814,4970
9815,9671
9816,8659
9817,6695
9818,7567
9819,8808
9820,9952
9821,2971
9822,3345
9823,695
9824,9894
9825,2405
9826,4592
9827,2669
9828,3916
9829,3273
9830,113
9831,8646
9832,8902
9833,3070
9834,6017
9835,2379
9836,2683
9837,2334
9838,4317
9839,8609
9840,9841
9841,5294
9842,4751
9843,110
9844,743
9845,9064
9846,8343
9847,558
9848,8703
9849,558
9850,9081
9851,6222
9852,9966
9853,2713
9854,6306
9855,4032
9856,5924
9857,3381
9858,372
9859,5023
9860,7416
9861,1911
9862,2037
9863,9030
9864,9500
9865,7230
9866,9025
9867,5827
9868,5769
9869,2155
9870,2064
9871,9629
9872,903
9873,679
9874,1916
9875,8607
9876,8061
9877,229
9878,7490
9879,137
9880,945
9881,5662
9882,3931
9883,8020
9884,776
9885,5158
9886,6081
9887,6103
9888,7220
9889,194
9890,3426
9891,801
9892,4829
9893,2054
9894,5312
9895,8517
9896,9535
9897,9745
9898,7973
9899,7728
9900,7982
9901,2287
9902,8290
9903,5973
9904,3919
9905,5531
9906,6353
9907,9806
9908,2508
9909,8416
9910,2984
9911,276
9912,8040
9913,6140
9914,3081
9915,3565
9916,1467
9917,1930
9918,6872
9919,1506
9920,4158
9921,2092
9922,9789
9923,847
9924,9718
9925,2291
9926,158
9927,6932
9928,844
9929,2970
9930,8878
9931,8855
9932,2555
9933,7500
9934,7689
9935,6157
9936,5939
9937,8442
9938,1649
9939,9058
9940,8520
9941,7955
9942,9338
9943,6049
9944,7975
9945,919
9946,5767
9947,8891
9948,3585
9949,3596
9950,8102
9951,6780
9952,1129
9953,1635
9954,196
9955,1885
9956,4874
9957,8358
9958,8886
9959,3122
9960,5323
9961,2402
9962,4509
9963,9507
9964,8405
9965,8554
9966,1717
9967,2604
9968,4012
9969,3216
9970,3126
9971,5016
9972,4409
9973,4809
9974,1533
9975,9171
9976,9099
9977,4761
9978,5747
9979,8023
9980,8460
9981,1699
9982,3493
9983,1248
9984,2583
9985,333
9986,7215
9987,5872
9988,7780
9989,769
9990,8780
9991,6865
9992,5483
9993,498
9994,2391
9995,5575
9996,1460
9997,1416
9998,3791
9999,474
10000,8079
10001,9325
10002,665
10003,4646
10004,1985
10005,3176
10006,2303
10007,5855
10008,2004
10009,6799
10010,702
10011,8709
10012,552
10013,9083
10014,7566
10015,1275
10016,9104
10017,5116
10018,1367
10019,5761
10020,3858
10021,9331
10022,9412
10023,9187
10024,2350
10025,6559
10026,9572
10027,9243
10028,9432
10029,6932
10030,7611
10031,6778
10032,3567
10033,1555
10034,8568
10035,2660
10036,6084
10037,3344
10038,5484
10039,5131
10040,3981
10041,6597
10042,7133
10043,2605
10044,6859
10045,1766
10046,5428
10047,8377
10048,9590
10049,5866
10050,3169
10051,1704
10052,9083
10053,7662
10054,1027
10055,1530
10056,9082
10057,7079
10058,343
10059,3181
10060,3094
10061,1747
10062,1054
10063,9138
10064,9530
10065,5047
10066,3753
10067,8131
10068,7933
10069,7108
10070,5944
10071,2973
10072,9767
10073,1321
10074,3938
10075,663
10076,2413
10077,4131
10078,7052
10079,5126
10080,8099
10081,5772
10082,2620
10083,7305
10084,4206
10085,2941
10086,4631
10087,9321
10088,5131
10089,4103
10090,7994
10091,3366
10092,6548
10093,4241
10094,5710
10095,6631
10096,1523
10097,509
10098,2844
10099,6929
10100,2686
10101,6619
10102,6435
10103,9823
10104,3380
10105,9149
10106,6617
10107,6212
10108,9960
10109,4688
10110,3544
10111,1912
10112,9391
10113,5614
10114,7213
10115,2399
10116,8158
10117,6849
10118,4989
10119,8194
10120,9308
10121,197
10122,4979
10123,2540
10124,8035
10125,1871
10126,2797
10127,4655
10128,6019
10129,8214
10130,6824
10131,8328
10132,8671
10133,2792
10134,7828
10135,8616
10136,6758
10137,9563
10138,9599
10139,5608
10140,9910
10141,1822
10142,7657
10143,8935
10144,1262
10145,9685
10146,9940
10147,8051
10148,9367
10149,6684
10150,8977
10151,3924
10152,8704
10153,887
10154,380
10155,8266
10156,783
10157,4865
10158,8105
10159,9418
10160,9275
10161,3053
10162,982
10163,9525
10164,3574
10165,3419
10166,3922
10167,3276
10168,9887
10169,2146
10170,1155
10171,4134
10172,5777
10173,3002
10174,8389
10175,7220
10176,8463
10177,2468
10178,1481
10179,3719
10180,3616
10181,8970
10182,1320
10183,9734
10184,8140
10185,2856
10186,5881
10187,3034
10188,140
10189,1656
10190,7490
10191,4139
10192,1395
10193,4692
10194,7203
10195,7775
10196,8509
10197,9837
10198,5054
10199,3557
10200,2955
10201,9933
10202,2010
10203,6571
10204,7378
10205,4307
10206,1440
10207,5385
10208,4861
10209,5045
10210,112
10211,6442
10212,4479
10213,8965
10214,2853
10215,5157
10216,7876
10217,8893
10218,4593
10219,1413
10220,1094
10221,4556
10222,5210
10223,8365
10224,5676
10225,6009
10226,6961
10227,3941
10228,8827
10229,3301
10230,4182
10231,1530
10232,165
10233,7743
10234,8352
10235,341
10236,2969
10237,6215
10238,5418
10239,1913
10240,7918
10241,1472
10242,1369
10243,2224
10244,3296
10245,552
10246,3215
10247,9874
10248,5716
10249,9917
10250,6281
10251,222
10252,3171
10253,9616
10254,4425
10255,8785
10256,1917
10257,4652
10258,3801
10259,4006
10260,1077
10261,2625
10262,7101
10263,6325
10264,7008
10265,6533
10266,7664
10267,3659
10268,6791
10269,5927
10270,2155
10271,3699
10272,4828
10273,5354
10274,2955
10275,1236
10276,9352
10277,5633
10278,9305
10279,7733
10280,4587
10281,1660
10282,4574
10283,7406
10284,1275
10285,5901
10286,3703
10287,3062
10288,3038
10289,5388
10290,1492
10291,8416
10292,3529
10293,1073
10294,2746
10295,5966
10296,9908
10297,9088
10298,393
10299,8121
10300,414
10301,3052
10302,1961
10303,9576
10304,1808
10305,9802
10306,2245
10307,5990
10308,3605
10309,4517
10310,1969
10311,877
10312,2162
10313,4965
10314,3568
10315,5999
10316,5424
10317,664
10318,943
10319,5394
10320,4790
10321,6777
10322,6903
10323,3529
10324,4595
10325,7547
10326,9399
10327,8684
10328,8822
10329,1915
10330,8377
10331,4313
10332,4293
10333,4752
10334,7994
10335,8775
10336,4585
10337,3793
10338,8495
10339,9655
10340,8729
10341,6408
10342,9642
10343,7014
10344,8465
10345,144
10346,4171
10347,8648
10348,3853
10349,4904
10350,2600
10351,6450
10352,6856
10353,4468
10354,7577
10355,1075
10356,5415
10357,6986
10358,329
10359,740
10360,6895
10361,5449
10362,2072
10363,5187
10364,9067
10365,7388
10366,8525
10367,5839
10368,1731
10369,3422
10370,8954
10371,6031
10372,8385
10373,3136
10374,4336
10375,3417
10376,7706
10377,3831
10378,1626
10379,6853
10380,9786
10381,2299
10382,1156
10383,8210
10384,4470
10385,8663
10386,8824
10387,492
10388,4655
10389,1902
10390,3138
10391,8326
10392,9229
10393,2049
10394,7830
10395,1745
10396,2944
10397,9091
10398,6066
10399,2268
10400,7156
10401,9947
10402,6642
10403,850
10404,4355
10405,7124
10406,7880
10407,3385
10408,9481
10409,4927
10410,7626
10411,8722
10412,6578
10413,4419
10414,5936
10415,5487
10416,6534
10417,7179
10418,8834
10419,3971
10420,5458
10421,1241
10422,9246
10423,2809
10424,5115
10425,7582
10426,8462
10427,4486
10428,9922
10429,1932
10430,5046
10431,7490
10432,4061
10433,6428
10434,8508
10435,1092
10436,7555
10437,4764
10438,8197
10439,4437
10440,4449
10441,9774
10442,2107
10443,9864
10444,8432
10445,9128
10446,6315
10447,7036
10448,5067
10449,6046
10450,5524
10451,4647
10452,4132
10453,8642
10454,8498
10455,534
10456,9820
10457,5897
10458,5453
10459,5717
10460,6631
10461,9432
10462,6839
10463,1917
10464,4424
10465,4857
10466,8190
10467,1644
10468,2496
10469,6264
10470,8217
10471,7670
10472,1558
10473,4696
10474,8674
